사고번호,사고일시,요일,시군구,사고내용,사망자수,중상자수,경상자수,부상신고자수,사고유형,법규위반,노면상태,기상상태,도로형태,가해운전자 차종,가해운전자 성별,가해운전자 연령,가해운전자 상해정도,피해운전자 차종,피해운전자 성별,피해운전자 연령,피해운전자 상해정도
2023011300100484,2023년 1월 13일 19시,금요일,충청남도 천안시 서북구 백석동,경상사고,0,0,1,0,차대사람 - 횡단중,신호위반,건조,맑음,교차로 - 교차로안,이륜,남,18세,상해없음,보행자,여,37세,경상
2023011300100510,2023년 1월 13일 20시,금요일,충청남도 서산시 음암면,사망사고,1,0,0,0,차대차 - 추돌,안전운전불이행,젖음/습기,비,단일로 - 기타,화물,남,50세,상해없음,화물,남,51세,상해없음
2023011300100511,2023년 1월 13일 20시,금요일,충청남도 천안시 서북구 불당동,경상사고,0,0,3,0,차대차 - 기타,신호위반,젖음/습기,흐림,교차로 - 교차로안,승용,여,67세,상해없음,승용,남,60세,경상
2023011400100070,2023년 1월 14일 07시,토요일,충청남도 천안시 서북구 쌍용동,경상사고,0,0,2,0,차대차 - 측면충돌,교차로운행방법위반,건조,맑음,교차로 - 교차로안,화물,남,58세,경상,승용,남,45세,경상
2023011400100086,2023년 1월 14일 08시,토요일,충청남도 아산시 음봉면,경상사고,0,0,1,0,차대차 - 추돌,안전운전불이행,젖음/습기,맑음,단일로 - 기타,승용,남,33세,상해없음,승용,남,23세,경상
2023011400100137,2023년 1월 14일 11시,토요일,충청남도 금산군 금산읍,경상사고,0,0,1,0,차대사람 - 기타,안전운전불이행,건조,기타,교차로 - 교차로횡단보도내,승용,여,63세,상해없음,보행자,여,72세,경상
2023011400100163,2023년 1월 14일 12시,토요일,충청남도 아산시 온천동,중상사고,0,1,0,0,차대사람 - 횡단중,안전운전불이행,젖음/습기,비,단일로 - 기타,승용,남,45세,상해없음,보행자,여,75세,중상
2023011400100195,2023년 1월 14일 13시,토요일,충청남도 예산군 응봉면,중상사고,0,1,0,0,차대차 - 측면충돌,신호위반,젖음/습기,맑음,교차로 - 교차로안,원동기,남,64세,중상,승용,남,28세,상해없음
2023011400100196,2023년 1월 14일 13시,토요일,충청남도 금산군 추부면,경상사고,0,0,1,0,차대차 - 측면충돌,안전운전불이행,젖음/습기,비,교차로 - 교차로안,승용,남,63세,상해없음,사륜오토바이(ATV),남,73세,경상
2023011400100197,2023년 1월 14일 13시,토요일,충청남도 공주시 이인면,경상사고,0,0,1,0,차대차 - 기타,안전운전불이행,건조,맑음,단일로 - 기타,승용,남,26세,상해없음,승용,여,38세,경상
2023011400100222,2023년 1월 14일 14시,토요일,충청남도 보령시 대천동,경상사고,0,0,2,0,차대차 - 측면충돌,중앙선침범,건조,맑음,단일로 - 기타,화물,남,54세,상해없음,승용,여,65세,경상
2023011400100250,2023년 1월 14일 15시,토요일,충청남도 홍성군 홍동면,경상사고,0,0,1,0,차대차 - 정면충돌,신호위반,건조,맑음,교차로 - 교차로안,승용,남,53세,상해없음,승용,남,59세,경상
2023011400100251,2023년 1월 14일 15시,토요일,충청남도 공주시 우성면,중상사고,0,1,0,0,차대차 - 측면충돌,신호위반,건조,맑음,단일로 - 교량,승용,여,64세,상해없음,승용,여,61세,중상
2023011400100304,2023년 1월 14일 17시,토요일,충청남도 천안시 서북구 성정동,경상사고,0,0,1,0,차대차 - 측면충돌,교차로운행방법위반,젖음/습기,비,교차로 - 교차로안,승용,남,52세,상해없음,이륜,남,27세,경상
2023011400100305,2023년 1월 14일 17시,토요일,충청남도 논산시 채운면,중상사고,0,1,0,0,차대차 - 측면충돌,교차로운행방법위반,젖음/습기,비,교차로 - 교차로안,승용,여,31세,상해없음,승합,여,58세,중상
2023011400100306,2023년 1월 14일 17시,토요일,충청남도 천안시 동남구 봉명동,경상사고,0,0,1,0,차대차 - 기타,안전거리미확보,건조,흐림,교차로 - 교차로안,승용,남,76세,상해없음,승용,남,65세,경상
2023011400100353,2023년 1월 14일 18시,토요일,충청남도 서산시 예천동,경상사고,0,0,1,0,차대사람 - 횡단중,안전운전불이행,젖음/습기,비,단일로 - 기타,승합,남,44세,상해없음,보행자,여,25세,경상
2023011400100354,2023년 1월 14일 18시,토요일,충청남도 천안시 서북구 성정동,경상사고,0,0,1,0,차대차 - 추돌,안전운전불이행,젖음/습기,비,단일로 - 기타,승용,남,69세,상해없음,승용,여,27세,경상
2023011400100355,2023년 1월 14일 18시,토요일,충청남도 아산시 음봉면,중상사고,0,2,0,0,차대차 - 측면충돌,기타,젖음/습기,비,교차로 - 교차로부근,승용,남,53세,상해없음,승용,남,62세,중상
2023011400100356,2023년 1월 14일 18시,토요일,충청남도 공주시 신관동,중상사고,0,1,0,0,차대사람 - 차도통행중,안전운전불이행,젖음/습기,비,단일로 - 기타,승합,남,63세,기타불명,보행자,남,67세,중상
2023011400100357,2023년 1월 14일 18시,토요일,충청남도 당진시 읍내동,경상사고,0,0,2,0,차대차 - 기타,안전운전불이행,젖음/습기,비,교차로 - 교차로안,승용,남,38세,경상,승용,남,48세,경상
2023011400100432,2023년 1월 14일 20시,토요일,충청남도 보령시 주산면,중상사고,0,1,0,0,차대차 - 추돌,안전운전불이행,건조,맑음,단일로 - 교량,화물,남,47세,상해없음,원동기,남,51세,중상
2023011400100433,2023년 1월 14일 20시,토요일,충청남도 부여군 은산면,중상사고,0,1,1,0,차대차 - 기타,신호위반,젖음/습기,비,교차로 - 교차로안,승용,남,67세,중상,승용,남,56세,경상
2023011400100454,2023년 1월 14일 21시,토요일,충청남도 당진시 신평면,경상사고,0,0,1,0,차대차 - 기타,안전거리미확보,젖음/습기,비,단일로 - 기타,승용,남,37세,상해없음,화물,남,64세,경상
2023011400100498,2023년 1월 14일 23시,토요일,충청남도 공주시 신관동,경상사고,0,0,1,0,차대사람 - 기타,안전운전불이행,젖음/습기,비,단일로 - 기타,승용,남,29세,상해없음,보행자,남,38세,경상
2023011500100104,2023년 1월 15일 10시,일요일,충청남도 천안시 서북구 불당동,경상사고,0,0,1,0,차대사람 - 기타,안전운전불이행,건조,맑음,단일로 - 기타,승용,여,52세,상해없음,보행자,남,36세,경상
2023011500100138,2023년 1월 15일 12시,일요일,충청남도 서산시 읍내동,경상사고,0,0,1,0,차대차 - 후진중충돌,안전운전불이행,건조,맑음,교차로 - 교차로부근,승용,남,40세,상해없음,이륜,남,35세,경상
2023011500100160,2023년 1월 15일 13시,일요일,충청남도 아산시 탕정면,경상사고,0,0,1,0,차대차 - 기타,안전거리미확보,건조,맑음,교차로 - 교차로부근,화물,남,57세,상해없음,승용,남,37세,경상
2023011500100256,2023년 1월 15일 18시,일요일,충청남도 천안시 서북구 성환읍,중상사고,0,1,0,0,차대사람 - 차도통행중,안전운전불이행,젖음/습기,비,단일로 - 기타,화물,남,66세,상해없음,보행자,남,72세,중상
2023011500100257,2023년 1월 15일 18시,일요일,충청남도 홍성군 홍성읍,중상사고,0,1,3,0,차대차 - 추돌,안전운전불이행,건조,맑음,교차로 - 교차로부근,화물,남,53세,중상,화물,남,33세,경상
2023011500100258,2023년 1월 15일 18시,일요일,충청남도 금산군 추부면,중상사고,0,1,0,0,차대사람 - 횡단중,안전운전불이행,건조,맑음,단일로 - 기타,승용,남,58세,상해없음,보행자,남,46세,중상
2023011500100285,2023년 1월 15일 19시,일요일,충청남도 아산시 배방읍,경상사고,0,0,2,0,차대차 - 측면충돌,교차로운행방법위반,건조,맑음,교차로 - 교차로부근,승용,남,55세,상해없음,승용,남,52세,상해없음
2023011500100286,2023년 1월 15일 19시,일요일,충청남도 아산시 풍기동,중상사고,0,3,0,0,차대차 - 기타,안전운전불이행,건조,맑음,단일로 - 기타,승용,남,30세,중상,승용,남,32세,중상
2023011600100012,2023년 1월 16일 01시,월요일,충청남도 천안시 서북구 성성동,부상신고사고,0,0,0,1,차량단독 - 공작물충돌,안전운전불이행,서리/결빙,흐림,교차로 - 교차로안,승용,여,25세,부상신고,,,,
2023011600100023,2023년 1월 16일 03시,월요일,충청남도 천안시 서북구 쌍용동,경상사고,0,0,1,0,차대차 - 추돌,안전운전불이행,젖음/습기,눈,교차로 - 교차로부근,승용,여,58세,상해없음,승용,여,37세,경상
2023011600100065,2023년 1월 16일 07시,월요일,충청남도 서산시 석림동,중상사고,0,2,0,0,차대차 - 기타,신호위반,건조,맑음,교차로 - 교차로안,승용,여,61세,상해없음,화물,남,63세,중상
2023011600100066,2023년 1월 16일 07시,월요일,충청남도 천안시 서북구 두정동,중상사고,0,1,0,0,차대사람 - 횡단중,안전운전불이행,서리/결빙,흐림,교차로 - 교차로안,승용,남,50세,상해없음,보행자,남,31세,중상
2023011600100067,2023년 1월 16일 07시,월요일,충청남도 아산시 염치읍,경상사고,0,0,1,0,차대차 - 추돌,안전운전불이행,건조,맑음,교차로 - 교차로부근,승용,남,41세,상해없음,승용,남,41세,경상
2023011600100097,2023년 1월 16일 08시,월요일,충청남도 아산시 둔포면,경상사고,0,0,2,0,차대차 - 기타,안전거리미확보,건조,맑음,단일로 - 기타,화물,남,60세,상해없음,승용,남,25세,경상
2023011600100098,2023년 1월 16일 08시,월요일,충청남도 아산시 권곡동,경상사고,0,0,2,0,차대차 - 측면충돌,안전거리미확보,건조,맑음,교차로 - 교차로부근,화물,남,65세,상해없음,승용,남,25세,경상
2023011600100099,2023년 1월 16일 08시,월요일,충청남도 아산시 둔포면,경상사고,0,0,2,0,차대차 - 기타,차로위반,건조,맑음,단일로 - 기타,승용,남,37세,경상,승용,여,60세,경상
2023011600100100,2023년 1월 16일 08시,월요일,충청남도 아산시 권곡동,경상사고,0,0,1,0,차대차 - 측면충돌,안전운전불이행,건조,맑음,교차로 - 교차로부근,승용,남,71세,상해없음,승용,남,54세,경상
2023011600100101,2023년 1월 16일 08시,월요일,충청남도 아산시 배방읍,경상사고,0,0,3,0,차대차 - 기타,기타,서리/결빙,맑음,교차로 - 교차로안,승용,여,40세,경상,승용,여,30세,경상
2023011600100121,2023년 1월 16일 09시,월요일,충청남도 보령시 죽정동,중상사고,0,1,0,0,차대차 - 측면충돌,안전운전불이행,건조,맑음,교차로 - 교차로안,건설기계,남,56세,상해없음,승용,여,66세,중상
2023011600100152,2023년 1월 16일 10시,월요일,충청남도 금산군 금산읍,경상사고,0,0,1,0,차대사람 - 기타,안전운전불이행,건조,맑음,단일로 - 기타,승용,남,40세,상해없음,보행자,남,71세,경상
2023011600100182,2023년 1월 16일 11시,월요일,충청남도 아산시 탕정면,경상사고,0,0,5,0,차대차 - 추돌,안전운전불이행,건조,맑음,교차로 - 교차로부근,승용,여,52세,상해없음,승용,남,67세,경상
2023011600100242,2023년 1월 16일 13시,월요일,충청남도 공주시 산성동,경상사고,0,0,1,0,차대사람 - 차도통행중,안전운전불이행,건조,맑음,교차로 - 교차로안,승용,남,44세,상해없음,보행자,남,61세,경상
2023011600100243,2023년 1월 16일 13시,월요일,충청남도 천안시 동남구 목천읍,경상사고,0,0,3,0,차대차 - 추돌,안전운전불이행,건조,맑음,단일로 - 기타,승용,남,29세,상해없음,승합,남,47세,경상
2023011600100271,2023년 1월 16일 14시,월요일,충청남도 천안시 서북구 쌍용동,사망사고,1,0,0,0,차대사람 - 기타,안전운전불이행,건조,맑음,교차로 - 교차로부근,승용,남,71세,상해없음,보행자,남,59세,사망
2023011600100272,2023년 1월 16일 14시,월요일,충청남도 당진시 수청동,경상사고,0,0,1,0,차대차 - 측면충돌,신호위반,건조,맑음,교차로 - 교차로안,승용,남,66세,상해없음,승용,남,34세,경상
2023011600100305,2023년 1월 16일 15시,월요일,충청남도 천안시 동남구 대흥동,중상사고,0,1,0,0,차대사람 - 횡단중,안전운전불이행,건조,맑음,교차로 - 교차로안,승용,여,63세,상해없음,보행자,남,57세,중상
2023011600100306,2023년 1월 16일 15시,월요일,충청남도 천안시 동남구 목천읍,경상사고,0,0,1,0,차대차 - 측면충돌,안전운전불이행,건조,맑음,교차로 - 교차로안,화물,남,50세,상해없음,화물,남,58세,경상
2023011600100345,2023년 1월 16일 16시,월요일,충청남도 금산군 금산읍,경상사고,0,0,1,0,차대차 - 측면충돌,중앙선침범,건조,맑음,단일로 - 기타,승용,남,59세,상해없음,승용,여,61세,경상
2023011600100384,2023년 1월 16일 17시,월요일,충청남도 아산시 풍기동,경상사고,0,0,1,0,차대사람 - 횡단중,신호위반,건조,맑음,교차로 - 교차로안,승용,여,48세,상해없음,보행자,여,10세,경상
2023011600100385,2023년 1월 16일 17시,월요일,충청남도 아산시 신창면,경상사고,0,0,2,0,차대차 - 측면충돌,안전운전불이행,건조,맑음,교차로 - 교차로안,승합,남,52세,경상,승용,남,35세,경상
2023011600100386,2023년 1월 16일 17시,월요일,충청남도 공주시 신관동,경상사고,0,0,1,0,차대차 - 측면충돌,안전운전불이행,건조,맑음,교차로 - 교차로횡단보도내,승용,여,61세,상해없음,자전거,여,45세,경상
2023011600100387,2023년 1월 16일 17시,월요일,충청남도 당진시 시곡동,중상사고,0,1,0,0,차대차 - 추돌,안전운전불이행,건조,맑음,단일로 - 기타,화물,남,51세,상해없음,승용,여,52세,중상
2023011600100388,2023년 1월 16일 17시,월요일,충청남도 천안시 동남구 신부동,경상사고,0,0,1,0,차대차 - 측면충돌,안전거리미확보,건조,맑음,교차로 - 교차로안,화물,남,38세,상해없음,승용,남,52세,경상
2023011600100427,2023년 1월 16일 18시,월요일,충청남도 천안시 서북구 성환읍,경상사고,0,0,1,0,차대차 - 기타,안전운전불이행,건조,맑음,교차로 - 교차로안,화물,남,61세,상해없음,승용,여,62세,경상
2023011600100504,2023년 1월 16일 20시,월요일,충청남도 당진시 신평면,중상사고,0,1,0,0,차대차 - 추돌,안전운전불이행,건조,맑음,단일로 - 기타,승용,남,33세,상해없음,승용,남,47세,중상
2023011600100519,2023년 1월 16일 21시,월요일,충청남도 천안시 서북구 두정동,경상사고,0,0,3,0,차대차 - 추돌,안전운전불이행,건조,맑음,교차로 - 교차로부근,승용,남,39세,상해없음,승용,남,46세,경상
2023011600100538,2023년 1월 16일 22시,월요일,충청남도 천안시 서북구 직산읍,경상사고,0,0,1,0,차대차 - 기타,신호위반,건조,맑음,교차로 - 교차로안,승용,남,44세,상해없음,승용,남,35세,경상
2023011600100551,2023년 1월 16일 23시,월요일,충청남도 논산시 부적면,중상사고,0,2,1,0,차대차 - 정면충돌,안전운전불이행,건조,맑음,교차로 - 교차로안,승용,남,45세,경상,승용,여,64세,중상
2023011700100006,2023년 1월 17일 00시,화요일,충청남도 아산시 배방읍,중상사고,0,1,0,0,차대차 - 정면충돌,신호위반,건조,맑음,교차로 - 교차로안,승용,여,58세,상해없음,승용,여,42세,중상
2023011700100007,2023년 1월 17일 00시,화요일,충청남도 아산시 도고면,중상사고,0,1,0,0,차대사람 - 차도통행중,안전운전불이행,건조,맑음,단일로 - 기타,승용,남,41세,상해없음,보행자,남,32세,중상
2023011700100035,2023년 1월 17일 06시,화요일,충청남도 천안시 서북구 쌍용동,경상사고,0,0,1,0,차대사람 - 차도통행중,안전운전불이행,건조,맑음,단일로 - 기타,화물,남,47세,상해없음,보행자,여,57세,경상
2023011700100068,2023년 1월 17일 08시,화요일,충청남도 아산시 음봉면,경상사고,0,0,1,0,차대차 - 측면충돌,안전운전불이행,건조,맑음,교차로 - 교차로안,승용,여,32세,상해없음,승용,남,43세,경상
2023011700100069,2023년 1월 17일 08시,화요일,충청남도 서천군 장항읍,경상사고,0,0,1,0,차대차 - 기타,안전운전불이행,건조,맑음,교차로 - 교차로부근,승용,여,61세,기타불명,승용,여,46세,경상
2023011700100070,2023년 1월 17일 08시,화요일,충청남도 금산군 추부면,경상사고,0,0,1,0,차대차 - 측면충돌,안전운전불이행,건조,맑음,교차로 - 교차로안,화물,남,45세,상해없음,화물,남,65세,경상
2023011700100097,2023년 1월 17일 09시,화요일,충청남도 천안시 서북구 불당동,경상사고,0,0,1,0,차대차 - 측면충돌,안전운전불이행,건조,맑음,기타 - 기타,화물,여,60세,상해없음,개인형이동수단(PM),남,24세,경상
2023011700100177,2023년 1월 17일 12시,화요일,충청남도 서산시 온석동,중상사고,0,2,0,0,차대차 - 측면충돌,차로위반,건조,맑음,단일로 - 기타,승용,남,32세,중상,승용,여,68세,중상
2023011700100178,2023년 1월 17일 12시,화요일,충청남도 논산시 내동,경상사고,0,0,1,0,차대차 - 측면충돌,안전운전불이행,건조,맑음,교차로 - 교차로안,승용,여,46세,상해없음,승용,여,30세,경상
2023011700100179,2023년 1월 17일 12시,화요일,충청남도 금산군 금산읍,경상사고,0,0,1,0,차대차 - 측면충돌,교차로운행방법위반,건조,흐림,교차로 - 교차로안,원동기,여,71세,경상,승용,여,29세,상해없음
2023011700100225,2023년 1월 17일 14시,화요일,충청남도 천안시 서북구 두정동,경상사고,0,0,1,0,차대차 - 측면충돌,안전운전불이행,건조,맑음,교차로 - 교차로부근,승용,여,64세,상해없음,승용,남,51세,경상
2023011700100226,2023년 1월 17일 14시,화요일,충청남도 서천군 서천읍,경상사고,0,0,1,0,차대사람 - 기타,보행자보호의무위반,건조,맑음,교차로 - 교차로횡단보도내,화물,남,53세,상해없음,보행자,남,61세,경상
2023011700100284,2023년 1월 17일 16시,화요일,충청남도 천안시 서북구 쌍용동,부상신고사고,0,0,0,1,차대사람 - 기타,안전운전불이행,건조,흐림,단일로 - 기타,승용,남,51세,기타불명,보행자,남,56세,부상신고
2023011700100355,2023년 1월 17일 18시,화요일,충청남도 천안시 서북구 두정동,경상사고,0,0,2,0,차대차 - 추돌,안전운전불이행,건조,맑음,단일로 - 기타,승용,남,65세,상해없음,승용,여,53세,경상
2023011700100356,2023년 1월 17일 18시,화요일,충청남도 논산시 취암동,경상사고,0,0,1,0,차대차 - 기타,기타,건조,맑음,단일로 - 기타,승용,남,54세,상해없음,원동기,남,48세,경상
2023011700100409,2023년 1월 17일 19시,화요일,충청남도 아산시 둔포면,경상사고,0,0,1,0,차대사람 - 기타,안전운전불이행,건조,맑음,단일로 - 기타,승용,여,40세,상해없음,보행자,남,26세,경상
2023011700100410,2023년 1월 17일 19시,화요일,충청남도 천안시 동남구 사직동,경상사고,0,0,2,0,차대차 - 정면충돌,안전운전불이행,건조,맑음,교차로 - 교차로안,승용,남,60세,상해없음,승용,남,45세,경상
2023011700100451,2023년 1월 17일 21시,화요일,충청남도 태안군 태안읍,경상사고,0,0,1,0,차대차 - 추돌,안전운전불이행,건조,맑음,단일로 - 기타,화물,남,79세,상해없음,승용,남,54세,경상
2023011700100479,2023년 1월 17일 23시,화요일,충청남도 아산시 권곡동,경상사고,0,0,2,0,차대차 - 추돌,안전운전불이행,건조,맑음,단일로 - 기타,승용,남,35세,상해없음,승용,남,39세,경상
2023011800100004,2023년 1월 18일 00시,수요일,충청남도 아산시 배방읍,중상사고,0,1,0,0,차대차 - 추돌,안전운전불이행,서리/결빙,눈,교차로 - 교차로부근,화물,남,47세,상해없음,승용,남,49세,중상
2023011800100027,2023년 1월 18일 04시,수요일,충청남도 보령시 동대동,경상사고,0,0,1,0,차대사람 - 기타,안전운전불이행,건조,맑음,단일로 - 기타,화물,남,34세,상해없음,보행자,여,34세,경상
2023011800100047,2023년 1월 18일 06시,수요일,충청남도 천안시 동남구 용곡동,중상사고,0,3,0,0,차대차 - 추돌,안전운전불이행,건조,맑음,단일로 - 고가도로위,화물,남,32세,중상,건설기계,남,49세,상해없음
2023011800100048,2023년 1월 18일 06시,수요일,충청남도 천안시 동남구 신부동,경상사고,0,0,1,0,차대차 - 측면충돌,안전운전불이행,건조,맑음,교차로 - 교차로안,기타불명,기타불명,미분류,기타불명,승용,남,52세,경상
2023011800100062,2023년 1월 18일 07시,수요일,충청남도 서산시 성연면,중상사고,0,1,0,0,차대사람 - 기타,안전운전불이행,건조,맑음,단일로 - 기타,기타불명,남,47세,상해없음,보행자,남,38세,중상
2023011800100063,2023년 1월 18일 07시,수요일,충청남도 천안시 서북구 입장면,경상사고,0,0,2,1,차대차 - 정면충돌,중앙선침범,건조,맑음,단일로 - 기타,승용,남,27세,부상신고,승용,여,57세,경상
2023011800100064,2023년 1월 18일 07시,수요일,충청남도 부여군 부여읍,사망사고,1,0,0,0,차대사람 - 횡단중,보행자보호의무위반,건조,맑음,단일로 - 기타,승용,여,24세,상해없음,보행자,여,78세,사망
2023011800100065,2023년 1월 18일 07시,수요일,충청남도 당진시 면천면,경상사고,0,0,2,0,차대차 - 측면충돌,안전운전불이행,건조,흐림,단일로 - 고가도로위,화물,남,57세,상해없음,승용,남,49세,경상
2023011800100092,2023년 1월 18일 08시,수요일,충청남도 서천군 장항읍,경상사고,0,0,2,0,차대차 - 측면충돌,직진우회전진행방해,젖음/습기,맑음,교차로 - 교차로안,승용,남,51세,경상,승용,여,55세,경상
2023011800100093,2023년 1월 18일 08시,수요일,충청남도 예산군 고덕면,경상사고,0,0,1,0,차대차 - 기타,안전운전불이행,건조,맑음,교차로 - 교차로부근,화물,남,91세,상해없음,승용,여,56세,경상
2023011800100151,2023년 1월 18일 10시,수요일,충청남도 천안시 서북구 불당동,중상사고,0,1,0,0,차대차 - 기타,안전운전불이행,건조,맑음,교차로 - 교차로부근,자전거,여,28세,중상,승용,여,39세,상해없음
2023011800100152,2023년 1월 18일 10시,수요일,충청남도 당진시 읍내동,중상사고,0,1,0,0,차대사람 - 횡단중,보행자보호의무위반,건조,맑음,교차로 - 교차로횡단보도내,승용,남,34세,상해없음,보행자,여,91세,중상
2023011800100153,2023년 1월 18일 10시,수요일,충청남도 천안시 동남구 삼룡동,부상신고사고,0,0,0,1,차대차 - 측면충돌,안전운전불이행,건조,맑음,교차로 - 교차로안,화물,여,63세,상해없음,승용,여,49세,부상신고
2023011800100203,2023년 1월 18일 12시,수요일,충청남도 아산시 신인동,사망사고,1,0,0,0,차대차 - 측면충돌,중앙선침범,건조,맑음,단일로 - 기타,화물,남,28세,상해없음,이륜,남,82세,사망
2023011800100204,2023년 1월 18일 12시,수요일,충청남도 공주시 신관동,중상사고,0,1,0,0,차대사람 - 기타,안전운전불이행,건조,맑음,기타 - 기타,자전거,여,13세,상해없음,보행자,여,68세,중상
2023011800100230,2023년 1월 18일 13시,수요일,충청남도 아산시 음봉면,경상사고,0,0,1,0,차대차 - 측면충돌,신호위반,건조,맑음,교차로 - 교차로안,화물,남,65세,상해없음,승용,남,30세,경상
2023011800100298,2023년 1월 18일 15시,수요일,충청남도 천안시 서북구 불당동,중상사고,0,1,0,0,차대사람 - 기타,기타,건조,맑음,단일로 - 기타,자전거,여,20세,상해없음,보행자,여,69세,중상
2023011800100328,2023년 1월 18일 16시,수요일,충청남도 아산시 배방읍,경상사고,0,0,1,0,차대차 - 추돌,안전운전불이행,건조,맑음,단일로 - 기타,승용,남,40세,상해없음,승용,여,54세,경상
2023011800100368,2023년 1월 18일 17시,수요일,충청남도 예산군 예산읍,경상사고,0,0,2,0,차대차 - 측면충돌,중앙선침범,건조,맑음,단일로 - 기타,승용,여,54세,상해없음,이륜,남,49세,경상
2023011800100369,2023년 1월 18일 17시,수요일,충청남도 천안시 동남구 삼룡동,경상사고,0,0,2,1,차대차 - 추돌,안전운전불이행,건조,기타,단일로 - 기타,승합,남,65세,상해없음,화물,남,55세,경상
2023011800100398,2023년 1월 18일 18시,수요일,충청남도 천안시 동남구 신부동,경상사고,0,0,1,0,차대차 - 후진중충돌,안전운전불이행,건조,맑음,단일로 - 기타,승용,남,32세,상해없음,이륜,남,19세,경상
2023011800100468,2023년 1월 18일 20시,수요일,충청남도 아산시 득산동,중상사고,0,1,0,0,차대사람 - 보도통행중,안전운전불이행,건조,맑음,기타 - 기타,승용,남,43세,상해없음,보행자,여,60세,중상
2023011800100490,2023년 1월 18일 21시,수요일,충청남도 서산시 예천동,경상사고,0,0,1,0,차대차 - 후진중충돌,안전운전불이행,건조,맑음,주차장 - 주차장,승용,남,28세,상해없음,승용,남,30세,경상
2023011800100491,2023년 1월 18일 21시,수요일,충청남도 천안시 서북구 두정동,부상신고사고,0,0,0,1,차대사람 - 길가장자리구역통행중,안전운전불이행,건조,맑음,단일로 - 기타,이륜,남,28세,상해없음,보행자,여,31세,부상신고
2023011800100492,2023년 1월 18일 21시,수요일,충청남도 예산군 삽교읍,경상사고,0,0,1,0,차대차 - 측면충돌,중앙선침범,건조,맑음,단일로 - 기타,승용,여,62세,상해없음,승용,남,61세,경상
2023011800100511,2023년 1월 18일 22시,수요일,충청남도 보령시 동대동,경상사고,0,0,1,0,차대차 - 기타,기타,건조,맑음,기타 - 기타,기타불명,기타불명,미분류,기타불명,승용,남,35세,경상
2023011900100059,2023년 1월 19일 07시,목요일,충청남도 천안시 동남구 목천읍,중상사고,0,1,0,0,차대차 - 기타,안전거리미확보,건조,맑음,단일로 - 기타,화물,남,60세,상해없음,승용,남,27세,중상
2023011900100114,2023년 1월 19일 09시,목요일,충청남도 천안시 동남구 광덕면,경상사고,0,0,1,0,차대차 - 측면충돌,중앙선침범,건조,맑음,단일로 - 기타,승용,여,42세,상해없음,승용,여,42세,경상
2023011900100139,2023년 1월 19일 10시,목요일,충청남도 천안시 서북구 두정동,경상사고,0,0,1,0,차대차 - 추돌,안전운전불이행,건조,맑음,단일로 - 기타,승용,여,29세,상해없음,승용,남,43세,경상
2023011900100164,2023년 1월 19일 11시,목요일,충청남도 아산시 배방읍,경상사고,0,0,1,0,차대차 - 기타,기타,건조,맑음,주차장 - 주차장,승용,여,57세,상해없음,화물,남,46세,경상
2023011900100165,2023년 1월 19일 11시,목요일,충청남도 천안시 동남구 유량동,경상사고,0,0,2,0,차대차 - 측면충돌,안전운전불이행,건조,맑음,단일로 - 기타,승용,남,83세,상해없음,승용,여,30세,경상
2023011900100239,2023년 1월 19일 14시,목요일,충청남도 아산시 온천동,경상사고,0,0,1,0,차대차 - 추돌,안전운전불이행,건조,맑음,교차로 - 교차로부근,이륜,남,40세,상해없음,승용,여,66세,경상
2023011900100240,2023년 1월 19일 14시,목요일,충청남도 부여군 임천면,중상사고,0,1,0,0,차대차 - 정면충돌,중앙선침범,건조,맑음,교차로 - 교차로부근,승용,여,54세,상해없음,화물,남,70세,중상
2023011900100342,2023년 1월 19일 17시,목요일,충청남도 서산시 대산읍,중상사고,0,1,1,0,차대차 - 정면충돌,신호위반,건조,흐림,교차로 - 교차로안,승용,남,59세,경상,승용,남,62세,중상
2023011900100343,2023년 1월 19일 17시,목요일,충청남도 천안시 서북구 직산읍,경상사고,0,0,1,0,차대차 - 후진중충돌,안전운전불이행,건조,맑음,단일로 - 기타,화물,남,64세,상해없음,승용,여,24세,경상
2023011900100344,2023년 1월 19일 17시,목요일,충청남도 논산시 취암동,중상사고,0,1,0,0,차대사람 - 차도통행중,안전운전불이행,건조,맑음,단일로 - 기타,승용,남,60세,상해없음,보행자,남,33세,중상
2023011900100345,2023년 1월 19일 17시,목요일,충청남도 아산시 배방읍,경상사고,0,0,1,0,차대차 - 측면충돌,안전거리미확보,건조,맑음,단일로 - 기타,승용,남,54세,상해없음,승용,남,36세,경상
2023011900100346,2023년 1월 19일 17시,목요일,충청남도 아산시 배방읍,경상사고,0,0,1,0,차대차 - 기타,차로위반,건조,맑음,단일로 - 기타,승용,남,24세,상해없음,승용,여,42세,경상
2023011900100393,2023년 1월 19일 18시,목요일,충청남도 천안시 서북구 직산읍,경상사고,0,0,1,0,차대차 - 기타,안전거리미확보,건조,맑음,단일로 - 기타,승용,여,22세,상해없음,승용,여,55세,경상
2023011900100394,2023년 1월 19일 18시,목요일,충청남도 당진시 합덕읍,경상사고,0,0,2,0,차대차 - 측면충돌,중앙선침범,건조,맑음,단일로 - 기타,승용,남,38세,상해없음,승용,남,28세,경상