사고번호,사고일시,요일,시군구,사고내용,사망자수,중상자수,경상자수,부상신고자수,사고유형,법규위반,노면상태,기상상태,도로형태,가해운전자 차종,가해운전자 성별,가해운전자 연령,가해운전자 상해정도,피해운전자 차종,피해운전자 성별,피해운전자 연령,피해운전자 상해정도
2023011900100475,2023년 1월 19일 20시,목요일,충청남도 천안시 서북구 성거읍,경상사고,0,0,1,0,차대차 - 측면충돌,안전운전불이행,건조,맑음,기타 - 기타,승용,남,40세,상해없음,승합,남,48세,경상
2023011900100509,2023년 1월 19일 21시,목요일,충청남도 아산시 모종동,경상사고,0,0,1,0,차대사람 - 기타,안전운전불이행,건조,맑음,단일로 - 기타,승용,남,19세,상해없음,보행자,여,42세,경상
2023011900100552,2023년 1월 19일 23시,목요일,충청남도 당진시 시곡동,경상사고,0,0,5,0,차대차 - 측면충돌,안전운전불이행,건조,맑음,단일로 - 기타,승용,남,23세,상해없음,승용,남,50세,상해없음
2023012000100019,2023년 1월 20일 01시,금요일,충청남도 천안시 서북구 쌍용동,경상사고,0,0,1,0,차대차 - 측면충돌,신호위반,건조,맑음,교차로 - 교차로안,원동기,남,23세,상해없음,승용,남,49세,경상
2023012000100020,2023년 1월 20일 01시,금요일,충청남도 천안시 서북구 불당동,부상신고사고,0,0,0,1,차량단독 - 전도전복 - 전도,안전운전불이행,서리/결빙,맑음,단일로 - 기타,원동기,남,20세,부상신고,,,,
2023012000100060,2023년 1월 20일 06시,금요일,충청남도 천안시 서북구 두정동,경상사고,0,0,1,0,차대차 - 측면충돌,안전운전불이행,건조,맑음,단일로 - 기타,특수,남,71세,상해없음,승용,여,64세,경상
2023012000100089,2023년 1월 20일 08시,금요일,충청남도 공주시 신풍면,중상사고,0,2,0,0,차대차 - 측면충돌,신호위반,건조,맑음,교차로 - 교차로안,화물,남,42세,중상,건설기계,남,65세,중상
2023012000100090,2023년 1월 20일 08시,금요일,충청남도 천안시 동남구 목천읍,경상사고,0,0,1,0,차대차 - 기타,중앙선침범,건조,맑음,단일로 - 기타,승용,남,40세,상해없음,승합,남,56세,경상
2023012000100120,2023년 1월 20일 09시,금요일,충청남도 천안시 동남구 병천면,경상사고,0,0,1,0,차대사람 - 기타,안전운전불이행,건조,맑음,교차로 - 교차로안,화물,남,63세,상해없음,보행자,여,85세,경상
2023012000100159,2023년 1월 20일 10시,금요일,충청남도 서천군 장항읍,경상사고,0,0,1,0,차대차 - 측면충돌,안전운전불이행,건조,맑음,교차로 - 교차로부근,자전거,남,89세,경상,승용,여,59세,상해없음
2023012000100160,2023년 1월 20일 10시,금요일,충청남도 천안시 동남구 신부동,중상사고,0,1,0,0,차대사람 - 기타,안전운전불이행,건조,맑음,단일로 - 기타,승용,여,50세,상해없음,보행자,여,76세,중상
2023012000100196,2023년 1월 20일 11시,금요일,충청남도 태안군 소원면,경상사고,0,0,2,0,차대차 - 기타,안전운전불이행,건조,맑음,교차로 - 교차로안,승용,여,24세,상해없음,승용,남,50세,경상
2023012000100238,2023년 1월 20일 12시,금요일,충청남도 천안시 서북구 성정동,경상사고,0,0,1,0,차대사람 - 기타,기타,건조,맑음,교차로 - 교차로부근,자전거,남,62세,상해없음,보행자,여,40세,경상
2023012000100239,2023년 1월 20일 12시,금요일,충청남도 아산시 배방읍,경상사고,0,0,1,0,차대차 - 기타,기타,건조,맑음,교차로 - 교차로안,원동기,남,40세,기타불명,승용,남,57세,경상
2023012000100240,2023년 1월 20일 12시,금요일,충청남도 부여군 규암면,중상사고,0,1,0,0,차대차 - 측면충돌,안전운전불이행,건조,맑음,교차로 - 교차로부근,승용,남,74세,상해없음,자전거,여,66세,중상
2023012000100241,2023년 1월 20일 12시,금요일,충청남도 당진시 석문면,중상사고,0,1,0,0,차대사람 - 기타,안전운전불이행,건조,맑음,미분류 - 미분류,승용,남,55세,상해없음,보행자,남,89세,중상
2023012000100275,2023년 1월 20일 13시,금요일,충청남도 천안시 서북구 쌍용동,경상사고,0,0,1,0,차대차 - 기타,안전운전불이행,건조,맑음,단일로 - 기타,승용,남,41세,기타불명,승용,남,22세,경상
2023012000100277,2023년 1월 20일 13시,금요일,충청남도 서산시 해미면,경상사고,0,0,1,0,차대차 - 기타,안전운전불이행,건조,맑음,단일로 - 기타,승용,남,35세,상해없음,승용,남,29세,상해없음
2023012000100317,2023년 1월 20일 14시,금요일,충청남도 공주시 반포면,경상사고,0,0,1,0,차대차 - 추돌,안전운전불이행,건조,맑음,단일로 - 기타,승용,남,67세,상해없음,승용,남,52세,경상
2023012000100426,2023년 1월 20일 16시,금요일,충청남도 천안시 서북구 성성동,중상사고,0,1,2,0,차대차 - 기타,안전운전불이행,건조,맑음,단일로 - 기타,승용,여,35세,상해없음,승용,여,46세,중상
2023012000100477,2023년 1월 20일 17시,금요일,충청남도 아산시 남동,경상사고,0,0,1,0,차대차 - 추돌,안전운전불이행,건조,맑음,단일로 - 기타,승용,남,68세,상해없음,화물,남,49세,경상
2023012000100478,2023년 1월 20일 17시,금요일,충청남도 천안시 동남구 성남면,경상사고,0,0,2,0,차대차 - 측면충돌,중앙선침범,건조,맑음,단일로 - 기타,승용,남,65세,상해없음,승용,남,66세,경상
2023012000100534,2023년 1월 20일 18시,금요일,충청남도 아산시 배방읍,중상사고,0,1,0,0,차대차 - 측면충돌,안전거리미확보,건조,맑음,기타 - 기타,승합,남,56세,상해없음,승합,남,59세,상해없음
2023012000100535,2023년 1월 20일 18시,금요일,충청남도 아산시 도고면,경상사고,0,0,1,0,차대차 - 기타,안전운전불이행,건조,맑음,단일로 - 기타,승용,남,66세,상해없음,승용,남,35세,경상
2023012000100536,2023년 1월 20일 18시,금요일,충청남도 공주시 신관동,중상사고,0,1,0,0,차대사람 - 횡단중,보행자보호의무위반,건조,맑음,교차로 - 교차로안,승용,남,21세,상해없음,보행자,여,67세,중상
2023012000100595,2023년 1월 20일 19시,금요일,충청남도 아산시 도고면,경상사고,0,0,4,0,차대차 - 추돌,안전운전불이행,건조,맑음,단일로 - 기타,승용,남,66세,상해없음,승용,남,34세,경상
2023012100100061,2023년 1월 21일 07시,토요일,충청남도 논산시 광석면,중상사고,0,3,2,0,차대차 - 추돌,안전운전불이행,건조,맑음,단일로 - 기타,승용,남,27세,상해없음,승용,여,47세,중상
2023012100100093,2023년 1월 21일 09시,토요일,충청남도 아산시 온천동,경상사고,0,0,1,0,차대차 - 측면충돌,안전운전불이행,건조,맑음,단일로 - 기타,승용,남,24세,상해없음,승용,남,39세,경상
2023012100100115,2023년 1월 21일 10시,토요일,충청남도 논산시 강산동,경상사고,0,0,2,0,차대차 - 추돌,안전운전불이행,건조,맑음,단일로 - 기타,승용,남,64세,상해없음,승용,남,42세,경상
2023012100100149,2023년 1월 21일 11시,토요일,충청남도 서산시 석림동,중상사고,0,1,1,0,차대차 - 측면충돌,직진우회전진행방해,건조,맑음,교차로 - 교차로안,이륜,여,48세,중상,승용,여,36세,경상
2023012100100150,2023년 1월 21일 11시,토요일,충청남도 아산시 배방읍,중상사고,0,1,4,0,차대차 - 추돌,안전운전불이행,건조,맑음,단일로 - 기타,승용,남,54세,경상,승용,남,35세,상해없음
2023012100100151,2023년 1월 21일 11시,토요일,충청남도 천안시 동남구 봉명동,경상사고,0,0,2,0,차대차 - 기타,안전거리미확보,건조,맑음,단일로 - 기타,승용,남,67세,상해없음,승용,여,35세,경상
2023012100100178,2023년 1월 21일 12시,토요일,충청남도 서산시 읍내동,경상사고,0,0,1,0,차대차 - 측면충돌,안전운전불이행,건조,맑음,교차로 - 교차로안,승용,남,62세,상해없음,이륜,남,45세,경상
2023012100100179,2023년 1월 21일 12시,토요일,충청남도 천안시 서북구 성정동,경상사고,0,0,2,0,차대차 - 추돌,안전운전불이행,건조,맑음,단일로 - 기타,승용,남,29세,상해없음,승용,남,46세,경상
2023012100100180,2023년 1월 21일 12시,토요일,충청남도 태안군 태안읍,경상사고,0,0,1,0,차대차 - 기타,직진우회전진행방해,건조,맑음,교차로 - 교차로안,승용,남,27세,상해없음,이륜,남,78세,경상
2023012100100202,2023년 1월 21일 13시,토요일,충청남도 서산시 팔봉면,경상사고,0,0,3,0,차대차 - 정면충돌,안전운전불이행,건조,맑음,단일로 - 기타,승용,여,48세,상해없음,승용,여,39세,경상
2023012100100203,2023년 1월 21일 13시,토요일,충청남도 천안시 서북구 쌍용동,경상사고,0,0,2,0,차대차 - 측면충돌,안전운전불이행,건조,맑음,교차로 - 교차로안,승용,남,68세,상해없음,승합,남,49세,경상
2023012100100204,2023년 1월 21일 13시,토요일,충청남도 천안시 서북구 입장면,경상사고,0,0,4,0,차대차 - 추돌,안전운전불이행,건조,맑음,단일로 - 기타,승용,남,57세,상해없음,승용,여,39세,경상
2023012100100229,2023년 1월 21일 14시,토요일,충청남도 천안시 서북구 성거읍,중상사고,0,1,0,0,차대사람 - 횡단중,안전운전불이행,건조,맑음,단일로 - 기타,승용,남,63세,상해없음,보행자,여,77세,중상
2023012100100253,2023년 1월 21일 15시,토요일,충청남도 공주시 탄천면,경상사고,0,0,1,0,차대차 - 측면충돌,중앙선침범,건조,맑음,단일로 - 기타,이륜,남,46세,경상,승용,여,62세,상해없음
2023012100100270,2023년 1월 21일 16시,토요일,충청남도 아산시 용화동,경상사고,0,0,3,0,차대차 - 측면충돌,안전운전불이행,건조,맑음,교차로 - 교차로안,승용,여,57세,기타불명,승용,남,31세,경상
2023012100100296,2023년 1월 21일 17시,토요일,충청남도 천안시 서북구 불당동,경상사고,0,0,1,0,차대차 - 측면충돌,중앙선침범,건조,맑음,단일로 - 기타,승용,남,27세,상해없음,원동기,남,18세,경상
2023012100100316,2023년 1월 21일 18시,토요일,충청남도 천안시 서북구 성환읍,경상사고,0,0,4,0,차대차 - 측면충돌,교차로운행방법위반,건조,맑음,교차로 - 교차로부근,승용,남,25세,상해없음,승용,남,41세,경상
2023012100100340,2023년 1월 21일 19시,토요일,충청남도 천안시 서북구 두정동,부상신고사고,0,0,0,1,차대사람 - 기타,안전운전불이행,건조,흐림,주차장 - 주차장,이륜,남,52세,상해없음,보행자,여,6세,부상신고
2023012100100341,2023년 1월 21일 19시,토요일,충청남도 금산군 진산면,경상사고,0,0,1,0,차량단독 - 도로외이탈 - 추락,안전운전불이행,서리/결빙,흐림,단일로 - 기타,화물,남,72세,경상,,,,
2023012100100385,2023년 1월 21일 22시,토요일,충청남도 논산시 광석면,사망사고,1,0,0,0,차량단독 - 공작물충돌,안전운전불이행,건조,맑음,단일로 - 기타,승용,남,39세,사망,,,,
2023012200100020,2023년 1월 22일 02시,일요일,충청남도 천안시 서북구 두정동,경상사고,0,0,1,0,차대사람 - 길가장자리구역통행중,안전운전불이행,건조,맑음,단일로 - 기타,승용,남,27세,기타불명,보행자,남,24세,경상
2023012200100033,2023년 1월 22일 05시,일요일,충청남도 서산시 수석동,사망사고,1,0,0,0,차대사람 - 차도통행중,안전운전불이행,건조,맑음,교차로 - 교차로부근,승용,남,50세,상해없음,보행자,남,49세,사망
2023012200100130,2023년 1월 22일 14시,일요일,충청남도 예산군 광시면,경상사고,0,0,1,0,차대차 - 정면충돌,중앙선침범,건조,맑음,단일로 - 기타,승용,남,67세,상해없음,승용,남,53세,경상
2023012200100238,2023년 1월 22일 20시,일요일,충청남도 공주시 신관동,경상사고,0,0,1,0,차대차 - 측면충돌,안전운전불이행,건조,흐림,교차로 - 교차로안,승용,남,66세,상해없음,승용,여,19세,상해없음
2023012300100032,2023년 1월 23일 04시,월요일,충청남도 아산시 모종동,경상사고,0,0,2,0,차대차 - 추돌,안전운전불이행,건조,맑음,교차로 - 교차로부근,승용,남,32세,상해없음,승용,남,31세,경상
2023012300100070,2023년 1월 23일 10시,월요일,충청남도 태안군 태안읍,경상사고,0,0,4,0,차대차 - 측면충돌,교차로운행방법위반,건조,흐림,교차로 - 교차로부근,승용,남,50세,상해없음,승용,여,34세,경상
2023012300100107,2023년 1월 23일 12시,월요일,충청남도 천안시 서북구 성성동,경상사고,0,0,1,0,차대사람 - 기타,안전운전불이행,건조,맑음,단일로 - 기타,개인형이동수단(PM),남,16세,상해없음,보행자,여,50세,경상
2023012300100108,2023년 1월 23일 12시,월요일,충청남도 보령시 웅천읍,중상사고,0,1,0,0,차대차 - 측면충돌,중앙선침범,건조,맑음,단일로 - 기타,승용,남,68세,상해없음,승용,남,62세,중상
2023012300100109,2023년 1월 23일 12시,월요일,충청남도 예산군 예산읍,경상사고,0,0,1,0,차대차 - 후진중충돌,안전운전불이행,건조,맑음,주차장 - 주차장,승용,남,53세,상해없음,승용,남,41세,상해없음
2023012300100134,2023년 1월 23일 13시,월요일,충청남도 보령시 대천동,경상사고,0,0,1,0,차대사람 - 횡단중,보행자보호의무위반,건조,맑음,교차로 - 교차로안,화물,남,75세,상해없음,보행자,남,43세,경상
2023012300100174,2023년 1월 23일 15시,월요일,충청남도 천안시 서북구 성정동,중상사고,0,1,0,0,차대차 - 기타,안전운전불이행,건조,맑음,단일로 - 기타,승용,남,52세,상해없음,이륜,남,40세,중상
2023012300100199,2023년 1월 23일 16시,월요일,충청남도 홍성군 홍북읍,중상사고,0,1,0,0,차대차 - 측면충돌,교차로운행방법위반,건조,맑음,교차로 - 교차로안,화물,남,21세,상해없음,승용,남,43세,중상
2023012300100246,2023년 1월 23일 18시,월요일,충청남도 천안시 동남구 신부동,경상사고,0,0,1,0,차대차 - 기타,신호위반,건조,맑음,교차로 - 교차로안,이륜,남,38세,상해없음,승용,남,27세,경상
2023012300100273,2023년 1월 23일 19시,월요일,충청남도 서산시 석림동,중상사고,0,1,2,1,차대차 - 측면충돌,직진우회전진행방해,건조,맑음,교차로 - 교차로안,승용,남,54세,상해없음,승용,남,36세,경상
2023012300100274,2023년 1월 23일 19시,월요일,충청남도 공주시 신관동,경상사고,0,0,5,0,차대차 - 추돌,안전운전불이행,건조,맑음,교차로 - 교차로부근,이륜,남,19세,상해없음,승용,남,19세,경상
2023012300100275,2023년 1월 23일 19시,월요일,충청남도 천안시 동남구 다가동,경상사고,0,0,2,0,차대차 - 기타,안전운전불이행,건조,맑음,단일로 - 기타,승합,남,59세,상해없음,승용,남,32세,경상
2023012300100296,2023년 1월 23일 20시,월요일,충청남도 예산군 예산읍,경상사고,0,0,1,0,차대차 - 측면충돌,신호위반,건조,맑음,교차로 - 교차로안,승용,남,68세,상해없음,승용,남,57세,경상
2023012300100314,2023년 1월 23일 21시,월요일,충청남도 계룡시 두마면,중상사고,0,1,2,0,차대차 - 측면충돌,직진우회전진행방해,건조,맑음,교차로 - 교차로안,승용,남,44세,상해없음,승용,남,56세,중상
2023012300100347,2023년 1월 23일 23시,월요일,충청남도 당진시 원당동,중상사고,0,2,2,0,차대차 - 추돌,안전운전불이행,젖음/습기,흐림,단일로 - 기타,승용,남,38세,상해없음,승용,남,47세,중상
2023012400100057,2023년 1월 24일 09시,화요일,충청남도 서천군 비인면,중상사고,0,1,1,0,차대차 - 측면충돌,안전운전불이행,건조,맑음,교차로 - 교차로안,화물,남,73세,경상,승용,여,25세,중상
2023012400100081,2023년 1월 24일 11시,화요일,충청남도 금산군 진산면,경상사고,0,0,1,0,차량단독 - 도로외이탈 - 기타,안전운전불이행,건조,맑음,단일로 - 기타,승용,남,60세,상해없음,,,,
2023012400100154,2023년 1월 24일 14시,화요일,충청남도 천안시 동남구 신부동,경상사고,0,0,1,0,차대사람 - 횡단중,신호위반,건조,맑음,교차로 - 교차로안,승용,남,45세,상해없음,보행자,남,51세,경상
2023012400100248,2023년 1월 24일 19시,화요일,충청남도 천안시 서북구 직산읍,경상사고,0,0,1,0,차대사람 - 횡단중,보행자보호의무위반,건조,맑음,교차로 - 교차로횡단보도내,승용,남,43세,상해없음,보행자,여,64세,경상
2023012400100249,2023년 1월 24일 19시,화요일,충청남도 천안시 서북구 두정동,중상사고,0,1,0,0,차대차 - 기타,안전거리미확보,건조,맑음,단일로 - 기타,승용,여,38세,상해없음,이륜,남,55세,중상
2023012400100250,2023년 1월 24일 19시,화요일,충청남도 금산군 제원면,사망사고,1,0,0,0,차량단독 - 도로외이탈 - 추락,안전운전불이행,건조,맑음,단일로 - 기타,이륜,남,84세,사망,,,,
2023012400100263,2023년 1월 24일 20시,화요일,충청남도 공주시 금성동,경상사고,0,0,1,0,차대차 - 기타,직진우회전진행방해,건조,맑음,교차로 - 교차로안,승용,남,65세,상해없음,이륜,남,41세,경상
2023012400100264,2023년 1월 24일 20시,화요일,충청남도 청양군 장평면,경상사고,0,0,1,0,차대차 - 추돌,안전운전불이행,건조,맑음,단일로 - 기타,승용,남,65세,상해없음,화물,남,30세,경상
2023012400100265,2023년 1월 24일 20시,화요일,충청남도 천안시 동남구 청당동,경상사고,0,0,1,0,차대차 - 측면충돌,안전운전불이행,적설,눈,기타 - 기타,승용,남,28세,경상,승용,남,25세,기타불명
2023012400100297,2023년 1월 24일 23시,화요일,충청남도 천안시 동남구 신부동,경상사고,0,0,1,0,차대차 - 측면충돌,안전운전불이행,건조,맑음,단일로 - 기타,승용,여,64세,상해없음,승용,남,39세,경상
2023012500100030,2023년 1월 25일 06시,수요일,충청남도 천안시 서북구 성정동,경상사고,0,0,1,0,차대차 - 기타,신호위반,건조,맑음,교차로 - 교차로안,화물,남,60세,상해없음,이륜,남,30세,경상
2023012500100040,2023년 1월 25일 07시,수요일,충청남도 천안시 서북구 쌍용동,부상신고사고,0,0,0,1,차대차 - 추돌,안전운전불이행,건조,맑음,단일로 - 기타,승용,남,48세,상해없음,승용,남,30세,부상신고
2023012500100090,2023년 1월 25일 09시,수요일,충청남도 서천군 문산면,경상사고,0,0,1,0,차대차 - 측면충돌,교차로운행방법위반,건조,맑음,단일로 - 기타,승용,남,78세,상해없음,승용,남,75세,경상
2023012500100120,2023년 1월 25일 10시,수요일,충청남도 보령시 대천동,중상사고,0,1,0,0,차대사람 - 기타,안전운전불이행,건조,맑음,기타 - 기타,승용,남,35세,상해없음,보행자,여,78세,중상
2023012500100121,2023년 1월 25일 10시,수요일,충청남도 당진시 채운동,경상사고,0,0,1,0,차대차 - 정면충돌,안전운전불이행,건조,맑음,교차로 - 교차로횡단보도내,화물,남,68세,상해없음,승용,남,34세,경상
2023012500100142,2023년 1월 25일 11시,수요일,충청남도 아산시 온천동,경상사고,0,0,1,0,차대사람 - 횡단중,보행자보호의무위반,건조,맑음,교차로 - 교차로안,승용,남,70세,상해없음,보행자,여,37세,경상
2023012500100170,2023년 1월 25일 12시,수요일,충청남도 천안시 서북구 불당동,경상사고,0,0,1,0,차량단독 - 기타,안전운전불이행,건조,맑음,기타 - 기타,승합,남,53세,상해없음,,,,
2023012500100203,2023년 1월 25일 13시,수요일,충청남도 아산시 온천동,경상사고,0,0,2,0,차대차 - 기타,안전운전불이행,건조,맑음,교차로 - 교차로안,승용,남,20세,상해없음,승용,여,47세,경상
2023012500100227,2023년 1월 25일 14시,수요일,충청남도 천안시 서북구 성정동,경상사고,0,0,1,0,차대차 - 기타,교차로운행방법위반,건조,맑음,단일로 - 기타,화물,남,53세,상해없음,원동기,남,52세,경상
2023012500100228,2023년 1월 25일 14시,수요일,충청남도 부여군 규암면,경상사고,0,0,1,0,차대차 - 기타,신호위반,건조,맑음,교차로 - 교차로안,화물,남,71세,상해없음,승용,남,39세,경상
2023012500100265,2023년 1월 25일 15시,수요일,충청남도 천안시 서북구 직산읍,부상신고사고,0,0,0,1,차대차 - 측면충돌,안전운전불이행,건조,맑음,교차로 - 교차로부근,화물,남,58세,상해없음,화물,남,46세,상해없음
2023012500100298,2023년 1월 25일 16시,수요일,충청남도 논산시 내동,중상사고,0,3,0,0,차대차 - 측면충돌,안전운전불이행,건조,맑음,단일로 - 기타,화물,남,43세,상해없음,승용,남,73세,중상
2023012500100299,2023년 1월 25일 16시,수요일,충청남도 계룡시 엄사면,중상사고,0,1,0,0,차대차 - 정면충돌,안전운전불이행,건조,맑음,주차장 - 주차장,승용,남,33세,상해없음,승용,남,59세,중상
2023012500100363,2023년 1월 25일 18시,수요일,충청남도 예산군 삽교읍,경상사고,0,0,1,0,차대차 - 측면충돌,신호위반,건조,맑음,교차로 - 교차로안,승용,남,81세,상해없음,승용,남,43세,경상
2023012500100364,2023년 1월 25일 18시,수요일,충청남도 예산군 예산읍,경상사고,0,0,2,0,차대차 - 측면충돌,직진우회전진행방해,건조,맑음,교차로 - 교차로안,화물,남,49세,상해없음,승용,여,55세,경상
2023012500100393,2023년 1월 25일 19시,수요일,충청남도 태안군 태안읍,경상사고,0,0,2,0,차대차 - 정면충돌,중앙선침범,건조,맑음,단일로 - 기타,화물,남,60세,상해없음,승용,여,53세,경상
2023012500100417,2023년 1월 25일 20시,수요일,충청남도 논산시 반월동,중상사고,0,1,0,0,차대사람 - 횡단중,보행자보호의무위반,건조,맑음,교차로 - 교차로횡단보도내,승합,남,60세,상해없음,보행자,여,84세,중상
2023012500100428,2023년 1월 25일 21시,수요일,충청남도 보령시 동대동,중상사고,0,1,1,0,차대차 - 측면충돌,신호위반,건조,흐림,교차로 - 교차로안,승용,남,59세,경상,승용,여,42세,중상
2023012600100021,2023년 1월 26일 03시,목요일,충청남도 천안시 동남구 신부동,경상사고,0,0,3,0,차대차 - 추돌,안전운전불이행,건조,맑음,기타 - 기타,승용,남,58세,기타불명,승용,남,62세,경상
2023012600100047,2023년 1월 26일 07시,목요일,충청남도 천안시 서북구 백석동,경상사고,0,0,1,0,차대차 - 측면충돌,신호위반,건조,맑음,단일로 - 기타,승용,여,30세,상해없음,승용,남,45세,경상
2023012600100083,2023년 1월 26일 09시,목요일,충청남도 천안시 서북구 불당동,경상사고,0,0,1,0,차대차 - 측면충돌,안전운전불이행,서리/결빙,맑음,단일로 - 기타,승합,남,63세,상해없음,승용,여,47세,경상
2023012600100098,2023년 1월 26일 10시,목요일,충청남도 공주시 사곡면,경상사고,0,0,1,0,차량단독 - 기타,안전운전불이행,적설,흐림,단일로 - 기타,승합,남,57세,상해없음,,,,
2023012600100112,2023년 1월 26일 11시,목요일,충청남도 천안시 서북구 업성동,경상사고,0,0,2,0,차대차 - 후진중충돌,안전운전불이행,건조,맑음,단일로 - 기타,화물,남,67세,상해없음,승용,남,31세,경상
2023012600100130,2023년 1월 26일 12시,목요일,충청남도 천안시 동남구 청당동,경상사고,0,0,1,0,차대차 - 측면충돌,안전운전불이행,건조,맑음,단일로 - 기타,승용,남,58세,상해없음,승용,남,39세,경상
2023012600100162,2023년 1월 26일 14시,목요일,충청남도 아산시 음봉면,경상사고,0,0,1,0,차대사람 - 횡단중,안전운전불이행,서리/결빙,맑음,기타 - 기타,승용,남,27세,상해없음,보행자,남,27세,경상
2023012600100213,2023년 1월 26일 16시,목요일,충청남도 홍성군 구항면,경상사고,0,0,1,0,차대차 - 기타,중앙선침범,젖음/습기,눈,단일로 - 기타,화물,남,59세,상해없음,승용,여,42세,경상
2023012600100214,2023년 1월 26일 16시,목요일,충청남도 천안시 동남구 봉명동,경상사고,0,0,1,0,차대사람 - 횡단중,보행자보호의무위반,서리/결빙,눈,교차로 - 교차로횡단보도내,화물,남,56세,상해없음,보행자,여,78세,경상
2023012600100254,2023년 1월 26일 18시,목요일,충청남도 서산시 인지면,경상사고,0,0,1,0,차대차 - 기타,안전운전불이행,적설,눈,단일로 - 기타,승용,남,25세,상해없음,승용,남,53세,경상
2023012600100255,2023년 1월 26일 18시,목요일,충청남도 천안시 동남구 풍세면,경상사고,0,0,1,0,차대차 - 추돌,안전운전불이행,적설,눈,교차로 - 교차로부근,승합,남,58세,상해없음,승용,여,59세,경상
2023012600100319,2023년 1월 26일 21시,목요일,충청남도 천안시 동남구 신부동,경상사고,0,0,2,0,차대차 - 기타,안전운전불이행,건조,맑음,단일로 - 기타,특수,남,53세,상해없음,화물,남,30세,경상
2023012700100007,2023년 1월 27일 01시,금요일,충청남도 천안시 동남구 원성동,경상사고,0,0,2,0,차대차 - 추돌,안전운전불이행,건조,맑음,단일로 - 기타,승용,남,21세,상해없음,승용,남,27세,경상
2023012700100061,2023년 1월 27일 07시,금요일,충청남도 논산시 은진면,사망사고,1,0,0,0,차량단독 - 공작물충돌,안전운전불이행,서리/결빙,흐림,단일로 - 기타,승용,여,51세,사망,,,,
2023012700100081,2023년 1월 27일 08시,금요일,충청남도 아산시 배방읍,경상사고,0,0,1,0,차대차 - 측면충돌,안전운전불이행,젖음/습기,눈,교차로 - 교차로안,승용,여,41세,상해없음,승용,여,52세,경상
2023012700100082,2023년 1월 27일 08시,금요일,충청남도 당진시 원당동,경상사고,0,0,1,0,차대사람 - 횡단중,보행자보호의무위반,서리/결빙,눈,교차로 - 교차로안,승용,여,44세,상해없음,보행자,여,30세,경상
2023012700100111,2023년 1월 27일 09시,금요일,충청남도 천안시 서북구 성정동,경상사고,0,0,1,0,차대차 - 추돌,안전운전불이행,건조,맑음,교차로 - 교차로부근,승용,남,54세,상해없음,승용,여,37세,경상
2023012700100112,2023년 1월 27일 09시,금요일,충청남도 천안시 서북구 성환읍,경상사고,0,0,2,0,차대차 - 기타,안전운전불이행,건조,맑음,단일로 - 기타,승용,여,31세,기타불명,승합,남,52세,경상
2023012700100113,2023년 1월 27일 09시,금요일,충청남도 아산시 온천동,중상사고,0,1,0,0,차대사람 - 횡단중,보행자보호의무위반,젖음/습기,맑음,교차로 - 교차로횡단보도내,승용,여,58세,상해없음,보행자,남,71세,중상
2023012700100135,2023년 1월 27일 10시,금요일,충청남도 천안시 동남구 신방동,경상사고,0,0,1,0,차대사람 - 횡단중,보행자보호의무위반,서리/결빙,맑음,교차로 - 교차로횡단보도내,승용,남,31세,상해없음,보행자,여,12세,경상
2023012700100136,2023년 1월 27일 10시,금요일,충청남도 공주시 정안면,경상사고,0,0,3,0,차대차 - 기타,신호위반,건조,맑음,단일로 - 기타,승용,남,49세,상해없음,승용,남,38세,경상
2023012700100170,2023년 1월 27일 11시,금요일,충청남도 아산시 온천동,중상사고,0,1,0,0,차대사람 - 기타,기타,건조,맑음,단일로 - 기타,승합,남,69세,상해없음,보행자,남,88세,중상
2023012700100171,2023년 1월 27일 11시,금요일,충청남도 아산시 모종동,경상사고,0,0,3,0,차대차 - 측면충돌,교차로운행방법위반,젖음/습기,맑음,교차로 - 교차로안,승용,남,46세,경상,승용,남,61세,경상
2023012700100172,2023년 1월 27일 11시,금요일,충청남도 천안시 동남구 구성동,경상사고,0,0,1,0,차대차 - 측면충돌,안전운전불이행,건조,맑음,교차로 - 교차로부근,승용,남,38세,경상,승용,남,40세,상해없음
2023012700100231,2023년 1월 27일 13시,금요일,충청남도 당진시 면천면,경상사고,0,0,1,0,차대사람 - 기타,보행자보호의무위반,건조,맑음,교차로 - 교차로부근,화물,남,62세,기타불명,보행자,여,76세,경상
2023012700100269,2023년 1월 27일 14시,금요일,충청남도 천안시 동남구 신부동,중상사고,0,1,0,0,차대사람 - 횡단중,안전운전불이행,건조,맑음,교차로 - 교차로안,승용,여,56세,상해없음,보행자,여,71세,중상
2023012700100332,2023년 1월 27일 16시,금요일,충청남도 아산시 인주면,경상사고,0,0,1,0,차대차 - 추돌,안전운전불이행,건조,맑음,교차로 - 교차로부근,화물,남,54세,상해없음,승용,남,55세,경상
2023012700100333,2023년 1월 27일 16시,금요일,충청남도 아산시 배방읍,경상사고,0,0,2,0,차대차 - 추돌,안전운전불이행,건조,맑음,단일로 - 기타,승용,여,36세,기타불명,승용,남,55세,경상