사고번호,사고일시,요일,시군구,사고내용,사망자수,중상자수,경상자수,부상신고자수,사고유형,법규위반,노면상태,기상상태,도로형태,가해운전자 차종,가해운전자 성별,가해운전자 연령,가해운전자 상해정도,피해운전자 차종,피해운전자 성별,피해운전자 연령,피해운전자 상해정도
2023020300100181,2023년 2월 3일 12시,금요일,충청남도 공주시 신관동,중상사고,0,2,0,0,차대차 - 측면충돌,직진우회전진행방해,건조,맑음,교차로 - 교차로안,승용,여,81세,상해없음,승용,여,62세,중상
2023020300100207,2023년 2월 3일 13시,금요일,충청남도 부여군 부여읍,경상사고,0,0,2,0,차대차 - 추돌,안전거리미확보,건조,맑음,단일로 - 기타,승용,남,61세,상해없음,승용,여,43세,경상
2023020300100208,2023년 2월 3일 13시,금요일,충청남도 공주시 우성면,경상사고,0,0,3,0,차대차 - 추돌,안전거리미확보,건조,맑음,단일로 - 터널,승용,남,43세,상해없음,승용,남,69세,경상
2023020300100281,2023년 2월 3일 15시,금요일,충청남도 천안시 동남구 유량동,경상사고,0,0,1,0,차대차 - 측면충돌,안전운전불이행,건조,맑음,기타 - 기타,승용,여,49세,기타불명,이륜,남,27세,경상
2023020300100282,2023년 2월 3일 15시,금요일,충청남도 천안시 동남구 다가동,경상사고,0,0,1,0,차대사람 - 횡단중,보행자보호의무위반,건조,맑음,단일로 - 기타,승용,남,43세,상해없음,보행자,남,53세,경상
2023020300100313,2023년 2월 3일 16시,금요일,충청남도 천안시 서북구 성환읍,경상사고,0,0,1,0,차대차 - 측면충돌,직진우회전진행방해,건조,맑음,교차로 - 교차로안,화물,남,68세,상해없음,승용,남,39세,경상
2023020300100349,2023년 2월 3일 17시,금요일,충청남도 천안시 서북구 직산읍,경상사고,0,0,1,0,차대차 - 측면충돌,차로위반,건조,맑음,교차로 - 교차로부근,승용,여,60세,상해없음,승용,여,45세,경상
2023020300100350,2023년 2월 3일 17시,금요일,충청남도 천안시 동남구 목천읍,경상사고,0,0,1,0,차대사람 - 횡단중,안전운전불이행,건조,맑음,교차로 - 교차로부근,승용,남,67세,상해없음,보행자,여,78세,경상
2023020300100401,2023년 2월 3일 18시,금요일,충청남도 천안시 서북구 차암동,경상사고,0,0,1,0,차대사람 - 횡단중,안전운전불이행,건조,맑음,교차로 - 교차로안,승용,남,26세,상해없음,보행자,남,44세,경상
2023020300100452,2023년 2월 3일 19시,금요일,충청남도 서산시 읍내동,경상사고,0,0,1,0,차대차 - 후진중충돌,안전거리미확보,건조,맑음,교차로 - 교차로부근,승용,남,53세,상해없음,승용,남,39세,경상
2023020300100453,2023년 2월 3일 19시,금요일,충청남도 천안시 동남구 신방동,경상사고,0,0,1,0,차대사람 - 횡단중,안전운전불이행,건조,맑음,교차로 - 교차로안,승용,여,52세,상해없음,보행자,남,53세,경상
2023020300100454,2023년 2월 3일 19시,금요일,충청남도 천안시 동남구 신부동,경상사고,0,0,1,0,차대차 - 측면충돌,안전운전불이행,건조,맑음,단일로 - 교량,승용,남,43세,상해없음,이륜,남,37세,경상
2023020300100491,2023년 2월 3일 20시,금요일,충청남도 천안시 서북구 백석동,중상사고,0,1,0,0,차대차 - 기타,안전운전불이행,건조,맑음,교차로 - 교차로안,승용,남,67세,상해없음,이륜,남,36세,중상
2023020300100520,2023년 2월 3일 21시,금요일,충청남도 천안시 서북구 쌍용동,경상사고,0,0,1,0,차대차 - 기타,신호위반,건조,맑음,교차로 - 교차로안,기타불명,기타불명,미분류,기타불명,이륜,남,58세,경상
2023020300100551,2023년 2월 3일 22시,금요일,충청남도 천안시 동남구 신방동,경상사고,0,0,1,0,차대사람 - 횡단중,안전운전불이행,건조,맑음,단일로 - 기타,승용,남,29세,상해없음,보행자,여,24세,경상
2023020400100036,2023년 2월 4일 01시,토요일,충청남도 천안시 서북구 쌍용동,부상신고사고,0,0,0,1,차대사람 - 기타,안전운전불이행,건조,맑음,교차로 - 교차로횡단보도내,이륜,남,23세,상해없음,보행자,여,43세,부상신고
2023020400100045,2023년 2월 4일 02시,토요일,충청남도 천안시 서북구 성거읍,경상사고,0,0,1,0,차대사람 - 기타,안전운전불이행,건조,기타,단일로 - 기타,기타불명,기타불명,미분류,기타불명,보행자,남,41세,경상
2023020400100069,2023년 2월 4일 06시,토요일,충청남도 당진시 송산면,경상사고,0,0,1,0,차대차 - 기타,안전운전불이행,건조,흐림,단일로 - 기타,승용,남,60세,상해없음,승용,남,36세,경상
2023020400100107,2023년 2월 4일 09시,토요일,충청남도 아산시 용화동,중상사고,0,1,0,0,차대사람 - 보도통행중,안전운전불이행,건조,맑음,기타 - 기타,화물,남,54세,상해없음,보행자,여,67세,중상
2023020400100108,2023년 2월 4일 09시,토요일,충청남도 서천군 서천읍,경상사고,0,0,1,0,차대차 - 측면충돌,신호위반,건조,맑음,교차로 - 교차로안,승용,남,80세,상해없음,승용,여,31세,경상
2023020400100130,2023년 2월 4일 10시,토요일,충청남도 아산시 방축동,경상사고,0,0,1,0,차대차 - 기타,교차로운행방법위반,건조,맑음,교차로 - 교차로안,승용,남,74세,상해없음,승합,남,54세,경상
2023020400100131,2023년 2월 4일 10시,토요일,충청남도 천안시 서북구 성거읍,경상사고,0,0,3,0,차대차 - 기타,안전운전불이행,건조,맑음,기타 - 기타,승용,남,64세,상해없음,승용,남,59세,경상
2023020400100132,2023년 2월 4일 10시,토요일,충청남도 공주시 금학동,경상사고,0,0,1,0,차대차 - 기타,안전운전불이행,건조,맑음,주차장 - 주차장,승합,남,27세,상해없음,승합,남,33세,경상
2023020400100157,2023년 2월 4일 11시,토요일,충청남도 천안시 서북구 불당동,경상사고,0,0,2,0,차대차 - 기타,안전운전불이행,건조,맑음,교차로 - 교차로안,승용,여,58세,상해없음,화물,남,51세,기타불명
2023020400100221,2023년 2월 4일 13시,토요일,충청남도 천안시 서북구 두정동,부상신고사고,0,0,0,1,차대차 - 측면충돌,안전운전불이행,건조,맑음,교차로 - 교차로부근,개인형이동수단(PM),여,25세,부상신고,승용,남,28세,상해없음
2023020400100222,2023년 2월 4일 13시,토요일,충청남도 예산군 삽교읍,경상사고,0,0,1,0,차대차 - 측면충돌,신호위반,건조,맑음,교차로 - 교차로안,승용,남,59세,상해없음,승용,남,40세,경상
2023020400100321,2023년 2월 4일 16시,토요일,충청남도 천안시 서북구 백석동,중상사고,0,1,0,0,차대차 - 측면충돌,안전운전불이행,건조,맑음,단일로 - 기타,승용,남,35세,상해없음,자전거,남,30세,중상
2023020400100322,2023년 2월 4일 16시,토요일,충청남도 천안시 동남구 청당동,경상사고,0,0,1,0,차대차 - 기타,안전운전불이행,건조,맑음,교차로 - 교차로부근,승용,여,41세,상해없음,개인형이동수단(PM),남,25세,경상
2023020400100357,2023년 2월 4일 17시,토요일,충청남도 아산시 온천동,경상사고,0,0,1,0,차대사람 - 차도통행중,안전운전불이행,건조,맑음,단일로 - 기타,승용,남,57세,상해없음,보행자,남,51세,경상
2023020400100383,2023년 2월 4일 18시,토요일,충청남도 홍성군 서부면,경상사고,0,0,1,0,차대차 - 측면충돌,안전운전불이행,건조,맑음,교차로 - 교차로안,승용,여,49세,상해없음,승용,남,47세,경상
2023020400100444,2023년 2월 4일 20시,토요일,충청남도 천안시 동남구 목천읍,경상사고,0,0,1,0,차대차 - 측면충돌,중앙선침범,건조,맑음,단일로 - 기타,화물,남,53세,상해없음,원동기,남,41세,경상
2023020400100471,2023년 2월 4일 21시,토요일,충청남도 천안시 서북구 두정동,경상사고,0,0,1,0,차대차 - 기타,안전운전불이행,건조,맑음,교차로 - 교차로부근,승용,남,23세,상해없음,이륜,남,39세,경상
2023020400100489,2023년 2월 4일 22시,토요일,충청남도 서산시 성연면,경상사고,0,0,2,0,차대차 - 추돌,안전운전불이행,건조,맑음,교차로 - 교차로안,승용,여,55세,상해없음,승용,남,45세,경상
2023020400100490,2023년 2월 4일 22시,토요일,충청남도 천안시 서북구 업성동,경상사고,0,0,2,0,차대차 - 추돌,안전운전불이행,건조,맑음,교차로 - 교차로부근,승용,여,59세,상해없음,승용,여,36세,경상
2023020400100491,2023년 2월 4일 22시,토요일,충청남도 천안시 서북구 두정동,경상사고,0,0,1,0,차대사람 - 차도통행중,안전운전불이행,건조,맑음,단일로 - 기타,승용,여,29세,상해없음,보행자,남,24세,경상
2023020500100029,2023년 2월 5일 02시,일요일,충청남도 보령시 명천동,중상사고,0,1,0,0,차대차 - 측면충돌,안전운전불이행,건조,맑음,교차로 - 교차로안,승용,남,35세,상해없음,승용,여,38세,중상
2023020500100060,2023년 2월 5일 07시,일요일,충청남도 천안시 서북구 불당동,경상사고,0,0,1,0,차대차 - 추돌,안전운전불이행,건조,맑음,교차로 - 교차로부근,승용,남,59세,상해없음,승용,여,58세,경상
2023020500100061,2023년 2월 5일 07시,일요일,충청남도 아산시 온천동,경상사고,0,0,1,0,차대사람 - 횡단중,보행자보호의무위반,건조,맑음,교차로 - 교차로횡단보도내,승용,남,23세,상해없음,보행자,여,77세,경상
2023020500100077,2023년 2월 5일 09시,일요일,충청남도 당진시 송악읍,중상사고,0,1,0,0,차대차 - 측면충돌,중앙선침범,건조,맑음,단일로 - 기타,승용,여,28세,상해없음,화물,남,47세,중상
2023020500100078,2023년 2월 5일 09시,일요일,충청남도 천안시 동남구 신부동,경상사고,0,0,1,0,차대차 - 측면충돌,신호위반,건조,맑음,교차로 - 교차로안,승용,여,33세,상해없음,승용,여,69세,경상
2023020500100132,2023년 2월 5일 12시,일요일,충청남도 논산시 연산면,경상사고,0,0,2,0,차대차 - 측면충돌,신호위반,건조,맑음,교차로 - 교차로안,이륜,남,45세,기타불명,승용,여,41세,경상
2023020500100133,2023년 2월 5일 12시,일요일,충청남도 예산군 삽교읍,경상사고,0,0,1,0,차대사람 - 길가장자리구역통행중,안전운전불이행,건조,맑음,단일로 - 기타,화물,남,73세,상해없음,보행자,여,46세,경상
2023020500100158,2023년 2월 5일 13시,일요일,충청남도 공주시 웅진동,경상사고,0,0,1,0,차대차 - 측면충돌,안전운전불이행,건조,맑음,단일로 - 기타,승용,남,65세,상해없음,승용,남,22세,경상
2023020500100185,2023년 2월 5일 14시,일요일,충청남도 금산군 금산읍,경상사고,0,0,1,0,차대사람 - 횡단중,보행자보호의무위반,건조,맑음,교차로 - 교차로횡단보도내,이륜,남,68세,상해없음,보행자,여,62세,경상
2023020500100186,2023년 2월 5일 14시,일요일,충청남도 천안시 동남구 목천읍,경상사고,0,0,1,0,차대차 - 추돌,차로위반,건조,맑음,단일로 - 기타,승용,남,33세,상해없음,승용,여,23세,경상
2023020500100254,2023년 2월 5일 17시,일요일,충청남도 서산시 수석동,중상사고,0,1,0,0,차대차 - 추돌,안전운전불이행,건조,맑음,단일로 - 기타,승용,남,63세,상해없음,승용,여,57세,중상
2023020500100255,2023년 2월 5일 17시,일요일,충청남도 아산시 탕정면,중상사고,0,1,0,0,차대차 - 측면충돌,안전운전불이행,건조,맑음,교차로 - 교차로안,승용,여,37세,기타불명,승용,남,40세,중상
2023020600100027,2023년 2월 6일 05시,월요일,충청남도 공주시 금흥동,경상사고,0,0,1,0,차대차 - 측면충돌,교차로운행방법위반,건조,맑음,교차로 - 교차로안,승용,남,34세,상해없음,승용,여,31세,경상
2023020600100028,2023년 2월 6일 05시,월요일,충청남도 당진시 석문면,경상사고,0,0,1,0,차대차 - 추돌,안전운전불이행,건조,맑음,단일로 - 기타,승용,남,45세,상해없음,승용,남,57세,경상
2023020600100045,2023년 2월 6일 06시,월요일,충청남도 아산시 배방읍,중상사고,0,1,0,0,차대차 - 정면충돌,안전운전불이행,건조,맑음,교차로 - 교차로안,승용,남,42세,상해없음,승용,남,30세,중상
2023020600100069,2023년 2월 6일 07시,월요일,충청남도 아산시 탕정면,경상사고,0,0,1,0,차대차 - 추돌,안전운전불이행,건조,맑음,교차로 - 교차로부근,승용,남,55세,기타불명,승용,남,41세,경상
2023020600100070,2023년 2월 6일 07시,월요일,충청남도 예산군 봉산면,경상사고,0,0,1,0,차대차 - 측면충돌,안전운전불이행,건조,맑음,교차로 - 교차로안,승용,남,72세,기타불명,승용,남,47세,경상
2023020600100105,2023년 2월 6일 08시,월요일,충청남도 논산시 은진면,경상사고,0,0,1,0,차대차 - 측면충돌,직진우회전진행방해,건조,맑음,교차로 - 교차로안,화물,남,31세,기타불명,승용,여,50세,경상
2023020600100139,2023년 2월 6일 09시,월요일,충청남도 천안시 서북구 부대동,경상사고,0,0,1,0,차대차 - 측면충돌,신호위반,건조,맑음,단일로 - 기타,승용,남,67세,상해없음,승용,남,30세,경상
2023020600100140,2023년 2월 6일 09시,월요일,충청남도 당진시 석문면,경상사고,0,0,1,0,차대차 - 정면충돌,안전운전불이행,서리/결빙,맑음,단일로 - 기타,승용,남,26세,상해없음,승용,남,54세,경상
2023020600100141,2023년 2월 6일 09시,월요일,충청남도 태안군 태안읍,경상사고,0,0,1,0,차대차 - 추돌,안전거리미확보,건조,맑음,단일로 - 기타,화물,남,72세,상해없음,승용,남,34세,경상
2023020600100173,2023년 2월 6일 10시,월요일,충청남도 천안시 서북구 성거읍,경상사고,0,0,2,0,차대차 - 후진중충돌,안전운전불이행,건조,맑음,교차로 - 교차로부근,화물,남,75세,상해없음,승용,여,31세,경상
2023020600100174,2023년 2월 6일 10시,월요일,충청남도 당진시 석문면,경상사고,0,0,1,0,차대차 - 정면충돌,안전거리미확보,건조,맑음,교차로 - 교차로안,승용,여,67세,상해없음,이륜,남,82세,경상
2023020600100175,2023년 2월 6일 10시,월요일,충청남도 천안시 동남구 신방동,경상사고,0,0,3,0,차대차 - 측면충돌,기타,건조,맑음,단일로 - 교량,승용,남,42세,경상,승용,여,42세,경상
2023020600100195,2023년 2월 6일 11시,월요일,충청남도 서산시 갈산동,중상사고,0,1,2,0,차대차 - 기타,신호위반,건조,맑음,교차로 - 교차로안,승용,남,26세,경상,승용,남,28세,경상
2023020600100196,2023년 2월 6일 11시,월요일,충청남도 보령시 천북면,사망사고,1,0,0,0,차대사람 - 기타,안전운전불이행,건조,맑음,교차로 - 교차로안,화물,남,64세,상해없음,보행자,남,71세,사망
2023020600100197,2023년 2월 6일 11시,월요일,충청남도 당진시 원당동,경상사고,0,0,1,0,차대차 - 추돌,안전운전불이행,건조,맑음,단일로 - 고가도로위,화물,남,68세,상해없음,승용,남,62세,경상
2023020600100198,2023년 2월 6일 11시,월요일,충청남도 천안시 동남구 신부동,경상사고,0,0,3,0,차대차 - 측면충돌,차로위반,건조,맑음,단일로 - 기타,승용,남,64세,경상,승용,여,60세,경상
2023020600100199,2023년 2월 6일 11시,월요일,충청남도 천안시 동남구 목천읍,경상사고,0,0,4,0,차대차 - 측면충돌,안전운전불이행,건조,맑음,기타 - 기타,승용,남,49세,상해없음,승용,남,36세,경상
2023020600100240,2023년 2월 6일 13시,월요일,충청남도 청양군 청양읍,경상사고,0,0,1,0,차대차 - 측면충돌,직진우회전진행방해,건조,맑음,교차로 - 교차로안,승용,남,52세,상해없음,승용,여,67세,경상
2023020600100310,2023년 2월 6일 16시,월요일,충청남도 논산시 광석면,중상사고,0,1,0,0,차대차 - 정면충돌,교차로운행방법위반,건조,맑음,교차로 - 교차로안,승용,여,69세,상해없음,이륜,남,79세,중상
2023020600100375,2023년 2월 6일 18시,월요일,충청남도 천안시 서북구 불당동,경상사고,0,0,1,0,차대차 - 추돌,안전운전불이행,건조,맑음,교차로 - 교차로부근,승용,남,29세,상해없음,승용,여,48세,경상
2023020600100376,2023년 2월 6일 18시,월요일,충청남도 논산시 취암동,경상사고,0,0,1,0,차대사람 - 횡단중,보행자보호의무위반,건조,맑음,교차로 - 교차로횡단보도내,승용,여,61세,상해없음,보행자,남,62세,경상
2023020600100417,2023년 2월 6일 19시,월요일,충청남도 서천군 서천읍,경상사고,0,0,1,0,차대사람 - 기타,안전운전불이행,건조,맑음,교차로 - 교차로안,승용,여,53세,상해없음,보행자,남,61세,경상
2023020600100418,2023년 2월 6일 19시,월요일,충청남도 보령시 동대동,중상사고,0,1,0,0,차대사람 - 기타,안전운전불이행,건조,기타,단일로 - 기타,이륜,남,45세,상해없음,보행자,여,62세,중상
2023020700100052,2023년 2월 7일 06시,화요일,충청남도 서산시 예천동,경상사고,0,0,2,0,차대차 - 기타,신호위반,건조,맑음,교차로 - 교차로안,원동기,남,65세,경상,승용,남,28세,경상
2023020700100066,2023년 2월 7일 07시,화요일,충청남도 부여군 석성면,사망사고,1,0,0,0,차대차 - 추돌,안전운전불이행,건조,맑음,단일로 - 기타,건설기계,남,56세,상해없음,자전거,여,57세,사망
2023020700100099,2023년 2월 7일 08시,화요일,충청남도 천안시 동남구 성남면,경상사고,0,0,1,1,차대차 - 측면충돌,직진우회전진행방해,건조,맑음,교차로 - 교차로안,승용,남,29세,부상신고,화물,남,47세,경상
2023020700100135,2023년 2월 7일 09시,화요일,충청남도 아산시 온천동,경상사고,0,0,1,0,차대차 - 측면충돌,안전운전불이행,건조,맑음,교차로 - 교차로안,승합,남,46세,상해없음,승용,남,37세,경상
2023020700100164,2023년 2월 7일 10시,화요일,충청남도 천안시 서북구 불당동,경상사고,0,0,2,0,차대차 - 측면충돌,신호위반,건조,맑음,교차로 - 교차로안,승용,여,60세,상해없음,승용,남,52세,경상
2023020700100193,2023년 2월 7일 11시,화요일,충청남도 예산군 예산읍,경상사고,0,0,1,0,차대차 - 측면충돌,안전운전불이행,건조,맑음,교차로 - 교차로안,화물,남,75세,상해없음,승용,남,33세,경상
2023020700100254,2023년 2월 7일 13시,화요일,충청남도 천안시 서북구 성정동,경상사고,0,0,1,0,차대차 - 측면충돌,안전운전불이행,건조,맑음,교차로 - 교차로부근,승용,여,61세,상해없음,승용,여,58세,경상
2023020700100255,2023년 2월 7일 13시,화요일,충청남도 공주시 정안면,경상사고,0,0,1,0,차대차 - 추돌,안전운전불이행,건조,맑음,단일로 - 기타,승용,남,30세,상해없음,승용,남,39세,경상
2023020700100299,2023년 2월 7일 15시,화요일,충청남도 홍성군 홍성읍,중상사고,0,1,0,0,차대사람 - 길가장자리구역통행중,교차로운행방법위반,건조,맑음,교차로 - 교차로안,승용,여,42세,상해없음,보행자,여,74세,중상
2023020700100358,2023년 2월 7일 17시,화요일,충청남도 천안시 서북구 불당동,경상사고,0,0,1,0,차대차 - 측면충돌,안전운전불이행,건조,맑음,단일로 - 기타,승용,여,24세,상해없음,원동기,남,32세,경상
2023020700100401,2023년 2월 7일 18시,화요일,충청남도 천안시 서북구 성환읍,경상사고,0,0,2,0,차대차 - 측면충돌,직진우회전진행방해,건조,맑음,교차로 - 교차로안,승용,남,25세,경상,승용,여,61세,경상
2023020700100440,2023년 2월 7일 19시,화요일,충청남도 천안시 서북구 백석동,경상사고,0,0,1,0,차대차 - 측면충돌,불법유턴,건조,맑음,교차로 - 교차로부근,승용,남,30세,상해없음,이륜,남,34세,경상
2023020700100441,2023년 2월 7일 19시,화요일,충청남도 당진시 신평면,중상사고,0,1,0,0,차대차 - 측면충돌,기타,건조,맑음,단일로 - 기타,승용,남,65세,상해없음,승용,여,38세,중상
2023020700100470,2023년 2월 7일 20시,화요일,충청남도 천안시 서북구 두정동,중상사고,0,1,0,0,차량단독 - 전도전복 - 전도,안전운전불이행,건조,맑음,교차로 - 교차로안,이륜,남,22세,상해없음,,,,
2023020700100471,2023년 2월 7일 20시,화요일,충청남도 천안시 동남구 다가동,부상신고사고,0,0,0,1,차대사람 - 기타,안전운전불이행,건조,맑음,기타 - 기타,승합,남,62세,상해없음,보행자,남,39세,부상신고
2023020800100020,2023년 2월 8일 01시,수요일,충청남도 공주시 신관동,경상사고,0,0,2,0,차대차 - 측면충돌,신호위반,건조,맑음,교차로 - 교차로안,승용,남,46세,기타불명,승용,여,27세,경상
2023020800100021,2023년 2월 8일 01시,수요일,충청남도 보령시 주교면,경상사고,0,0,1,0,차대차 - 기타,안전운전불이행,건조,맑음,단일로 - 기타,승용,남,47세,상해없음,화물,남,32세,경상
2023020800100038,2023년 2월 8일 04시,수요일,충청남도 아산시 배방읍,사망사고,1,0,0,0,차량단독 - 공작물충돌,안전운전불이행,건조,맑음,기타 - 기타,승용,여,27세,사망,,,,
2023020800100052,2023년 2월 8일 05시,수요일,충청남도 홍성군 홍동면,중상사고,0,1,0,0,차대차 - 측면충돌,신호위반,건조,맑음,교차로 - 교차로안,화물,남,37세,상해없음,승용,남,57세,중상
2023020800100061,2023년 2월 8일 06시,수요일,충청남도 보령시 대천동,중상사고,0,1,0,0,차대사람 - 기타,안전운전불이행,건조,맑음,기타 - 기타,화물,남,73세,상해없음,보행자,여,86세,중상
2023020800100062,2023년 2월 8일 06시,수요일,충청남도 당진시 채운동,경상사고,0,0,1,0,차대차 - 추돌,안전운전불이행,건조,맑음,교차로 - 교차로부근,승용,남,58세,상해없음,승용,여,51세,경상
2023020800100079,2023년 2월 8일 07시,수요일,충청남도 아산시 신창면,중상사고,0,1,0,0,차대사람 - 차도통행중,안전운전불이행,건조,맑음,교차로 - 교차로안,승용,남,38세,상해없음,보행자,여,46세,중상
2023020800100080,2023년 2월 8일 07시,수요일,충청남도 아산시 영인면,경상사고,0,0,1,0,차대차 - 추돌,안전운전불이행,건조,맑음,교차로 - 교차로안,승용,남,62세,경상,기타불명,기타불명,미분류,기타불명
2023020800100108,2023년 2월 8일 08시,수요일,충청남도 천안시 동남구 원성동,경상사고,0,0,1,0,차대차 - 측면충돌,신호위반,건조,맑음,교차로 - 교차로안,승용,남,63세,상해없음,승용,여,38세,경상
2023020800100146,2023년 2월 8일 09시,수요일,충청남도 당진시 채운동,중상사고,0,1,0,0,차대차 - 추돌,안전운전불이행,건조,맑음,교차로 - 교차로부근,승용,여,43세,상해없음,이륜,남,81세,중상
2023020800100169,2023년 2월 8일 10시,수요일,충청남도 홍성군 홍북읍,경상사고,0,0,1,0,차대차 - 측면충돌,차로위반,건조,맑음,단일로 - 기타,승용,남,72세,상해없음,승용,여,27세,경상
2023020800100170,2023년 2월 8일 10시,수요일,충청남도 아산시 둔포면,경상사고,0,0,2,0,차대차 - 기타,차로위반,건조,맑음,단일로 - 기타,화물,남,60세,상해없음,승용,남,29세,경상
2023020800100171,2023년 2월 8일 10시,수요일,충청남도 보령시 주산면,중상사고,0,2,0,0,차대차 - 측면충돌,기타,건조,맑음,교차로 - 교차로안,화물,남,68세,중상,화물,남,60세,중상
2023020800100200,2023년 2월 8일 11시,수요일,충청남도 당진시 합덕읍,중상사고,0,1,0,0,차대사람 - 횡단중,보행자보호의무위반,건조,맑음,단일로 - 기타,승용,여,65세,상해없음,보행자,여,68세,중상
2023020800100245,2023년 2월 8일 13시,수요일,충청남도 아산시 배방읍,경상사고,0,0,1,0,차대차 - 기타,안전운전불이행,건조,맑음,교차로 - 교차로안,승용,여,33세,상해없음,이륜,남,20세,경상
2023020800100246,2023년 2월 8일 13시,수요일,충청남도 아산시 둔포면,중상사고,0,1,0,0,차대차 - 측면충돌,안전운전불이행,건조,맑음,단일로 - 기타,승용,여,52세,상해없음,이륜,남,76세,중상
2023020800100247,2023년 2월 8일 13시,수요일,충청남도 부여군 은산면,중상사고,0,2,0,0,차대차 - 정면충돌,교차로운행방법위반,건조,맑음,교차로 - 교차로안,화물,남,80세,상해없음,승용,여,62세,중상
2023020800100277,2023년 2월 8일 14시,수요일,충청남도 천안시 서북구 성성동,중상사고,0,1,0,0,차대차 - 추돌,안전운전불이행,건조,맑음,단일로 - 기타,화물,남,41세,상해없음,승용,여,26세,중상
2023020800100339,2023년 2월 8일 16시,수요일,충청남도 천안시 서북구 두정동,경상사고,0,0,1,0,차대차 - 측면충돌,교차로운행방법위반,건조,맑음,교차로 - 교차로안,승용,여,30세,상해없음,승용,남,18세,경상
2023020800100340,2023년 2월 8일 16시,수요일,충청남도 천안시 서북구 성거읍,경상사고,0,0,2,0,차대차 - 추돌,안전운전불이행,건조,맑음,단일로 - 기타,승용,남,43세,상해없음,화물,남,31세,경상
2023020800100374,2023년 2월 8일 17시,수요일,충청남도 당진시 시곡동,중상사고,0,1,0,0,차대차 - 추돌,안전거리미확보,건조,맑음,교차로 - 교차로부근,승합,남,57세,상해없음,건설기계,남,54세,상해없음
2023020800100407,2023년 2월 8일 18시,수요일,충청남도 아산시 모종동,경상사고,0,0,1,0,차대차 - 기타,교차로운행방법위반,건조,맑음,교차로 - 교차로안,승합,남,46세,상해없음,승용,남,29세,경상
2023020800100408,2023년 2월 8일 18시,수요일,충청남도 예산군 덕산면,경상사고,0,0,2,0,차대차 - 측면충돌,직진우회전진행방해,건조,맑음,교차로 - 교차로안,승용,여,57세,상해없음,화물,남,27세,경상
2023020800100409,2023년 2월 8일 18시,수요일,충청남도 당진시 송악읍,중상사고,0,1,0,0,차대차 - 측면충돌,신호위반,건조,맑음,교차로 - 교차로안,승용,남,60세,상해없음,원동기,남,62세,중상
2023020800100452,2023년 2월 8일 19시,수요일,충청남도 천안시 서북구 성거읍,경상사고,0,0,2,0,차대차 - 측면충돌,안전운전불이행,건조,맑음,교차로 - 교차로안,승용,남,58세,상해없음,승용,남,27세,경상
2023020800100476,2023년 2월 8일 20시,수요일,충청남도 천안시 서북구 두정동,중상사고,0,1,0,0,차대차 - 측면충돌,신호위반,건조,맑음,교차로 - 교차로안,승용,여,27세,상해없음,이륜,남,23세,중상
2023020800100499,2023년 2월 8일 21시,수요일,충청남도 아산시 배방읍,경상사고,0,0,1,1,차대사람 - 횡단중,안전운전불이행,건조,맑음,단일로 - 기타,이륜,남,32세,부상신고,보행자,남,60세,경상
2023020900100007,2023년 2월 9일 00시,목요일,충청남도 천안시 서북구 두정동,경상사고,0,0,1,0,차대사람 - 횡단중,안전운전불이행,건조,맑음,교차로 - 교차로안,승용,여,59세,상해없음,보행자,여,49세,경상
2023020900100056,2023년 2월 9일 07시,목요일,충청남도 아산시 배방읍,경상사고,0,0,1,0,차대차 - 정면충돌,신호위반,건조,맑음,교차로 - 교차로안,건설기계,남,63세,상해없음,화물,남,58세,경상
2023020900100057,2023년 2월 9일 07시,목요일,충청남도 보령시 남포면,중상사고,0,1,0,1,차대차 - 기타,차로위반,건조,맑음,단일로 - 기타,승용,남,52세,중상,승용,남,50세,부상신고
2023020900100078,2023년 2월 9일 08시,목요일,충청남도 천안시 동남구 신방동,경상사고,0,0,1,0,차대차 - 추돌,안전운전불이행,건조,맑음,단일로 - 기타,승용,남,26세,상해없음,승용,남,27세,경상
2023020900100147,2023년 2월 9일 11시,목요일,충청남도 서산시 동문동,중상사고,0,1,0,0,차대차 - 추돌,안전운전불이행,건조,맑음,교차로 - 교차로부근,이륜,남,33세,중상,승용,여,56세,상해없음
2023020900100148,2023년 2월 9일 11시,목요일,충청남도 천안시 서북구 성거읍,경상사고,0,0,1,0,차대차 - 기타,신호위반,건조,맑음,교차로 - 교차로안,승용,남,42세,상해없음,승용,남,30세,경상
2023020900100149,2023년 2월 9일 11시,목요일,충청남도 보령시 대천동,중상사고,0,1,0,0,차대사람 - 차도통행중,안전운전불이행,건조,맑음,단일로 - 기타,승용,남,66세,상해없음,보행자,여,58세,중상
2023020900100181,2023년 2월 9일 12시,목요일,충청남도 서산시 대산읍,중상사고,0,1,1,0,차대사람 - 길가장자리구역통행중,안전운전불이행,건조,맑음,교차로 - 교차로안,농기계,남,77세,상해없음,보행자,여,19세,중상
2023020900100208,2023년 2월 9일 13시,목요일,충청남도 아산시 신창면,경상사고,0,0,1,0,차대차 - 후진중충돌,안전운전불이행,건조,맑음,단일로 - 기타,승용,남,62세,상해없음,승용,여,25세,경상
2023020900100209,2023년 2월 9일 13시,목요일,충청남도 아산시 법곡동,중상사고,0,1,0,0,차량단독 - 기타,안전운전불이행,건조,맑음,교차로 - 교차로부근,승합,남,59세,기타불명,,,,