사고번호,사고일시,요일,시군구,사고내용,사망자수,중상자수,경상자수,부상신고자수,사고유형,법규위반,노면상태,기상상태,도로형태,가해운전자 차종,가해운전자 성별,가해운전자 연령,가해운전자 상해정도,피해운전자 차종,피해운전자 성별,피해운전자 연령,피해운전자 상해정도
2023021600100195,2023년 2월 16일 12시,목요일,충청남도 천안시 서북구 성거읍,경상사고,0,0,1,0,차대차 - 추돌,안전운전불이행,건조,맑음,교차로 - 교차로부근,승합,남,61세,상해없음,승용,여,24세,경상
2023021600100196,2023년 2월 16일 12시,목요일,충청남도 아산시 배방읍,경상사고,0,0,1,0,차대차 - 후진중충돌,안전운전불이행,건조,맑음,단일로 - 기타,승용,남,64세,상해없음,승용,남,33세,경상
2023021600100208,2023년 2월 16일 13시,목요일,충청남도 천안시 동남구 신방동,경상사고,0,0,1,0,차대차 - 측면충돌,안전운전불이행,건조,맑음,단일로 - 기타,승용,여,59세,상해없음,화물,남,27세,경상
2023021600100295,2023년 2월 16일 17시,목요일,충청남도 서산시 동문동,중상사고,0,2,0,0,차대사람 - 기타,안전운전불이행,건조,맑음,기타 - 기타,승용,여,54세,상해없음,보행자,남,11세,중상
2023021600100337,2023년 2월 16일 18시,목요일,충청남도 천안시 서북구 성정동,경상사고,0,0,1,0,차대차 - 측면충돌,신호위반,건조,맑음,교차로 - 교차로부근,승용,남,31세,상해없음,승용,남,30세,경상
2023021600100397,2023년 2월 16일 20시,목요일,충청남도 천안시 서북구 성정동,중상사고,0,1,0,0,차대차 - 정면충돌,신호위반,건조,맑음,교차로 - 교차로안,승용,남,28세,상해없음,이륜,남,33세,중상
2023021600100398,2023년 2월 16일 20시,목요일,충청남도 천안시 서북구 성환읍,경상사고,0,0,1,0,차대차 - 추돌,안전운전불이행,건조,맑음,단일로 - 기타,승용,여,63세,상해없음,승용,여,43세,경상
2023021600100399,2023년 2월 16일 20시,목요일,충청남도 천안시 서북구 두정동,경상사고,0,0,2,0,차대차 - 측면충돌,안전거리미확보,건조,맑음,단일로 - 기타,승용,남,63세,상해없음,승용,여,65세,경상
2023021600100423,2023년 2월 16일 21시,목요일,충청남도 논산시 은진면,경상사고,0,0,1,0,차대차 - 후진중충돌,안전운전불이행,건조,맑음,단일로 - 기타,승용,남,48세,상해없음,승용,남,49세,경상
2023021600100424,2023년 2월 16일 21시,목요일,충청남도 논산시 내동,경상사고,0,0,1,0,차대차 - 측면충돌,안전운전불이행,건조,맑음,교차로 - 교차로안,승용,남,54세,상해없음,승용,여,37세,경상
2023021600100457,2023년 2월 16일 23시,목요일,충청남도 천안시 서북구 두정동,경상사고,0,0,1,0,차대차 - 기타,신호위반,건조,맑음,교차로 - 교차로부근,이륜,남,30세,경상,승용,남,46세,상해없음
2023021700100018,2023년 2월 17일 02시,금요일,충청남도 천안시 서북구 두정동,중상사고,0,1,4,0,차대차 - 측면충돌,신호위반,기타,기타,교차로 - 교차로안,승용,남,49세,상해없음,승용,남,59세,경상
2023021700100086,2023년 2월 17일 08시,금요일,충청남도 천안시 서북구 두정동,중상사고,0,1,0,0,차대차 - 측면충돌,안전운전불이행,건조,맑음,교차로 - 교차로횡단보도내,사륜오토바이(ATV),남,76세,상해없음,자전거,남,71세,중상
2023021700100106,2023년 2월 17일 09시,금요일,충청남도 천안시 서북구 성거읍,중상사고,0,2,0,0,차대차 - 기타,신호위반,건조,맑음,교차로 - 교차로안,화물,남,40세,중상,화물,남,64세,중상
2023021700100107,2023년 2월 17일 09시,금요일,충청남도 천안시 서북구 불당동,경상사고,0,0,2,0,차대차 - 추돌,직진우회전진행방해,건조,맑음,교차로 - 교차로안,승용,여,30세,경상,승용,남,68세,경상
2023021700100108,2023년 2월 17일 09시,금요일,충청남도 논산시 연산면,경상사고,0,0,1,0,차대차 - 추돌,안전운전불이행,건조,맑음,교차로 - 교차로부근,승용,여,62세,상해없음,승용,남,60세,경상
2023021700100127,2023년 2월 17일 10시,금요일,충청남도 천안시 서북구 쌍용동,경상사고,0,0,3,0,차대차 - 기타,안전거리미확보,건조,맑음,기타 - 기타,승용,남,46세,경상,화물,남,30세,경상
2023021700100128,2023년 2월 17일 10시,금요일,충청남도 공주시 정안면,중상사고,0,1,1,0,차대차 - 추돌,안전운전불이행,건조,맑음,기타 - 기타,승용,여,55세,기타불명,승용,여,41세,경상
2023021700100159,2023년 2월 17일 11시,금요일,충청남도 논산시 취암동,중상사고,0,2,1,0,차대차 - 추돌,안전운전불이행,건조,맑음,단일로 - 기타,이륜,남,91세,경상,이륜,남,74세,중상
2023021700100185,2023년 2월 17일 12시,금요일,충청남도 서산시 동문동,경상사고,0,0,1,0,차대사람 - 차도통행중,안전운전불이행,건조,맑음,교차로 - 교차로안,승용,남,67세,상해없음,보행자,여,68세,경상
2023021700100233,2023년 2월 17일 14시,금요일,충청남도 천안시 동남구 원성동,경상사고,0,0,1,0,차대차 - 측면충돌,안전운전불이행,건조,맑음,단일로 - 기타,승용,남,82세,상해없음,이륜,남,43세,경상
2023021700100291,2023년 2월 17일 16시,금요일,충청남도 아산시 온천동,경상사고,0,0,2,0,차대사람 - 횡단중,보행자보호의무위반,건조,맑음,교차로 - 교차로횡단보도내,승용,남,19세,상해없음,보행자,여,41세,경상
2023021700100330,2023년 2월 17일 17시,금요일,충청남도 홍성군 금마면,경상사고,0,0,1,0,차대차 - 정면충돌,중앙선침범,건조,맑음,기타 - 기타,이륜,남,83세,기타불명,승용,여,61세,경상
2023021700100331,2023년 2월 17일 17시,금요일,충청남도 보령시 명천동,중상사고,0,2,2,0,차대차 - 정면충돌,기타,건조,맑음,교차로 - 교차로안,승용,남,19세,상해없음,승용,여,39세,경상
2023021700100332,2023년 2월 17일 17시,금요일,충청남도 천안시 동남구 청당동,중상사고,0,1,0,0,차대사람 - 횡단중,보행자보호의무위반,건조,맑음,교차로 - 교차로안,승용,남,23세,상해없음,보행자,여,27세,중상
2023021700100368,2023년 2월 17일 18시,금요일,충청남도 천안시 서북구 불당동,경상사고,0,0,1,0,차대차 - 후진중충돌,안전운전불이행,건조,맑음,기타 - 기타,승용,남,42세,상해없음,이륜,남,59세,경상
2023021700100369,2023년 2월 17일 18시,금요일,충청남도 천안시 서북구 불당동,경상사고,0,0,1,0,차대차 - 측면충돌,직진우회전진행방해,건조,맑음,교차로 - 교차로안,승용,여,41세,상해없음,이륜,남,29세,경상
2023021700100410,2023년 2월 17일 19시,금요일,충청남도 천안시 서북구 쌍용동,경상사고,0,0,1,0,차대차 - 기타,안전운전불이행,건조,맑음,기타 - 기타,승합,남,74세,상해없음,이륜,남,17세,경상
2023021700100466,2023년 2월 17일 21시,금요일,충청남도 천안시 서북구 백석동,경상사고,0,0,1,0,차대차 - 기타,안전운전불이행,건조,맑음,교차로 - 교차로안,승용,남,28세,상해없음,이륜,남,27세,경상
2023021700100508,2023년 2월 17일 23시,금요일,충청남도 천안시 서북구 불당동,경상사고,0,0,2,0,차대차 - 추돌,안전운전불이행,건조,맑음,교차로 - 교차로부근,승합,남,48세,상해없음,승용,남,61세,경상
2023021800100010,2023년 2월 18일 00시,토요일,충청남도 천안시 서북구 성거읍,중상사고,0,1,1,0,차대차 - 기타,안전운전불이행,건조,맑음,단일로 - 기타,승용,여,45세,경상,승용,남,50세,중상
2023021800100027,2023년 2월 18일 02시,토요일,충청남도 계룡시 금암동,경상사고,0,0,2,0,차대차 - 측면충돌,신호위반,건조,맑음,교차로 - 교차로안,이륜,남,16세,상해없음,승용,남,45세,경상
2023021800100073,2023년 2월 18일 07시,토요일,충청남도 천안시 동남구 풍세면,중상사고,0,1,2,0,차대차 - 측면충돌,중앙선침범,건조,흐림,단일로 - 기타,승용,여,52세,경상,화물,남,47세,경상
2023021800100086,2023년 2월 18일 08시,토요일,충청남도 천안시 서북구 성정동,중상사고,0,1,0,0,차대사람 - 기타,안전운전불이행,건조,맑음,단일로 - 기타,승용,여,26세,상해없음,보행자,여,64세,중상
2023021800100087,2023년 2월 18일 08시,토요일,충청남도 아산시 배방읍,경상사고,0,0,1,0,차대차 - 추돌,기타,건조,흐림,교차로 - 교차로안,승용,남,25세,기타불명,화물,남,58세,경상
2023021800100088,2023년 2월 18일 08시,토요일,충청남도 당진시 송산면,경상사고,0,0,1,0,차대차 - 정면충돌,중앙선침범,젖음/습기,맑음,기타 - 기타,승합,남,43세,상해없음,승용,남,34세,경상
2023021800100134,2023년 2월 18일 11시,토요일,충청남도 보령시 대천동,경상사고,0,0,1,0,차대사람 - 기타,안전운전불이행,건조,맑음,단일로 - 기타,승용,남,54세,상해없음,보행자,여,22세,경상
2023021800100135,2023년 2월 18일 11시,토요일,충청남도 당진시 채운동,경상사고,0,0,1,0,차대차 - 측면충돌,안전운전불이행,건조,맑음,교차로 - 교차로안,승용,남,74세,상해없음,승용,여,68세,경상
2023021800100204,2023년 2월 18일 14시,토요일,충청남도 천안시 서북구 불당동,경상사고,0,0,1,0,차대차 - 기타,안전운전불이행,건조,맑음,교차로 - 교차로안,개인형이동수단(PM),남,16세,상해없음,승용,여,26세,경상
2023021800100256,2023년 2월 18일 16시,토요일,충청남도 천안시 서북구 두정동,경상사고,0,0,1,0,차대차 - 측면충돌,직진우회전진행방해,건조,맑음,교차로 - 교차로안,승용,남,39세,상해없음,이륜,남,44세,경상
2023021800100300,2023년 2월 18일 18시,토요일,충청남도 금산군 금산읍,경상사고,0,0,1,0,차대차 - 측면충돌,안전운전불이행,건조,맑음,교차로 - 교차로부근,승용,여,49세,상해없음,이륜,남,32세,경상
2023021800100353,2023년 2월 18일 20시,토요일,충청남도 아산시 신창면,경상사고,0,0,3,0,차대차 - 측면충돌,안전운전불이행,건조,맑음,교차로 - 교차로안,승용,남,61세,상해없음,승용,여,31세,경상
2023021800100354,2023년 2월 18일 20시,토요일,충청남도 아산시 배방읍,경상사고,0,0,1,0,차대사람 - 기타,안전운전불이행,건조,맑음,단일로 - 기타,승용,남,52세,상해없음,보행자,남,45세,경상
2023021800100396,2023년 2월 18일 22시,토요일,충청남도 아산시 신창면,경상사고,0,0,1,0,차대차 - 추돌,안전운전불이행,건조,맑음,단일로 - 기타,승용,남,39세,상해없음,승용,남,41세,상해없음
2023021900100020,2023년 2월 19일 01시,일요일,충청남도 아산시 둔포면,경상사고,0,0,1,0,차대사람 - 기타,안전운전불이행,건조,맑음,단일로 - 기타,기타불명,기타불명,미분류,기타불명,보행자,여,24세,경상
2023021900100040,2023년 2월 19일 03시,일요일,충청남도 아산시 탕정면,경상사고,0,0,1,0,차대차 - 측면충돌,신호위반,건조,맑음,교차로 - 교차로안,승용,남,39세,상해없음,승용,여,22세,경상
2023021900100084,2023년 2월 19일 10시,일요일,충청남도 서천군 장항읍,중상사고,0,1,0,0,차대차 - 측면충돌,직진우회전진행방해,건조,맑음,교차로 - 교차로안,원동기,남,91세,중상,승합,남,66세,상해없음
2023021900100141,2023년 2월 19일 13시,일요일,충청남도 천안시 동남구 봉명동,경상사고,0,0,1,0,차대차 - 추돌,안전운전불이행,건조,맑음,교차로 - 교차로부근,승용,여,50세,상해없음,이륜,남,42세,경상
2023021900100142,2023년 2월 19일 13시,일요일,충청남도 천안시 동남구 신방동,경상사고,0,0,1,0,차대차 - 기타,안전운전불이행,건조,맑음,교차로 - 교차로부근,승용,여,48세,상해없음,승용,여,57세,경상
2023021900100174,2023년 2월 19일 14시,일요일,충청남도 아산시 권곡동,경상사고,0,0,3,0,차대차 - 측면충돌,안전운전불이행,건조,맑음,단일로 - 기타,승용,여,19세,상해없음,승용,남,30세,경상
2023021900100175,2023년 2월 19일 14시,일요일,충청남도 서천군 서천읍,경상사고,0,0,1,0,차대차 - 측면충돌,신호위반,건조,맑음,교차로 - 교차로부근,승용,남,57세,상해없음,승용,남,47세,경상
2023021900100200,2023년 2월 19일 15시,일요일,충청남도 서산시 음암면,경상사고,0,0,1,0,차대차 - 추돌,안전운전불이행,건조,맑음,교차로 - 교차로부근,화물,남,67세,상해없음,승용,여,49세,경상
2023021900100201,2023년 2월 19일 15시,일요일,충청남도 천안시 동남구 신부동,경상사고,0,0,2,0,차대차 - 측면충돌,안전거리미확보,건조,맑음,단일로 - 기타,승용,여,37세,상해없음,승용,여,28세,경상
2023021900100229,2023년 2월 19일 16시,일요일,충청남도 홍성군 광천읍,중상사고,0,1,0,0,차량단독 - 전도전복 - 전도,안전운전불이행,건조,맑음,단일로 - 기타,이륜,남,70세,상해없음,,,,
2023021900100282,2023년 2월 19일 18시,일요일,충청남도 천안시 서북구 쌍용동,경상사고,0,0,1,0,차대사람 - 횡단중,보행자보호의무위반,건조,맑음,교차로 - 교차로횡단보도내,승용,여,49세,상해없음,보행자,여,58세,경상
2023021900100283,2023년 2월 19일 18시,일요일,충청남도 천안시 동남구 목천읍,경상사고,0,0,3,1,차대차 - 기타,안전운전불이행,건조,맑음,단일로 - 기타,승용,남,47세,경상,화물,남,64세,상해없음
2023021900100314,2023년 2월 19일 19시,일요일,충청남도 공주시 의당면,중상사고,0,1,0,0,차량단독 - 전도전복 - 전도,안전운전불이행,건조,흐림,단일로 - 기타,원동기,남,57세,중상,,,,
2023021900100359,2023년 2월 19일 22시,일요일,충청남도 아산시 둔포면,경상사고,0,0,1,0,차대차 - 추돌,안전운전불이행,건조,맑음,교차로 - 교차로안,승용,남,41세,상해없음,이륜,남,42세,경상
2023022000100005,2023년 2월 20일 00시,월요일,충청남도 서산시 부석면,경상사고,0,0,1,0,차대차 - 추돌,안전운전불이행,건조,맑음,단일로 - 기타,화물,남,50세,상해없음,승용,남,28세,경상
2023022000100024,2023년 2월 20일 04시,월요일,충청남도 공주시 이인면,경상사고,0,0,1,0,차대차 - 기타,기타,건조,맑음,단일로 - 기타,특수,남,62세,상해없음,승용,남,28세,경상
2023022000100046,2023년 2월 20일 06시,월요일,충청남도 공주시 웅진동,중상사고,0,1,0,0,차대사람 - 횡단중,보행자보호의무위반,건조,맑음,교차로 - 교차로횡단보도내,승용,남,53세,상해없음,보행자,여,35세,중상
2023022000100070,2023년 2월 20일 07시,월요일,충청남도 천안시 서북구 성성동,경상사고,0,0,1,0,차대차 - 측면충돌,안전거리미확보,건조,맑음,교차로 - 교차로안,승용,남,46세,상해없음,승용,남,42세,경상
2023022000100071,2023년 2월 20일 07시,월요일,충청남도 천안시 동남구 신부동,경상사고,0,0,1,0,차대차 - 추돌,안전운전불이행,건조,맑음,단일로 - 기타,승용,남,36세,상해없음,승용,남,33세,경상
2023022000100138,2023년 2월 20일 09시,월요일,충청남도 아산시 염치읍,경상사고,0,0,1,0,차대차 - 기타,직진우회전진행방해,건조,맑음,교차로 - 교차로안,승용,여,28세,상해없음,원동기,남,62세,경상
2023022000100139,2023년 2월 20일 09시,월요일,충청남도 아산시 신동,경상사고,0,0,1,0,차대차 - 후진중충돌,안전운전불이행,건조,맑음,주차장 - 주차장,승용,남,18세,상해없음,화물,남,35세,상해없음
2023022000100193,2023년 2월 20일 11시,월요일,충청남도 태안군 태안읍,중상사고,0,3,0,0,차대차 - 측면충돌,신호위반,건조,맑음,교차로 - 교차로안,승용,여,53세,상해없음,특수,남,74세,중상
2023022000100267,2023년 2월 20일 13시,월요일,충청남도 천안시 서북구 백석동,경상사고,0,0,1,0,차대차 - 측면충돌,안전운전불이행,건조,맑음,단일로 - 기타,승용,여,46세,상해없음,이륜,남,22세,경상
2023022000100268,2023년 2월 20일 13시,월요일,충청남도 천안시 서북구 불당동,경상사고,0,0,1,0,차대차 - 추돌,안전운전불이행,건조,맑음,기타 - 기타,승용,남,61세,상해없음,승용,남,65세,경상
2023022000100269,2023년 2월 20일 13시,월요일,충청남도 예산군 삽교읍,경상사고,0,0,1,0,차대차 - 측면충돌,교차로운행방법위반,건조,맑음,단일로 - 기타,건설기계,남,65세,상해없음,승용,남,31세,경상
2023022000100270,2023년 2월 20일 13시,월요일,충청남도 천안시 동남구 신방동,경상사고,0,0,1,0,차대사람 - 횡단중,보행자보호의무위반,건조,맑음,단일로 - 기타,화물,남,58세,상해없음,보행자,남,8세,경상
2023022000100295,2023년 2월 20일 14시,월요일,충청남도 천안시 동남구 신부동,사망사고,1,0,0,0,차대사람 - 횡단중,안전운전불이행,건조,맑음,단일로 - 기타,화물,남,28세,상해없음,보행자,여,67세,사망
2023022000100318,2023년 2월 20일 15시,월요일,충청남도 공주시 옥룡동,경상사고,0,0,1,0,차대차 - 측면충돌,안전운전불이행,건조,맑음,교차로 - 교차로안,승용,여,70세,경상,화물,남,54세,상해없음
2023022000100355,2023년 2월 20일 16시,월요일,충청남도 천안시 서북구 쌍용동,경상사고,0,0,1,0,차량단독 - 기타,안전운전불이행,건조,맑음,단일로 - 지하차도(도로)내,승합,남,53세,상해없음,,,,
2023022000100356,2023년 2월 20일 16시,월요일,충청남도 공주시 신관동,경상사고,0,0,2,1,차대차 - 기타,신호위반,건조,맑음,교차로 - 교차로안,승용,여,69세,부상신고,승용,남,24세,경상
2023022000100357,2023년 2월 20일 16시,월요일,충청남도 당진시 석문면,경상사고,0,0,1,0,차대차 - 측면충돌,교차로운행방법위반,건조,맑음,교차로 - 교차로안,승용,남,37세,상해없음,승용,남,77세,경상
2023022000100358,2023년 2월 20일 16시,월요일,충청남도 청양군 목면,중상사고,0,1,0,0,차대차 - 측면충돌,안전운전불이행,건조,맑음,단일로 - 기타,화물,남,71세,상해없음,자전거,남,82세,중상
2023022000100388,2023년 2월 20일 17시,월요일,충청남도 천안시 서북구 두정동,경상사고,0,0,1,0,차대사람 - 기타,안전운전불이행,건조,맑음,단일로 - 기타,승용,남,26세,상해없음,보행자,남,44세,경상
2023022000100389,2023년 2월 20일 17시,월요일,충청남도 천안시 서북구 성정동,경상사고,0,0,1,0,차대차 - 추돌,안전운전불이행,건조,맑음,교차로 - 교차로부근,승용,남,69세,상해없음,승용,남,32세,상해없음
2023022000100429,2023년 2월 20일 18시,월요일,충청남도 천안시 동남구 목천읍,경상사고,0,0,1,0,차대차 - 측면충돌,안전운전불이행,건조,맑음,단일로 - 기타,승용,여,62세,상해없음,화물,남,55세,경상
2023022000100430,2023년 2월 20일 18시,월요일,충청남도 천안시 동남구 신부동,경상사고,0,0,2,0,차대차 - 측면충돌,안전거리미확보,건조,맑음,단일로 - 기타,승합,남,50세,상해없음,승용,여,34세,경상
2023022000100462,2023년 2월 20일 19시,월요일,충청남도 천안시 서북구 쌍용동,중상사고,0,2,0,0,차대차 - 기타,안전운전불이행,건조,맑음,단일로 - 기타,승용,남,62세,중상,이륜,남,35세,중상
2023022000100464,2023년 2월 20일 19시,월요일,충청남도 아산시 음봉면,경상사고,0,0,2,0,차대차 - 측면충돌,안전운전불이행,건조,맑음,단일로 - 기타,승용,여,52세,상해없음,승용,남,46세,경상
2023022000100548,2023년 2월 20일 23시,월요일,충청남도 천안시 서북구 백석동,경상사고,0,0,2,0,차대차 - 측면충돌,안전운전불이행,건조,맑음,교차로 - 교차로안,승용,남,30세,경상,승용,남,38세,상해없음
2023022000100549,2023년 2월 20일 23시,월요일,충청남도 천안시 동남구 신부동,중상사고,0,1,0,0,차대차 - 기타,신호위반,건조,맑음,교차로 - 교차로안,승용,여,18세,상해없음,이륜,남,28세,중상
2023022100100046,2023년 2월 21일 06시,화요일,충청남도 천안시 서북구 쌍용동,중상사고,0,1,0,0,차대사람 - 횡단중,보행자보호의무위반,건조,흐림,교차로 - 교차로횡단보도내,승용,남,58세,상해없음,보행자,여,59세,중상
2023022100100065,2023년 2월 21일 07시,화요일,충청남도 아산시 탕정면,경상사고,0,0,2,0,차대차 - 추돌,안전운전불이행,건조,맑음,단일로 - 터널,승용,남,44세,상해없음,승용,남,22세,경상
2023022100100066,2023년 2월 21일 07시,화요일,충청남도 아산시 염치읍,경상사고,0,0,1,0,차대차 - 기타,안전운전불이행,건조,맑음,단일로 - 기타,승용,남,37세,상해없음,승용,여,54세,상해없음
2023022100100090,2023년 2월 21일 08시,화요일,충청남도 당진시 읍내동,경상사고,0,0,3,0,차대차 - 측면충돌,교차로운행방법위반,건조,맑음,교차로 - 교차로안,승용,남,29세,경상,승용,여,49세,경상
2023022100100116,2023년 2월 21일 09시,화요일,충청남도 논산시 강경읍,중상사고,0,2,1,0,차대차 - 추돌,안전운전불이행,건조,맑음,교차로 - 교차로부근,화물,남,52세,경상,승용,남,70세,중상
2023022100100136,2023년 2월 21일 10시,화요일,충청남도 공주시 웅진동,경상사고,0,0,1,0,차대차 - 기타,차로위반,건조,맑음,교차로 - 교차로부근,승용,남,57세,상해없음,승용,여,41세,경상
2023022100100208,2023년 2월 21일 12시,화요일,충청남도 서산시 석남동,부상신고사고,0,0,0,1,차대사람 - 기타,안전운전불이행,건조,맑음,교차로 - 교차로부근,화물,남,67세,상해없음,보행자,남,10세,부상신고
2023022100100235,2023년 2월 21일 13시,화요일,충청남도 서산시 읍내동,중상사고,0,3,0,0,차대차 - 측면충돌,안전운전불이행,건조,맑음,교차로 - 교차로안,이륜,남,45세,중상,승용,여,25세,중상
2023022100100236,2023년 2월 21일 13시,화요일,충청남도 아산시 모종동,경상사고,0,0,2,0,차대차 - 기타,안전운전불이행,건조,맑음,교차로 - 교차로부근,승용,여,79세,상해없음,승용,남,61세,경상
2023022100100271,2023년 2월 21일 14시,화요일,충청남도 천안시 동남구 대흥동,경상사고,0,0,1,1,차대차 - 측면충돌,안전거리미확보,건조,맑음,단일로 - 기타,승용,여,62세,상해없음,승합,남,52세,상해없음
2023022100100300,2023년 2월 21일 15시,화요일,충청남도 논산시 지산동,경상사고,0,0,2,0,차대차 - 측면충돌,신호위반,건조,맑음,단일로 - 교량,승용,여,64세,상해없음,승용,남,39세,경상
2023022100100301,2023년 2월 21일 15시,화요일,충청남도 홍성군 금마면,중상사고,0,1,0,0,차대차 - 추돌,안전운전불이행,건조,맑음,단일로 - 기타,화물,남,81세,상해없음,자전거,남,85세,중상
2023022100100330,2023년 2월 21일 16시,화요일,충청남도 태안군 소원면,중상사고,0,1,0,0,차대차 - 추돌,안전거리미확보,건조,맑음,교차로 - 교차로안,화물,남,63세,상해없음,승용,여,57세,중상
2023022100100331,2023년 2월 21일 16시,화요일,충청남도 천안시 서북구 성거읍,중상사고,0,1,1,0,차대차 - 추돌,안전운전불이행,건조,맑음,단일로 - 기타,승용,남,45세,상해없음,승용,남,32세,경상
2023022100100362,2023년 2월 21일 17시,화요일,충청남도 천안시 서북구 쌍용동,경상사고,0,0,1,0,차대차 - 기타,안전거리미확보,건조,맑음,단일로 - 기타,승용,여,31세,상해없음,승용,남,34세,경상
2023022100100363,2023년 2월 21일 17시,화요일,충청남도 홍성군 결성면,중상사고,0,1,0,0,차대차 - 측면충돌,기타,건조,맑음,교차로 - 교차로안,승용,여,46세,상해없음,이륜,남,86세,중상
2023022100100402,2023년 2월 21일 18시,화요일,충청남도 계룡시 두마면,경상사고,0,0,1,0,차대사람 - 횡단중,보행자보호의무위반,건조,맑음,단일로 - 기타,승용,여,57세,상해없음,보행자,남,44세,경상
2023022100100403,2023년 2월 21일 18시,화요일,충청남도 천안시 동남구 원성동,경상사고,0,0,1,0,차대차 - 측면충돌,안전거리미확보,건조,맑음,교차로 - 교차로부근,승용,남,43세,상해없음,승용,여,44세,경상
2023022100100464,2023년 2월 21일 20시,화요일,충청남도 금산군 추부면,부상신고사고,0,0,0,1,차량단독 - 기타,안전운전불이행,젖음/습기,눈,단일로 - 기타,승용,남,60세,부상신고,,,,
2023022200100002,2023년 2월 22일 00시,수요일,충청남도 아산시 실옥동,중상사고,0,1,0,0,차대차 - 정면충돌,기타,건조,맑음,교차로 - 교차로안,승용,남,52세,상해없음,승용,남,47세,중상
2023022200100047,2023년 2월 22일 06시,수요일,충청남도 홍성군 광천읍,사망사고,1,0,0,0,차대차 - 정면충돌,안전운전불이행,건조,맑음,교차로 - 교차로안,승용,남,43세,상해없음,자전거,남,87세,사망
2023022200100048,2023년 2월 22일 06시,수요일,충청남도 당진시 송악읍,경상사고,0,0,1,0,차대차 - 기타,안전운전불이행,건조,맑음,교차로 - 교차로안,화물,남,70세,상해없음,특수,남,50세,경상
2023022200100080,2023년 2월 22일 08시,수요일,충청남도 서산시 음암면,중상사고,0,1,0,0,차대차 - 추돌,안전운전불이행,건조,맑음,단일로 - 기타,화물,남,64세,상해없음,승용,여,69세,중상
2023022200100081,2023년 2월 22일 08시,수요일,충청남도 서산시 음암면,경상사고,0,0,1,0,차대차 - 측면충돌,안전운전불이행,건조,맑음,교차로 - 교차로안,승합,남,56세,상해없음,화물,남,59세,경상
2023022200100082,2023년 2월 22일 08시,수요일,충청남도 천안시 서북구 불당동,경상사고,0,0,1,0,차대차 - 기타,교차로운행방법위반,건조,맑음,교차로 - 교차로부근,승용,여,56세,상해없음,승용,남,53세,경상
2023022200100174,2023년 2월 22일 11시,수요일,충청남도 아산시 풍기동,경상사고,0,0,1,0,차대차 - 측면충돌,안전운전불이행,건조,맑음,단일로 - 기타,승용,여,61세,상해없음,승용,남,25세,경상
2023022200100260,2023년 2월 22일 14시,수요일,충청남도 천안시 서북구 성성동,중상사고,0,1,0,0,차대차 - 정면충돌,신호위반,건조,맑음,교차로 - 교차로안,승용,남,54세,상해없음,승용,남,35세,중상
2023022200100261,2023년 2월 22일 14시,수요일,충청남도 논산시 강경읍,경상사고,0,0,1,0,차대사람 - 횡단중,안전운전불이행,건조,맑음,단일로 - 기타,원동기,남,75세,상해없음,보행자,여,6세,경상
2023022200100262,2023년 2월 22일 14시,수요일,충청남도 당진시 원당동,경상사고,0,0,1,0,차대차 - 측면충돌,안전운전불이행,건조,맑음,교차로 - 교차로부근,승용,남,68세,상해없음,승용,여,46세,경상
2023022200100263,2023년 2월 22일 14시,수요일,충청남도 천안시 동남구 용곡동,중상사고,0,1,2,0,차대차 - 측면충돌,안전거리미확보,건조,맑음,단일로 - 고가도로위,화물,남,64세,상해없음,승용,여,53세,경상
2023022200100264,2023년 2월 22일 14시,수요일,충청남도 천안시 서북구 입장면,경상사고,0,0,1,0,차대차 - 추돌,안전운전불이행,건조,맑음,단일로 - 기타,승용,남,25세,상해없음,승용,남,52세,경상
2023022200100332,2023년 2월 22일 16시,수요일,충청남도 공주시 이인면,경상사고,0,0,3,0,차대차 - 추돌,안전운전불이행,건조,맑음,단일로 - 기타,승용,남,21세,상해없음,승용,남,58세,경상
2023022200100352,2023년 2월 22일 17시,수요일,충청남도 천안시 서북구 성성동,경상사고,0,0,1,0,차대차 - 추돌,안전운전불이행,건조,맑음,단일로 - 기타,이륜,남,17세,상해없음,승용,남,40세,경상
2023022200100353,2023년 2월 22일 17시,수요일,충청남도 논산시 연산면,중상사고,0,1,0,0,차대차 - 정면충돌,교차로운행방법위반,건조,맑음,교차로 - 교차로안,화물,남,34세,상해없음,사륜오토바이(ATV),남,55세,중상
2023022200100391,2023년 2월 22일 18시,수요일,충청남도 천안시 서북구 입장면,경상사고,0,0,1,0,차대차 - 측면충돌,안전운전불이행,건조,맑음,단일로 - 기타,승용,여,51세,상해없음,승용,남,52세,경상
2023022200100426,2023년 2월 22일 19시,수요일,충청남도 천안시 서북구 성정동,중상사고,0,1,0,0,차대차 - 측면충돌,중앙선침범,건조,맑음,단일로 - 기타,승용,남,41세,상해없음,이륜,남,20세,중상
2023022200100427,2023년 2월 22일 19시,수요일,충청남도 보령시 대천동,중상사고,0,1,0,0,차대사람 - 기타,안전운전불이행,건조,맑음,단일로 - 기타,승용,남,62세,상해없음,보행자,남,56세,중상
2023022200100428,2023년 2월 22일 19시,수요일,충청남도 천안시 동남구 신방동,경상사고,0,0,2,0,차대차 - 추돌,안전운전불이행,건조,맑음,교차로 - 교차로부근,승용,여,50세,상해없음,승용,남,38세,경상