사고번호,사고일시,요일,시군구,사고내용,사망자수,중상자수,경상자수,부상신고자수,사고유형,법규위반,노면상태,기상상태,도로형태,가해운전자 차종,가해운전자 성별,가해운전자 연령,가해운전자 상해정도,피해운전자 차종,피해운전자 성별,피해운전자 연령,피해운전자 상해정도
2023022200100452,2023년 2월 22일 20시,수요일,충청남도 예산군 예산읍,중상사고,0,1,0,0,차대사람 - 횡단중,신호위반,건조,맑음,교차로 - 교차로횡단보도내,승용,남,51세,상해없음,보행자,남,45세,중상
2023022200100470,2023년 2월 22일 21시,수요일,충청남도 천안시 동남구 봉명동,경상사고,0,0,1,0,차대차 - 측면충돌,안전운전불이행,건조,맑음,단일로 - 기타,화물,남,56세,상해없음,화물,남,50세,경상
2023022200100490,2023년 2월 22일 22시,수요일,충청남도 아산시 배방읍,중상사고,0,1,0,0,차대차 - 추돌,안전운전불이행,건조,맑음,교차로 - 교차로부근,승용,남,44세,상해없음,승용,여,36세,중상
2023022200100509,2023년 2월 22일 23시,수요일,충청남도 서산시 읍내동,중상사고,0,1,0,0,차량단독 - 전도전복 - 전도,안전운전불이행,건조,맑음,단일로 - 기타,이륜,남,44세,중상,,,,
2023022300100006,2023년 2월 23일 00시,목요일,충청남도 천안시 서북구 두정동,부상신고사고,0,0,0,1,차대사람 - 기타,안전운전불이행,건조,맑음,교차로 - 교차로부근,원동기,남,30세,상해없음,보행자,남,68세,부상신고
2023022300100029,2023년 2월 23일 04시,목요일,충청남도 천안시 동남구 신방동,경상사고,0,0,1,0,차대차 - 추돌,안전운전불이행,건조,맑음,교차로 - 교차로부근,승용,남,38세,상해없음,화물,남,72세,경상
2023022300100047,2023년 2월 23일 06시,목요일,충청남도 당진시 석문면,경상사고,0,0,1,0,차대차 - 추돌,중앙선침범,건조,맑음,단일로 - 기타,승용,남,28세,상해없음,화물,남,30세,경상
2023022300100061,2023년 2월 23일 07시,목요일,충청남도 천안시 서북구 입장면,경상사고,0,0,1,0,차대차 - 측면충돌,중앙선침범,젖음/습기,맑음,교차로 - 교차로부근,승용,남,52세,상해없음,승용,남,46세,경상
2023022300100062,2023년 2월 23일 07시,목요일,충청남도 금산군 부리면,경상사고,0,0,1,0,차대차 - 측면충돌,신호위반,건조,맑음,교차로 - 교차로안,승용,남,62세,상해없음,승용,남,63세,경상
2023022300100086,2023년 2월 23일 08시,목요일,충청남도 아산시 인주면,경상사고,0,0,1,0,차대차 - 측면충돌,안전운전불이행,건조,맑음,교차로 - 교차로부근,승용,여,50세,상해없음,승용,여,30세,경상
2023022300100087,2023년 2월 23일 08시,목요일,충청남도 금산군 금산읍,경상사고,0,0,1,0,차대차 - 측면충돌,교차로운행방법위반,건조,맑음,교차로 - 교차로안,승용,여,51세,상해없음,승용,여,31세,경상
2023022300100088,2023년 2월 23일 08시,목요일,충청남도 천안시 동남구 신방동,경상사고,0,0,1,0,차대차 - 추돌,안전거리미확보,건조,맑음,단일로 - 기타,승용,여,31세,기타불명,승용,여,29세,경상
2023022300100121,2023년 2월 23일 09시,목요일,충청남도 홍성군 홍성읍,경상사고,0,0,1,0,차대차 - 측면충돌,신호위반,건조,맑음,교차로 - 교차로안,승용,남,72세,상해없음,승용,남,42세,경상
2023022300100122,2023년 2월 23일 09시,목요일,충청남도 천안시 동남구 목천읍,경상사고,0,0,1,0,차대차 - 기타,안전거리미확보,건조,맑음,교차로 - 교차로부근,승용,여,35세,상해없음,승용,여,30세,경상
2023022300100145,2023년 2월 23일 10시,목요일,충청남도 천안시 서북구 백석동,부상신고사고,0,0,0,2,차대차 - 측면충돌,안전운전불이행,건조,맑음,단일로 - 기타,화물,남,44세,상해없음,화물,남,36세,부상신고
2023022300100146,2023년 2월 23일 10시,목요일,충청남도 서천군 마서면,경상사고,0,0,2,0,차대차 - 추돌,안전운전불이행,건조,맑음,단일로 - 기타,승용,여,67세,경상,승용,남,35세,경상
2023022300100280,2023년 2월 23일 15시,목요일,충청남도 아산시 배방읍,경상사고,0,0,2,0,차대차 - 추돌,안전운전불이행,건조,맑음,교차로 - 교차로부근,승용,여,59세,상해없음,승용,남,45세,경상
2023022300100282,2023년 2월 23일 15시,목요일,충청남도 태안군 근흥면,경상사고,0,0,5,0,차대차 - 측면충돌,중앙선침범,건조,맑음,교차로 - 교차로부근,승용,남,57세,상해없음,승용,남,41세,경상
2023022300100330,2023년 2월 23일 17시,목요일,충청남도 천안시 서북구 쌍용동,경상사고,0,0,1,0,차대사람 - 횡단중,보행자보호의무위반,건조,맑음,교차로 - 교차로횡단보도내,승용,여,54세,상해없음,보행자,여,70세,경상
2023022300100370,2023년 2월 23일 18시,목요일,충청남도 공주시 정안면,경상사고,0,0,2,0,차대차 - 추돌,안전운전불이행,건조,맑음,교차로 - 교차로부근,승용,여,47세,경상,승용,여,56세,경상
2023022300100371,2023년 2월 23일 18시,목요일,충청남도 예산군 신양면,사망사고,1,0,0,0,차량단독 - 기타,안전운전불이행,건조,맑음,교차로 - 교차로부근,농기계,남,80세,사망,,,,
2023022300100372,2023년 2월 23일 18시,목요일,충청남도 천안시 동남구 신부동,경상사고,0,0,1,0,차대차 - 측면충돌,안전운전불이행,건조,맑음,단일로 - 기타,화물,남,61세,상해없음,승용,여,61세,경상
2023022300100411,2023년 2월 23일 19시,목요일,충청남도 천안시 동남구 신부동,경상사고,0,0,5,0,차대차 - 추돌,안전운전불이행,건조,맑음,기타 - 기타,승용,남,60세,기타불명,승용,남,51세,기타불명
2023022300100430,2023년 2월 23일 20시,목요일,충청남도 홍성군 홍북읍,중상사고,0,1,0,0,차대차 - 기타,안전거리미확보,건조,맑음,기타 - 기타,승용,여,51세,상해없음,이륜,남,50세,중상
2023022300100452,2023년 2월 23일 21시,목요일,충청남도 아산시 온천동,중상사고,0,1,0,0,차대사람 - 차도통행중,안전운전불이행,건조,맑음,단일로 - 기타,개인형이동수단(PM),남,55세,상해없음,보행자,여,76세,중상
2023022400100004,2023년 2월 24일 00시,금요일,충청남도 천안시 동남구 신부동,경상사고,0,0,1,0,차대차 - 기타,안전운전불이행,건조,맑음,교차로 - 교차로안,승용,남,51세,상해없음,이륜,남,43세,경상
2023022400100018,2023년 2월 24일 01시,금요일,충청남도 천안시 서북구 성정동,중상사고,0,1,0,0,차대차 - 측면충돌,안전운전불이행,건조,맑음,교차로 - 교차로안,승용,남,35세,상해없음,이륜,남,30세,중상
2023022400100065,2023년 2월 24일 07시,금요일,충청남도 아산시 도고면,경상사고,0,0,2,0,차대차 - 추돌,안전운전불이행,건조,맑음,교차로 - 교차로부근,화물,남,75세,상해없음,화물,남,72세,경상
2023022400100066,2023년 2월 24일 07시,금요일,충청남도 아산시 둔포면,경상사고,0,0,1,0,차대차 - 측면충돌,안전운전불이행,건조,맑음,교차로 - 교차로안,승용,남,55세,상해없음,승용,남,37세,경상
2023022400100092,2023년 2월 24일 08시,금요일,충청남도 서산시 읍내동,중상사고,0,1,0,0,차대사람 - 횡단중,보행자보호의무위반,건조,맑음,교차로 - 교차로횡단보도내,화물,남,52세,상해없음,보행자,남,64세,중상
2023022400100122,2023년 2월 24일 09시,금요일,충청남도 서산시 성연면,중상사고,0,1,0,0,차대차 - 추돌,안전거리미확보,건조,맑음,교차로 - 교차로부근,건설기계,남,31세,상해없음,승용,여,47세,중상
2023022400100123,2023년 2월 24일 09시,금요일,충청남도 천안시 서북구 직산읍,경상사고,0,0,1,0,차대차 - 측면충돌,신호위반,건조,맑음,단일로 - 교량,화물,남,69세,상해없음,승용,남,47세,경상
2023022400100124,2023년 2월 24일 09시,금요일,충청남도 아산시 둔포면,중상사고,0,1,0,0,차대차 - 추돌,안전운전불이행,건조,맑음,단일로 - 기타,화물,남,60세,상해없음,특수,남,51세,기타불명
2023022400100125,2023년 2월 24일 09시,금요일,충청남도 보령시 대천동,중상사고,0,1,0,0,차대사람 - 횡단중,안전운전불이행,건조,맑음,교차로 - 교차로부근,승용,남,80세,상해없음,보행자,여,69세,중상
2023022400100158,2023년 2월 24일 10시,금요일,충청남도 천안시 동남구 목천읍,경상사고,0,0,1,0,차대차 - 추돌,안전운전불이행,건조,맑음,단일로 - 기타,승용,남,69세,상해없음,승용,남,41세,경상
2023022400100191,2023년 2월 24일 11시,금요일,충청남도 천안시 서북구 성환읍,부상신고사고,0,0,0,1,차대차 - 측면충돌,안전운전불이행,건조,맑음,교차로 - 교차로안,개인형이동수단(PM),여,21세,부상신고,승용,남,60세,상해없음
2023022400100218,2023년 2월 24일 12시,금요일,충청남도 아산시 배방읍,사망사고,1,0,1,0,차대차 - 추돌,안전운전불이행,건조,맑음,단일로 - 기타,화물,남,69세,사망,특수,남,64세,경상
2023022400100252,2023년 2월 24일 13시,금요일,충청남도 아산시 모종동,중상사고,0,1,0,0,차대사람 - 기타,안전운전불이행,건조,맑음,주차장 - 주차장,승용,남,37세,상해없음,보행자,여,83세,중상
2023022400100253,2023년 2월 24일 13시,금요일,충청남도 예산군 예산읍,사망사고,1,0,0,0,차대사람 - 횡단중,보행자보호의무위반,건조,맑음,교차로 - 교차로횡단보도내,승용,여,58세,상해없음,보행자,여,54세,사망
2023022400100306,2023년 2월 24일 15시,금요일,충청남도 보령시 대천동,중상사고,0,1,0,0,차량단독 - 공작물충돌,안전운전불이행,건조,맑음,단일로 - 기타,이륜,남,87세,중상,,,,
2023022400100341,2023년 2월 24일 16시,금요일,충청남도 당진시 송악읍,경상사고,0,0,2,0,차대차 - 추돌,안전거리미확보,건조,맑음,단일로 - 기타,승용,여,59세,상해없음,승용,남,28세,경상
2023022400100383,2023년 2월 24일 17시,금요일,충청남도 천안시 서북구 두정동,경상사고,0,0,1,0,차량단독 - 기타,안전운전불이행,건조,맑음,단일로 - 기타,승합,남,48세,상해없음,,,,
2023022400100384,2023년 2월 24일 17시,금요일,충청남도 아산시 신창면,경상사고,0,0,1,0,차대차 - 측면충돌,안전운전불이행,건조,맑음,교차로 - 교차로부근,승용,남,61세,상해없음,자전거,남,12세,경상
2023022400100385,2023년 2월 24일 17시,금요일,충청남도 아산시 권곡동,경상사고,0,0,2,0,차대차 - 측면충돌,교차로운행방법위반,건조,맑음,교차로 - 교차로안,승용,남,62세,경상,화물,남,62세,경상
2023022400100420,2023년 2월 24일 18시,금요일,충청남도 서산시 동문동,사망사고,1,0,0,0,차대사람 - 길가장자리구역통행중,안전운전불이행,건조,맑음,단일로 - 기타,승용,남,80세,상해없음,보행자,여,91세,사망
2023022400100421,2023년 2월 24일 18시,금요일,충청남도 아산시 모종동,중상사고,0,1,0,0,차대사람 - 차도통행중,기타,건조,맑음,교차로 - 교차로부근,이륜,남,50세,상해없음,보행자,여,33세,중상
2023022400100465,2023년 2월 24일 19시,금요일,충청남도 아산시 음봉면,경상사고,0,0,1,0,차대차 - 정면충돌,중앙선침범,건조,맑음,교차로 - 교차로안,화물,남,58세,상해없음,이륜,남,48세,경상
2023022400100466,2023년 2월 24일 19시,금요일,충청남도 천안시 동남구 다가동,경상사고,0,0,1,0,차대차 - 측면충돌,안전운전불이행,건조,맑음,기타 - 기타,승합,남,70세,상해없음,승용,여,61세,경상
2023022400100467,2023년 2월 24일 19시,금요일,충청남도 태안군 태안읍,사망사고,1,0,0,0,차대차 - 기타,안전운전불이행,건조,맑음,단일로 - 기타,승용,남,40세,사망,승용,남,33세,기타불명
2023022400100523,2023년 2월 24일 21시,금요일,충청남도 아산시 모종동,경상사고,0,0,3,0,차대차 - 추돌,안전운전불이행,건조,맑음,단일로 - 기타,승용,남,56세,상해없음,승용,여,38세,경상
2023022400100546,2023년 2월 24일 22시,금요일,충청남도 아산시 온천동,경상사고,0,0,1,0,차대차 - 측면충돌,안전거리미확보,건조,맑음,단일로 - 기타,승용,남,54세,상해없음,승용,남,42세,경상
2023022400100569,2023년 2월 24일 23시,금요일,충청남도 천안시 서북구 쌍용동,경상사고,0,0,1,0,차대차 - 측면충돌,신호위반,건조,맑음,교차로 - 교차로안,화물,남,46세,상해없음,승용,남,51세,경상
2023022400100570,2023년 2월 24일 23시,금요일,충청남도 공주시 신관동,경상사고,0,0,1,0,차대사람 - 기타,기타,건조,맑음,교차로 - 교차로부근,승용,남,24세,상해없음,보행자,여,30세,경상
2023022400100571,2023년 2월 24일 23시,금요일,충청남도 당진시 송악읍,경상사고,0,0,1,0,차대차 - 추돌,안전운전불이행,건조,맑음,단일로 - 교량,승용,여,25세,상해없음,승용,남,40세,경상
2023022500100023,2023년 2월 25일 01시,토요일,충청남도 아산시 둔포면,경상사고,0,0,1,1,차대차 - 추돌,안전운전불이행,건조,맑음,교차로 - 교차로부근,승용,남,27세,상해없음,화물,남,59세,경상
2023022500100034,2023년 2월 25일 03시,토요일,충청남도 천안시 동남구 삼룡동,경상사고,0,0,1,0,차대차 - 측면충돌,안전운전불이행,건조,흐림,기타 - 기타,승용,여,38세,상해없음,승용,남,32세,경상
2023022500100049,2023년 2월 25일 05시,토요일,충청남도 아산시 탕정면,경상사고,0,0,1,0,차대차 - 추돌,안전운전불이행,건조,맑음,단일로 - 기타,승용,여,30세,상해없음,승용,남,23세,경상
2023022500100063,2023년 2월 25일 06시,토요일,충청남도 당진시 읍내동,경상사고,0,0,1,0,차대사람 - 횡단중,안전운전불이행,건조,맑음,교차로 - 교차로횡단보도내,승용,남,75세,상해없음,보행자,남,87세,경상
2023022500100073,2023년 2월 25일 07시,토요일,충청남도 서산시 동문동,중상사고,0,1,2,0,차대차 - 측면충돌,안전운전불이행,건조,맑음,단일로 - 기타,승용,남,30세,상해없음,승용,남,40세,상해없음
2023022500100110,2023년 2월 25일 09시,토요일,충청남도 천안시 서북구 차암동,경상사고,0,0,1,0,차대차 - 기타,안전운전불이행,건조,맑음,기타 - 기타,화물,남,57세,상해없음,승용,남,53세,경상
2023022500100111,2023년 2월 25일 09시,토요일,충청남도 천안시 동남구 신부동,중상사고,0,1,3,0,차대차 - 기타,안전운전불이행,건조,맑음,단일로 - 기타,승합,남,45세,상해없음,승용,남,48세,경상
2023022500100139,2023년 2월 25일 10시,토요일,충청남도 부여군 부여읍,중상사고,0,1,0,0,차대차 - 기타,안전운전불이행,건조,맑음,단일로 - 기타,화물,남,67세,상해없음,자전거,여,69세,중상
2023022500100176,2023년 2월 25일 11시,토요일,충청남도 서산시 동문동,중상사고,0,1,0,0,차대사람 - 길가장자리구역통행중,안전운전불이행,건조,맑음,단일로 - 기타,승용,남,25세,상해없음,보행자,여,24세,중상
2023022500100177,2023년 2월 25일 11시,토요일,충청남도 부여군 내산면,경상사고,0,0,4,0,차대차 - 측면충돌,중앙선침범,건조,맑음,단일로 - 기타,건설기계,남,65세,기타불명,승용,남,39세,경상
2023022500100178,2023년 2월 25일 11시,토요일,충청남도 천안시 동남구 풍세면,경상사고,0,0,3,0,차대차 - 측면충돌,안전운전불이행,건조,맑음,단일로 - 기타,화물,남,60세,상해없음,화물,여,62세,경상
2023022500100211,2023년 2월 25일 12시,토요일,충청남도 논산시 연무읍,경상사고,0,0,1,0,차대차 - 측면충돌,중앙선침범,건조,맑음,단일로 - 기타,이륜,남,78세,경상,승용,남,69세,상해없음
2023022500100212,2023년 2월 25일 12시,토요일,충청남도 논산시 지산동,중상사고,0,1,0,0,차량단독 - 전도전복 - 전도,안전운전불이행,건조,맑음,교차로 - 교차로안,이륜,남,60세,중상,,,,
2023022500100213,2023년 2월 25일 12시,토요일,충청남도 천안시 동남구 원성동,중상사고,0,1,0,0,차대사람 - 횡단중,안전운전불이행,건조,맑음,단일로 - 기타,승용,여,68세,상해없음,보행자,여,60세,중상
2023022500100257,2023년 2월 25일 13시,토요일,충청남도 천안시 서북구 성정동,경상사고,0,0,1,0,차대차 - 기타,신호위반,젖음/습기,맑음,교차로 - 교차로안,승용,남,22세,상해없음,승용,여,45세,경상
2023022500100258,2023년 2월 25일 13시,토요일,충청남도 천안시 동남구 신부동,경상사고,0,0,1,0,차대차 - 측면충돌,안전운전불이행,건조,맑음,단일로 - 기타,승용,여,23세,상해없음,승합,남,61세,경상
2023022500100289,2023년 2월 25일 14시,토요일,충청남도 홍성군 서부면,중상사고,0,1,0,0,차대사람 - 횡단중,안전운전불이행,건조,맑음,단일로 - 기타,승용,남,82세,상해없음,보행자,여,63세,중상
2023022500100290,2023년 2월 25일 14시,토요일,충청남도 태안군 안면읍,경상사고,0,0,1,0,차량단독 - 전도전복 - 전도,기타,건조,맑음,단일로 - 기타,사륜오토바이(ATV),여,27세,경상,,,,
2023022500100291,2023년 2월 25일 14시,토요일,충청남도 공주시 정안면,경상사고,0,0,4,0,차대차 - 기타,안전운전불이행,건조,맑음,단일로 - 기타,승용,남,42세,상해없음,승용,여,24세,경상
2023022500100330,2023년 2월 25일 15시,토요일,충청남도 보령시 미산면,경상사고,0,0,1,0,차대차 - 측면충돌,안전운전불이행,건조,맑음,주차장 - 주차장,건설기계,남,53세,상해없음,승용,남,31세,경상
2023022500100331,2023년 2월 25일 15시,토요일,충청남도 예산군 덕산면,경상사고,0,0,1,0,차대사람 - 기타,안전운전불이행,건조,맑음,단일로 - 기타,승용,남,90세,상해없음,보행자,남,4세,경상
2023022500100332,2023년 2월 25일 15시,토요일,충청남도 천안시 동남구 청당동,경상사고,0,0,2,0,차대차 - 측면충돌,안전거리미확보,건조,맑음,단일로 - 기타,승용,남,51세,상해없음,승합,남,37세,경상
2023022500100367,2023년 2월 25일 16시,토요일,충청남도 아산시 권곡동,경상사고,0,0,3,0,차대차 - 추돌,안전운전불이행,건조,맑음,교차로 - 교차로부근,승합,남,48세,상해없음,승용,남,31세,경상
2023022500100368,2023년 2월 25일 16시,토요일,충청남도 보령시 신흑동,경상사고,0,0,1,0,차대차 - 측면충돌,안전운전불이행,건조,맑음,교차로 - 교차로부근,승용,여,25세,상해없음,승합,남,57세,경상
2023022500100398,2023년 2월 25일 17시,토요일,충청남도 천안시 동남구 신부동,경상사고,0,0,2,0,차대차 - 후진중충돌,안전운전불이행,건조,맑음,주차장 - 주차장,승용,여,56세,상해없음,승용,남,31세,경상
2023022500100488,2023년 2월 25일 20시,토요일,충청남도 당진시 수청동,경상사고,0,0,2,0,차대차 - 측면충돌,안전운전불이행,건조,맑음,단일로 - 기타,승용,남,23세,상해없음,승용,남,55세,경상
2023022500100524,2023년 2월 25일 22시,토요일,충청남도 천안시 서북구 성정동,경상사고,0,0,1,0,차대사람 - 횡단중,안전운전불이행,건조,맑음,교차로 - 교차로횡단보도내,승용,남,39세,상해없음,보행자,남,47세,경상
2023022500100542,2023년 2월 25일 23시,토요일,충청남도 천안시 서북구 성정동,경상사고,0,0,1,0,차량단독 - 기타,안전운전불이행,건조,맑음,기타 - 기타,개인형이동수단(PM),남,22세,경상,,,,
2023022600100021,2023년 2월 26일 02시,일요일,충청남도 천안시 서북구 쌍용동,중상사고,0,3,1,0,차대차 - 기타,안전운전불이행,건조,맑음,교차로 - 교차로부근,승용,남,59세,중상,승용,남,31세,중상
2023022600100022,2023년 2월 26일 02시,일요일,충청남도 아산시 인주면,경상사고,0,0,1,0,차대차 - 추돌,안전운전불이행,건조,맑음,기타 - 기타,승용,남,33세,상해없음,승용,남,43세,경상
2023022600100037,2023년 2월 26일 05시,일요일,충청남도 천안시 서북구 성정동,중상사고,0,1,0,0,차대사람 - 기타,안전운전불이행,건조,맑음,단일로 - 기타,승용,여,30세,상해없음,보행자,남,28세,중상
2023022600100044,2023년 2월 26일 06시,일요일,충청남도 공주시 신관동,중상사고,0,1,0,0,차대사람 - 횡단중,안전운전불이행,건조,맑음,교차로 - 교차로안,승용,남,61세,상해없음,보행자,여,67세,중상
2023022600100061,2023년 2월 26일 09시,일요일,충청남도 서산시 인지면,경상사고,0,0,2,0,차대차 - 측면충돌,안전운전불이행,건조,맑음,단일로 - 기타,화물,남,68세,상해없음,화물,남,79세,경상
2023022600100062,2023년 2월 26일 09시,일요일,충청남도 공주시 정안면,사망사고,1,2,0,0,차대차 - 추돌,안전운전불이행,건조,맑음,교차로 - 교차로부근,화물,남,37세,상해없음,승용,남,51세,중상
2023022600100063,2023년 2월 26일 09시,일요일,충청남도 천안시 동남구 광덕면,경상사고,0,0,1,0,차대차 - 기타,중앙선침범,건조,맑음,단일로 - 지하차도(도로)내,승용,남,53세,기타불명,승용,남,52세,경상
2023022600100134,2023년 2월 26일 12시,일요일,충청남도 서천군 마서면,경상사고,0,0,2,0,차대차 - 측면충돌,안전운전불이행,건조,맑음,교차로 - 교차로부근,승용,남,55세,상해없음,승용,남,44세,경상
2023022600100170,2023년 2월 26일 13시,일요일,충청남도 천안시 서북구 성성동,경상사고,0,0,1,0,차대차 - 기타,신호위반,건조,맑음,교차로 - 교차로안,승용,남,66세,상해없음,승용,남,32세,경상
2023022600100171,2023년 2월 26일 13시,일요일,충청남도 천안시 동남구 신방동,경상사고,0,0,1,0,차대차 - 측면충돌,신호위반,건조,맑음,교차로 - 교차로부근,이륜,남,24세,상해없음,승용,여,35세,경상
2023022600100206,2023년 2월 26일 14시,일요일,충청남도 아산시 모종동,경상사고,0,0,5,0,차대차 - 측면충돌,안전운전불이행,건조,맑음,교차로 - 교차로부근,화물,여,71세,상해없음,승용,남,25세,경상
2023022600100222,2023년 2월 26일 15시,일요일,충청남도 아산시 배방읍,중상사고,0,2,0,0,차대차 - 기타,신호위반,건조,맑음,교차로 - 교차로안,승용,남,67세,상해없음,승용,남,34세,중상
2023022600100310,2023년 2월 26일 18시,일요일,충청남도 천안시 서북구 성정동,중상사고,0,1,0,0,차대차 - 기타,안전운전불이행,건조,맑음,교차로 - 교차로부근,승용,남,29세,상해없음,이륜,남,30세,중상
2023022600100311,2023년 2월 26일 18시,일요일,충청남도 보령시 명천동,경상사고,0,0,1,0,차대차 - 기타,안전운전불이행,건조,맑음,교차로 - 교차로부근,승용,남,45세,상해없음,화물,남,73세,경상
2023022600100352,2023년 2월 26일 20시,일요일,충청남도 서산시 잠홍동,경상사고,0,0,2,0,차대차 - 추돌,안전운전불이행,건조,맑음,교차로 - 교차로부근,승용,남,38세,상해없음,승용,여,56세,경상
2023022600100354,2023년 2월 26일 20시,일요일,충청남도 천안시 동남구 병천면,경상사고,0,0,1,0,차대차 - 추돌,안전운전불이행,건조,맑음,교차로 - 교차로부근,화물,남,61세,상해없음,승용,남,29세,상해없음
2023022700100034,2023년 2월 27일 06시,월요일,충청남도 천안시 동남구 신부동,경상사고,0,0,1,0,차대차 - 측면충돌,안전거리미확보,건조,맑음,단일로 - 기타,승용,남,67세,상해없음,승합,남,47세,경상
2023022700100079,2023년 2월 27일 08시,월요일,충청남도 당진시 대덕동,중상사고,0,1,0,0,차대차 - 측면충돌,안전운전불이행,건조,맑음,교차로 - 교차로안,승용,남,25세,상해없음,승용,남,73세,중상
2023022700100113,2023년 2월 27일 09시,월요일,충청남도 부여군 은산면,중상사고,0,1,0,0,차량단독 - 공작물충돌,안전운전불이행,건조,맑음,단일로 - 기타,화물,남,57세,중상,,,,
2023022700100114,2023년 2월 27일 09시,월요일,충청남도 청양군 청양읍,경상사고,0,0,1,0,차대차 - 측면충돌,안전운전불이행,건조,맑음,교차로 - 교차로안,화물,남,55세,상해없음,승용,여,32세,경상
2023022700100115,2023년 2월 27일 09시,월요일,충청남도 천안시 동남구 신부동,경상사고,0,0,1,0,차대차 - 측면충돌,안전운전불이행,건조,맑음,단일로 - 기타,승합,남,73세,상해없음,승용,남,63세,경상
2023022700100145,2023년 2월 27일 10시,월요일,충청남도 아산시 인주면,경상사고,0,0,6,0,차대차 - 추돌,안전운전불이행,건조,맑음,교차로 - 교차로부근,화물,남,34세,상해없음,승용,여,55세,경상
2023022700100168,2023년 2월 27일 11시,월요일,충청남도 홍성군 구항면,중상사고,0,1,0,0,차대차 - 정면충돌,안전운전불이행,건조,맑음,교차로 - 교차로안,승용,여,66세,상해없음,승용,여,47세,중상
2023022700100169,2023년 2월 27일 11시,월요일,충청남도 공주시 산성동,중상사고,0,1,0,0,차대사람 - 기타,안전운전불이행,건조,맑음,기타 - 기타,승합,남,74세,상해없음,보행자,남,75세,중상
2023022700100199,2023년 2월 27일 12시,월요일,충청남도 천안시 서북구 성정동,중상사고,0,1,1,0,차대차 - 측면충돌,신호위반,건조,맑음,교차로 - 교차로안,승용,여,32세,상해없음,이륜,남,54세,중상
2023022700100200,2023년 2월 27일 12시,월요일,충청남도 아산시 신창면,경상사고,0,0,1,0,차대차 - 추돌,안전운전불이행,건조,맑음,교차로 - 교차로안,승용,남,58세,상해없음,승용,여,24세,경상
2023022700100238,2023년 2월 27일 13시,월요일,충청남도 천안시 서북구 쌍용동,부상신고사고,0,0,0,1,차대차 - 측면충돌,기타,건조,맑음,교차로 - 교차로안,이륜,여,30세,부상신고,승용,남,50세,상해없음
2023022700100273,2023년 2월 27일 14시,월요일,충청남도 천안시 서북구 성정동,경상사고,0,0,1,0,차대차 - 기타,안전운전불이행,건조,맑음,교차로 - 교차로안,승용,남,39세,기타불명,승용,남,25세,경상
2023022700100309,2023년 2월 27일 15시,월요일,충청남도 천안시 서북구 성거읍,중상사고,0,2,3,1,차대차 - 측면충돌,신호위반,건조,맑음,교차로 - 교차로안,승합,남,61세,부상신고,화물,남,53세,경상
2023022700100310,2023년 2월 27일 15시,월요일,충청남도 천안시 동남구 다가동,경상사고,0,0,3,0,차대차 - 기타,기타,건조,맑음,기타 - 기타,승용,남,67세,상해없음,승용,여,33세,경상
2023022700100311,2023년 2월 27일 15시,월요일,충청남도 서천군 화양면,경상사고,0,0,4,0,차대차 - 측면충돌,차로위반,건조,맑음,단일로 - 기타,승용,여,61세,상해없음,승용,남,56세,경상
2023022700100338,2023년 2월 27일 16시,월요일,충청남도 예산군 삽교읍,경상사고,0,0,1,0,차대차 - 측면충돌,신호위반,건조,맑음,교차로 - 교차로안,승용,여,31세,상해없음,승용,남,66세,경상
2023022700100339,2023년 2월 27일 16시,월요일,충청남도 금산군 진산면,경상사고,0,0,1,0,차대차 - 기타,중앙선침범,건조,맑음,교차로 - 교차로안,승용,남,53세,상해없음,승용,여,34세,경상
2023022700100370,2023년 2월 27일 17시,월요일,충청남도 아산시 염치읍,경상사고,0,0,1,0,차대차 - 측면충돌,차로위반,건조,맑음,단일로 - 기타,화물,남,63세,상해없음,승용,남,57세,경상
2023022700100457,2023년 2월 27일 19시,월요일,충청남도 당진시 원당동,중상사고,0,1,0,0,차대사람 - 횡단중,안전운전불이행,건조,맑음,단일로 - 기타,화물,남,68세,상해없음,보행자,남,52세,중상
2023022700100486,2023년 2월 27일 20시,월요일,충청남도 천안시 서북구 성정동,경상사고,0,0,2,0,차대차 - 측면충돌,안전운전불이행,건조,맑음,단일로 - 기타,승용,여,49세,경상,이륜,남,35세,경상
2023022700100487,2023년 2월 27일 20시,월요일,충청남도 공주시 신관동,경상사고,0,0,1,0,차대차 - 후진중충돌,안전운전불이행,건조,흐림,교차로 - 교차로부근,승용,남,61세,상해없음,승용,남,41세,경상
2023022700100488,2023년 2월 27일 20시,월요일,충청남도 당진시 읍내동,경상사고,0,0,1,0,차대사람 - 횡단중,보행자보호의무위반,건조,맑음,단일로 - 기타,승용,여,54세,상해없음,보행자,남,16세,경상
2023022700100489,2023년 2월 27일 20시,월요일,충청남도 서산시 운산면,중상사고,0,2,7,0,차대차 - 추돌,안전운전불이행,건조,맑음,기타 - 기타,승합,남,54세,상해없음,화물,남,36세,경상