사고번호,사고일시,요일,시군구,사고내용,사망자수,중상자수,경상자수,부상신고자수,사고유형,법규위반,노면상태,기상상태,도로형태,가해운전자 차종,가해운전자 성별,가해운전자 연령,가해운전자 상해정도,피해운전자 차종,피해운전자 성별,피해운전자 연령,피해운전자 상해정도
2023022700100507,2023년 2월 27일 21시,월요일,충청남도 천안시 서북구 불당동,경상사고,0,0,1,0,차대차 - 추돌,안전운전불이행,건조,맑음,단일로 - 기타,승용,남,40세,상해없음,승용,남,30세,경상
2023022700100535,2023년 2월 27일 23시,월요일,충청남도 공주시 금흥동,경상사고,0,0,1,0,차대사람 - 기타,안전운전불이행,건조,흐림,기타 - 기타,기타불명,기타불명,미분류,기타불명,보행자,여,60세,경상
2023022800100003,2023년 2월 28일 00시,화요일,충청남도 천안시 서북구 성정동,경상사고,0,0,1,0,차대차 - 측면충돌,안전운전불이행,건조,맑음,단일로 - 기타,이륜,남,26세,경상,승용,여,41세,상해없음
2023022800100058,2023년 2월 28일 07시,화요일,충청남도 논산시 내동,경상사고,0,0,3,0,차대차 - 측면충돌,직진우회전진행방해,건조,맑음,교차로 - 교차로안,승용,남,25세,상해없음,승용,남,27세,경상
2023022800100059,2023년 2월 28일 07시,화요일,충청남도 아산시 배방읍,경상사고,0,0,1,0,차대차 - 측면충돌,차로위반,건조,맑음,단일로 - 기타,승용,여,34세,상해없음,승용,여,39세,경상
2023022800100104,2023년 2월 28일 09시,화요일,충청남도 천안시 서북구 직산읍,경상사고,0,0,1,0,차대차 - 측면충돌,신호위반,건조,맑음,교차로 - 교차로부근,승용,남,34세,상해없음,화물,남,53세,경상
2023022800100105,2023년 2월 28일 09시,화요일,충청남도 논산시 양촌면,경상사고,0,0,1,0,차대차 - 측면충돌,안전운전불이행,건조,맑음,교차로 - 교차로부근,화물,남,54세,상해없음,화물,남,59세,경상
2023022800100126,2023년 2월 28일 10시,화요일,충청남도 천안시 서북구 두정동,경상사고,0,0,1,0,차대차 - 기타,안전운전불이행,건조,맑음,단일로 - 기타,승용,여,52세,상해없음,이륜,남,22세,경상
2023022800100127,2023년 2월 28일 10시,화요일,충청남도 공주시 신풍면,중상사고,0,1,0,0,차대차 - 추돌,안전운전불이행,건조,맑음,단일로 - 기타,화물,남,22세,기타불명,농기계,남,83세,중상
2023022800100128,2023년 2월 28일 10시,화요일,충청남도 예산군 고덕면,경상사고,0,0,1,0,차대차 - 추돌,안전운전불이행,건조,맑음,교차로 - 교차로부근,승용,남,81세,상해없음,승용,남,45세,경상
2023022800100153,2023년 2월 28일 11시,화요일,충청남도 천안시 동남구 청당동,경상사고,0,0,1,0,차대차 - 측면충돌,신호위반,건조,맑음,교차로 - 교차로안,승용,남,39세,상해없음,승용,여,48세,경상
2023022800100154,2023년 2월 28일 11시,화요일,충청남도 공주시 검상동,사망사고,1,4,2,0,차대차 - 추돌,안전운전불이행,건조,맑음,단일로 - 기타,화물,남,58세,사망,승용,남,50세,중상
2023022800100222,2023년 2월 28일 13시,화요일,충청남도 계룡시 신도안면,중상사고,0,1,1,0,차대차 - 정면충돌,신호위반,건조,맑음,교차로 - 교차로안,승용,남,63세,상해없음,화물,남,33세,경상
2023022800100223,2023년 2월 28일 13시,화요일,충청남도 청양군 청양읍,경상사고,0,0,1,0,차대차 - 측면충돌,안전운전불이행,건조,맑음,단일로 - 기타,승용,남,70세,상해없음,승용,남,64세,경상
2023022800100224,2023년 2월 28일 13시,화요일,충청남도 공주시 이인면,경상사고,0,0,2,0,차대차 - 추돌,안전운전불이행,건조,맑음,단일로 - 기타,승용,남,28세,상해없음,승용,여,25세,경상
2023022800100225,2023년 2월 28일 13시,화요일,충청남도 공주시 이인면,중상사고,0,2,11,0,차대차 - 추돌,안전운전불이행,건조,맑음,단일로 - 기타,화물,남,39세,상해없음,승용,여,27세,중상
2023022800100269,2023년 2월 28일 14시,화요일,충청남도 홍성군 갈산면,경상사고,0,0,1,0,차대차 - 측면충돌,안전운전불이행,건조,맑음,단일로 - 고가도로위,승용,남,76세,상해없음,승용,여,49세,경상
2023022800100308,2023년 2월 28일 15시,화요일,충청남도 천안시 서북구 불당동,경상사고,0,0,1,0,차대차 - 추돌,중앙선침범,건조,맑음,단일로 - 기타,승용,남,80세,상해없음,이륜,남,17세,경상
2023022800100345,2023년 2월 28일 16시,화요일,충청남도 천안시 동남구 신부동,경상사고,0,0,1,0,차대사람 - 기타,보행자보호의무위반,건조,맑음,교차로 - 교차로횡단보도내,승용,여,41세,상해없음,보행자,남,19세,경상
2023022800100346,2023년 2월 28일 16시,화요일,충청남도 천안시 서북구 입장면,경상사고,0,0,1,0,차대사람 - 횡단중,안전운전불이행,건조,맑음,주차장 - 주차장,기타불명,기타불명,미분류,기타불명,보행자,여,26세,경상
2023022800100380,2023년 2월 28일 17시,화요일,충청남도 천안시 서북구 성성동,경상사고,0,0,1,0,차대차 - 기타,안전운전불이행,건조,맑음,기타 - 기타,승용,여,37세,상해없음,자전거,여,7세,경상
2023022800100381,2023년 2월 28일 17시,화요일,충청남도 아산시 음봉면,경상사고,0,0,2,0,차대차 - 측면충돌,교차로운행방법위반,건조,맑음,교차로 - 교차로안,승용,남,46세,경상,승용,남,46세,경상
2023022800100419,2023년 2월 28일 18시,화요일,충청남도 천안시 서북구 직산읍,경상사고,0,0,2,0,차대차 - 추돌,안전운전불이행,건조,맑음,단일로 - 기타,승용,남,27세,상해없음,승용,남,33세,경상
2023022800100420,2023년 2월 28일 18시,화요일,충청남도 천안시 서북구 두정동,경상사고,0,0,1,0,차대사람 - 차도통행중,안전운전불이행,건조,맑음,기타 - 기타,기타불명,기타불명,미분류,기타불명,보행자,여,30세,경상
2023022800100421,2023년 2월 28일 18시,화요일,충청남도 아산시 모종동,경상사고,0,0,1,0,차대사람 - 횡단중,보행자보호의무위반,건조,맑음,단일로 - 기타,승용,여,41세,상해없음,보행자,여,40세,경상
2023022800100422,2023년 2월 28일 18시,화요일,충청남도 공주시 유구읍,사망사고,1,0,0,0,차대사람 - 기타,안전운전불이행,건조,맑음,단일로 - 기타,승용,여,60세,기타불명,보행자,여,80세,사망
2023022800100423,2023년 2월 28일 18시,화요일,충청남도 부여군 부여읍,중상사고,0,1,0,0,차대차 - 측면충돌,안전운전불이행,건조,맑음,단일로 - 기타,이륜,남,15세,상해없음,이륜,남,31세,중상
2023022800100424,2023년 2월 28일 18시,화요일,충청남도 천안시 동남구 신부동,경상사고,0,0,1,0,차대사람 - 횡단중,보행자보호의무위반,건조,맑음,교차로 - 교차로부근,승용,남,55세,상해없음,보행자,남,22세,경상
2023022800100460,2023년 2월 28일 19시,화요일,충청남도 천안시 서북구 쌍용동,경상사고,0,0,1,0,차대차 - 측면충돌,안전운전불이행,건조,맑음,교차로 - 교차로안,승용,여,45세,상해없음,승용,여,41세,경상
2023022800100461,2023년 2월 28일 19시,화요일,충청남도 천안시 서북구 성정동,경상사고,0,0,2,0,차대차 - 측면충돌,안전운전불이행,건조,맑음,교차로 - 교차로부근,승용,남,53세,상해없음,승용,남,28세,경상
2023022800100490,2023년 2월 28일 20시,화요일,충청남도 아산시 배방읍,경상사고,0,0,2,0,차대차 - 추돌,안전운전불이행,건조,맑음,기타 - 기타,승용,남,32세,상해없음,승용,남,68세,경상
2023022800100513,2023년 2월 28일 21시,화요일,충청남도 천안시 서북구 쌍용동,중상사고,0,2,1,0,차대차 - 기타,안전운전불이행,건조,맑음,교차로 - 교차로부근,승용,남,47세,기타불명,승용,남,29세,중상
2023022800100514,2023년 2월 28일 21시,화요일,충청남도 천안시 서북구 백석동,경상사고,0,0,1,0,차대차 - 측면충돌,안전운전불이행,건조,맑음,단일로 - 기타,승용,여,31세,상해없음,승용,남,46세,상해없음
2023022800100536,2023년 2월 28일 22시,화요일,충청남도 천안시 서북구 백석동,중상사고,0,2,1,0,차대차 - 측면충돌,신호위반,건조,맑음,교차로 - 교차로안,승용,남,43세,상해없음,승용,남,29세,경상
2023030100100025,2023년 3월 1일 02시,수요일,충청남도 천안시 동남구 신부동,중상사고,0,1,1,0,차대차 - 측면충돌,안전운전불이행,건조,맑음,단일로 - 기타,원동기,남,15세,중상,이륜,남,16세,경상
2023030100100033,2023년 3월 1일 03시,수요일,충청남도 천안시 서북구 두정동,경상사고,0,0,1,0,차대차 - 추돌,안전운전불이행,건조,맑음,교차로 - 교차로부근,승용,남,42세,상해없음,승용,남,25세,경상
2023030100100043,2023년 3월 1일 05시,수요일,충청남도 보령시 주포면,중상사고,0,1,0,0,차대차 - 추돌,안전운전불이행,건조,맑음,단일로 - 기타,승용,남,39세,상해없음,농기계,남,83세,중상
2023030100100121,2023년 3월 1일 11시,수요일,충청남도 천안시 동남구 안서동,경상사고,0,0,1,0,차대사람 - 기타,안전운전불이행,건조,맑음,기타 - 기타,승용,남,53세,상해없음,보행자,여,22세,경상
2023030100100145,2023년 3월 1일 12시,수요일,충청남도 천안시 동남구 구성동,경상사고,0,0,1,0,차대차 - 추돌,안전거리미확보,건조,맑음,기타 - 기타,화물,남,60세,기타불명,승용,남,56세,경상
2023030100100206,2023년 3월 1일 15시,수요일,충청남도 천안시 서북구 두정동,경상사고,0,0,1,0,차대차 - 측면충돌,안전운전불이행,건조,맑음,단일로 - 기타,승용,남,25세,상해없음,승용,남,23세,경상
2023030100100207,2023년 3월 1일 15시,수요일,충청남도 예산군 광시면,경상사고,0,0,4,0,차대차 - 측면충돌,안전운전불이행,건조,맑음,단일로 - 교량,농기계,남,59세,상해없음,승용,여,62세,경상
2023030100100236,2023년 3월 1일 16시,수요일,충청남도 천안시 서북구 성정동,경상사고,0,0,1,0,차대차 - 기타,안전운전불이행,건조,맑음,기타 - 기타,화물,남,25세,기타불명,이륜,남,28세,경상
2023030100100237,2023년 3월 1일 16시,수요일,충청남도 아산시 모종동,중상사고,0,1,1,0,차대차 - 측면충돌,안전운전불이행,건조,맑음,교차로 - 교차로안,승용,남,68세,상해없음,이륜,남,16세,경상
2023030100100238,2023년 3월 1일 16시,수요일,충청남도 당진시 송악읍,경상사고,0,0,1,0,차대사람 - 차도통행중,안전운전불이행,건조,맑음,교차로 - 교차로안,승용,여,53세,상해없음,보행자,여,28세,경상
2023030100100239,2023년 3월 1일 16시,수요일,충청남도 천안시 동남구 광덕면,경상사고,0,0,1,0,차대사람 - 기타,안전운전불이행,건조,맑음,기타 - 기타,승용,남,68세,상해없음,보행자,여,47세,경상
2023030100100259,2023년 3월 1일 17시,수요일,충청남도 아산시 온천동,중상사고,0,1,0,0,차대차 - 후진중충돌,안전운전불이행,건조,맑음,교차로 - 교차로안,화물,남,58세,상해없음,이륜,남,69세,중상
2023030100100305,2023년 3월 1일 19시,수요일,충청남도 천안시 서북구 두정동,경상사고,0,0,1,0,차대차 - 기타,안전운전불이행,건조,맑음,교차로 - 교차로안,이륜,남,39세,상해없음,이륜,남,32세,경상
2023030200100006,2023년 3월 2일 00시,목요일,충청남도 서산시 읍내동,중상사고,0,1,0,0,차대차 - 기타,안전운전불이행,건조,맑음,기타 - 기타,승용,남,37세,중상,화물,남,40세,상해없음
2023030200100093,2023년 3월 2일 08시,목요일,충청남도 서산시 지곡면,중상사고,0,1,0,0,차대차 - 측면충돌,안전운전불이행,건조,맑음,단일로 - 기타,승용,여,41세,상해없음,이륜,남,81세,중상
2023030200100094,2023년 3월 2일 08시,목요일,충청남도 보령시 동대동,중상사고,0,1,0,0,차대사람 - 기타,보행자보호의무위반,건조,맑음,단일로 - 기타,승용,남,46세,상해없음,보행자,여,65세,중상
2023030200100095,2023년 3월 2일 08시,목요일,충청남도 공주시 금흥동,중상사고,0,1,1,0,차대차 - 측면충돌,신호위반,건조,맑음,교차로 - 교차로안,승용,남,65세,경상,승용,여,42세,중상
2023030200100096,2023년 3월 2일 08시,목요일,충청남도 공주시 의당면,경상사고,0,0,1,0,차대차 - 측면충돌,중앙선침범,건조,맑음,교차로 - 교차로안,승용,남,50세,상해없음,승용,여,58세,경상
2023030200100097,2023년 3월 2일 08시,목요일,충청남도 공주시 반포면,중상사고,0,1,0,0,차대차 - 측면충돌,안전운전불이행,건조,맑음,교차로 - 교차로안,승용,남,31세,기타불명,승용,여,62세,중상
2023030200100146,2023년 3월 2일 09시,목요일,충청남도 홍성군 갈산면,경상사고,0,0,1,0,차대사람 - 차도통행중,안전운전불이행,건조,맑음,교차로 - 교차로안,승용,여,75세,상해없음,보행자,여,36세,경상
2023030200100175,2023년 3월 2일 10시,목요일,충청남도 천안시 서북구 쌍용동,경상사고,0,0,1,0,차대사람 - 기타,안전운전불이행,건조,맑음,교차로 - 교차로부근,승용,남,82세,상해없음,보행자,남,40세,경상
2023030200100176,2023년 3월 2일 10시,목요일,충청남도 천안시 동남구 신방동,중상사고,0,1,0,0,차대사람 - 보도통행중,기타,건조,맑음,기타 - 기타,화물,남,62세,상해없음,보행자,여,35세,중상
2023030200100205,2023년 3월 2일 11시,목요일,충청남도 논산시 대교동,경상사고,0,0,3,0,차대차 - 측면충돌,직진우회전진행방해,건조,맑음,교차로 - 교차로안,승용,남,49세,기타불명,화물,남,48세,경상
2023030200100313,2023년 3월 2일 14시,목요일,충청남도 당진시 수청동,경상사고,0,0,1,0,차대차 - 측면충돌,차로위반,건조,맑음,단일로 - 기타,승용,남,67세,상해없음,승용,여,48세,경상
2023030200100342,2023년 3월 2일 15시,목요일,충청남도 천안시 동남구 봉명동,경상사고,0,0,1,0,차대사람 - 횡단중,보행자보호의무위반,건조,맑음,교차로 - 교차로횡단보도내,화물,남,67세,상해없음,보행자,남,60세,경상
2023030200100365,2023년 3월 2일 16시,목요일,충청남도 천안시 서북구 성환읍,경상사고,0,0,2,1,차대차 - 정면충돌,신호위반,건조,맑음,교차로 - 교차로안,승용,남,75세,부상신고,화물,남,25세,경상
2023030200100366,2023년 3월 2일 16시,목요일,충청남도 홍성군 홍북읍,부상신고사고,0,0,0,1,차대차 - 기타,안전운전불이행,건조,맑음,단일로 - 기타,승합,남,33세,상해없음,승용,남,32세,부상신고
2023030200100367,2023년 3월 2일 16시,목요일,충청남도 아산시 음봉면,경상사고,0,0,1,0,차대차 - 기타,안전운전불이행,건조,맑음,단일로 - 기타,화물,남,55세,상해없음,승용,여,36세,경상
2023030200100443,2023년 3월 2일 18시,목요일,충청남도 천안시 서북구 두정동,경상사고,0,0,1,0,차대차 - 측면충돌,안전운전불이행,건조,맑음,단일로 - 기타,승합,남,63세,상해없음,승용,남,34세,경상
2023030200100444,2023년 3월 2일 18시,목요일,충청남도 서천군 장항읍,경상사고,0,0,2,0,차대차 - 기타,신호위반,건조,맑음,교차로 - 교차로안,승용,여,30세,상해없음,승용,남,62세,경상
2023030200100445,2023년 3월 2일 18시,목요일,충청남도 보령시 명천동,경상사고,0,0,1,0,차대사람 - 기타,안전운전불이행,건조,맑음,기타 - 기타,승용,남,31세,상해없음,보행자,남,36세,경상
2023030200100473,2023년 3월 2일 19시,목요일,충청남도 서산시 음암면,중상사고,0,1,0,0,차대사람 - 차도통행중,안전운전불이행,건조,맑음,단일로 - 기타,승용,여,63세,상해없음,보행자,남,55세,중상
2023030200100474,2023년 3월 2일 19시,목요일,충청남도 천안시 동남구 신부동,경상사고,0,0,1,0,차대차 - 추돌,차로위반,건조,맑음,기타 - 기타,승용,남,39세,상해없음,승용,여,41세,경상
2023030200100501,2023년 3월 2일 20시,목요일,충청남도 천안시 서북구 두정동,경상사고,0,0,1,0,차대차 - 정면충돌,직진우회전진행방해,건조,맑음,교차로 - 교차로안,이륜,남,20세,상해없음,승용,남,39세,경상
2023030200100502,2023년 3월 2일 20시,목요일,충청남도 천안시 서북구 성성동,경상사고,0,0,1,0,차대차 - 추돌,안전운전불이행,건조,맑음,단일로 - 기타,승용,남,36세,상해없음,승용,남,38세,경상
2023030200100503,2023년 3월 2일 20시,목요일,충청남도 부여군 세도면,중상사고,0,1,0,0,차대차 - 정면충돌,중앙선침범,건조,맑음,단일로 - 기타,화물,남,60세,상해없음,승용,남,31세,중상
2023030200100535,2023년 3월 2일 22시,목요일,충청남도 논산시 연산면,사망사고,1,0,0,0,차대사람 - 횡단중,안전운전불이행,건조,맑음,교차로 - 교차로부근,승용,여,45세,상해없음,보행자,남,73세,사망
2023030200100546,2023년 3월 2일 23시,목요일,충청남도 천안시 서북구 두정동,경상사고,0,0,1,0,차대차 - 추돌,안전운전불이행,건조,맑음,교차로 - 교차로부근,승용,남,36세,상해없음,승용,남,34세,경상
2023030300100097,2023년 3월 3일 08시,금요일,충청남도 천안시 서북구 성성동,경상사고,0,0,1,0,차대차 - 기타,안전거리미확보,건조,맑음,단일로 - 기타,승용,여,30세,경상,건설기계,남,63세,상해없음
2023030300100098,2023년 3월 3일 08시,금요일,충청남도 아산시 배미동,경상사고,0,0,1,0,차대사람 - 횡단중,신호위반,건조,맑음,교차로 - 교차로횡단보도내,승용,여,66세,상해없음,보행자,여,7세,경상
2023030300100099,2023년 3월 3일 08시,금요일,충청남도 아산시 탕정면,중상사고,0,1,0,0,차대차 - 추돌,안전운전불이행,건조,맑음,단일로 - 기타,화물,남,56세,상해없음,화물,남,43세,중상
2023030300100100,2023년 3월 3일 08시,금요일,충청남도 서천군 마서면,사망사고,1,0,0,0,차대차 - 기타,신호위반,건조,맑음,교차로 - 교차로안,승용,여,38세,상해없음,이륜,남,72세,사망
2023030300100101,2023년 3월 3일 08시,금요일,충청남도 보령시 명천동,중상사고,0,1,0,0,차대차 - 기타,신호위반,건조,맑음,교차로 - 교차로안,승용,남,65세,상해없음,승용,여,41세,중상
2023030300100170,2023년 3월 3일 10시,금요일,충청남도 당진시 채운동,경상사고,0,0,1,0,차대차 - 측면충돌,신호위반,건조,맑음,교차로 - 교차로안,건설기계,남,55세,상해없음,이륜,남,24세,경상
2023030300100193,2023년 3월 3일 11시,금요일,충청남도 아산시 음봉면,경상사고,0,0,1,0,차대차 - 추돌,안전운전불이행,건조,맑음,단일로 - 기타,승용,남,60세,상해없음,승용,남,41세,경상
2023030300100194,2023년 3월 3일 11시,금요일,충청남도 금산군 추부면,중상사고,0,1,0,0,차대차 - 측면충돌,안전운전불이행,건조,맑음,교차로 - 교차로안,승용,여,65세,상해없음,이륜,남,80세,중상
2023030300100195,2023년 3월 3일 11시,금요일,충청남도 천안시 동남구 신부동,경상사고,0,0,1,0,차대차 - 기타,차로위반,건조,맑음,단일로 - 지하차도(도로)내,승용,여,22세,상해없음,승용,남,45세,경상
2023030300100284,2023년 3월 3일 14시,금요일,충청남도 천안시 서북구 업성동,사망사고,1,0,0,0,차대차 - 측면충돌,안전거리미확보,건조,맑음,단일로 - 기타,승용,남,44세,상해없음,이륜,남,40세,사망
2023030300100285,2023년 3월 3일 14시,금요일,충청남도 금산군 제원면,중상사고,0,1,0,0,차대차 - 측면충돌,안전운전불이행,건조,맑음,단일로 - 기타,승용,남,48세,상해없음,자전거,남,75세,중상
2023030300100326,2023년 3월 3일 15시,금요일,충청남도 아산시 온천동,경상사고,0,0,1,0,차대사람 - 기타,안전운전불이행,건조,맑음,기타 - 기타,승용,여,59세,상해없음,보행자,여,49세,경상
2023030300100358,2023년 3월 3일 16시,금요일,충청남도 천안시 서북구 입장면,경상사고,0,0,1,0,차대차 - 측면충돌,안전운전불이행,건조,맑음,교차로 - 교차로안,승용,남,54세,기타불명,화물,남,62세,경상
2023030300100359,2023년 3월 3일 16시,금요일,충청남도 천안시 동남구 청당동,중상사고,0,1,0,0,차대사람 - 보도통행중,기타,건조,맑음,단일로 - 기타,승용,남,34세,상해없음,보행자,여,43세,중상
2023030300100360,2023년 3월 3일 16시,금요일,충청남도 천안시 동남구 목천읍,경상사고,0,0,4,0,차대차 - 측면충돌,교차로운행방법위반,건조,맑음,교차로 - 교차로안,원동기,여,63세,경상,승용,여,34세,경상
2023030300100392,2023년 3월 3일 17시,금요일,충청남도 아산시 배방읍,경상사고,0,0,1,0,차대차 - 추돌,안전운전불이행,건조,맑음,교차로 - 교차로안,승용,여,33세,기타불명,승용,남,40세,경상
2023030300100393,2023년 3월 3일 17시,금요일,충청남도 태안군 안면읍,경상사고,0,0,1,0,차대차 - 추돌,교차로운행방법위반,건조,맑음,교차로 - 교차로안,승용,남,82세,상해없음,승용,여,44세,경상
2023030300100449,2023년 3월 3일 18시,금요일,충청남도 천안시 동남구 삼룡동,경상사고,0,0,1,0,차대차 - 추돌,안전운전불이행,건조,맑음,단일로 - 기타,승용,남,56세,상해없음,승용,남,27세,경상
2023030300100489,2023년 3월 3일 19시,금요일,충청남도 천안시 서북구 두정동,경상사고,0,0,3,0,차대차 - 측면충돌,안전거리미확보,건조,맑음,단일로 - 기타,승용,남,42세,상해없음,승용,남,25세,경상
2023030300100490,2023년 3월 3일 19시,금요일,충청남도 천안시 동남구 신부동,경상사고,0,0,2,0,차대차 - 추돌,안전운전불이행,건조,맑음,단일로 - 기타,승용,남,34세,상해없음,승용,남,31세,경상
2023030300100543,2023년 3월 3일 21시,금요일,충청남도 예산군 오가면,중상사고,0,4,0,0,차대차 - 정면충돌,중앙선침범,건조,맑음,단일로 - 기타,화물,남,23세,중상,승용,여,29세,중상
2023030300100561,2023년 3월 3일 22시,금요일,충청남도 서산시 대산읍,중상사고,0,1,0,0,차대사람 - 횡단중,안전운전불이행,건조,맑음,교차로 - 교차로안,화물,남,53세,상해없음,보행자,남,53세,중상
2023030300100562,2023년 3월 3일 22시,금요일,충청남도 천안시 서북구 성환읍,경상사고,0,0,1,0,차대차 - 정면충돌,중앙선침범,건조,맑음,교차로 - 교차로안,승용,여,37세,상해없음,승용,남,49세,경상
2023030300100582,2023년 3월 3일 23시,금요일,충청남도 천안시 서북구 쌍용동,경상사고,0,0,2,0,차대차 - 추돌,안전운전불이행,건조,맑음,교차로 - 교차로부근,승용,남,49세,상해없음,승용,남,43세,경상
2023030300100583,2023년 3월 3일 23시,금요일,충청남도 천안시 서북구 직산읍,중상사고,0,1,0,0,차대사람 - 횡단중,안전운전불이행,건조,맑음,기타 - 기타,승용,남,41세,상해없음,보행자,남,57세,중상
2023030400100007,2023년 3월 4일 00시,토요일,충청남도 아산시 도고면,중상사고,0,2,1,0,차대차 - 측면충돌,신호위반,건조,맑음,교차로 - 교차로부근,승용,남,49세,중상,승용,여,38세,중상
2023030400100026,2023년 3월 4일 01시,토요일,충청남도 천안시 서북구 쌍용동,중상사고,0,2,1,0,차대차 - 정면충돌,신호위반,건조,맑음,교차로 - 교차로안,승용,남,47세,중상,승용,남,58세,중상
2023030400100048,2023년 3월 4일 04시,토요일,충청남도 천안시 서북구 성거읍,사망사고,1,0,1,0,차대사람 - 횡단중,기타,건조,맑음,교차로 - 교차로횡단보도내,승용,여,57세,경상,보행자,여,57세,사망
2023030400100068,2023년 3월 4일 06시,토요일,충청남도 부여군 부여읍,경상사고,0,0,1,0,차대차 - 측면충돌,차로위반,건조,맑음,단일로 - 기타,화물,남,54세,상해없음,승용,남,77세,경상
2023030400100091,2023년 3월 4일 08시,토요일,충청남도 천안시 서북구 불당동,경상사고,0,0,1,0,차대사람 - 횡단중,보행자보호의무위반,건조,맑음,교차로 - 교차로횡단보도내,화물,남,61세,상해없음,보행자,여,46세,경상
2023030400100103,2023년 3월 4일 09시,토요일,충청남도 서산시 지곡면,중상사고,0,1,0,0,차량단독 - 기타,안전운전불이행,건조,맑음,교차로 - 교차로부근,승용,여,63세,상해없음,,,,
2023030400100122,2023년 3월 4일 10시,토요일,충청남도 서산시 해미면,중상사고,0,1,0,0,차대차 - 후진중충돌,안전운전불이행,건조,맑음,단일로 - 기타,승용,여,77세,상해없음,승용,남,68세,기타불명
2023030400100123,2023년 3월 4일 10시,토요일,충청남도 당진시 합덕읍,중상사고,0,1,0,0,차대차 - 정면충돌,중앙선침범,건조,맑음,교차로 - 교차로부근,승용,남,35세,상해없음,이륜,남,42세,중상
2023030400100158,2023년 3월 4일 11시,토요일,충청남도 아산시 배방읍,경상사고,0,0,2,0,차대차 - 측면충돌,신호위반,건조,맑음,교차로 - 교차로부근,승용,남,60세,상해없음,승용,남,41세,경상
2023030400100186,2023년 3월 4일 12시,토요일,충청남도 천안시 동남구 구성동,경상사고,0,0,2,0,차대차 - 기타,안전운전불이행,건조,맑음,교차로 - 교차로안,화물,남,62세,상해없음,승용,남,49세,경상
2023030400100223,2023년 3월 4일 13시,토요일,충청남도 천안시 동남구 신부동,경상사고,0,0,1,0,차대차 - 측면충돌,안전운전불이행,건조,맑음,교차로 - 교차로안,승용,남,49세,상해없음,승용,남,37세,경상
2023030400100253,2023년 3월 4일 14시,토요일,충청남도 태안군 안면읍,경상사고,0,0,5,0,차대차 - 기타,기타,건조,맑음,단일로 - 교량,화물,남,73세,상해없음,승용,여,27세,경상
2023030400100318,2023년 3월 4일 16시,토요일,충청남도 서산시 인지면,경상사고,0,0,2,0,차대차 - 추돌,안전운전불이행,건조,맑음,교차로 - 교차로부근,승용,여,50세,상해없음,승용,남,47세,경상
2023030400100319,2023년 3월 4일 16시,토요일,충청남도 천안시 서북구 성정동,중상사고,0,1,0,0,차대차 - 정면충돌,신호위반,건조,맑음,교차로 - 교차로안,승용,남,36세,상해없음,이륜,남,50세,중상
2023030400100403,2023년 3월 4일 19시,토요일,충청남도 천안시 동남구 구성동,부상신고사고,0,0,0,1,차대차 - 기타,안전운전불이행,건조,맑음,단일로 - 기타,승용,남,55세,상해없음,이륜,남,28세,부상신고
2023030400100467,2023년 3월 4일 21시,토요일,충청남도 천안시 서북구 쌍용동,경상사고,0,0,1,0,차대차 - 정면충돌,안전운전불이행,건조,맑음,단일로 - 기타,이륜,남,45세,경상,승용,남,48세,상해없음
2023030400100495,2023년 3월 4일 23시,토요일,충청남도 천안시 동남구 신부동,경상사고,0,0,1,0,차대차 - 기타,신호위반,건조,맑음,교차로 - 교차로안,승용,남,18세,상해없음,승용,남,29세,경상
2023030500100008,2023년 3월 5일 00시,일요일,충청남도 아산시 둔포면,중상사고,0,2,0,0,차량단독 - 공작물충돌,안전운전불이행,건조,맑음,단일로 - 기타,원동기,남,16세,중상,,,,
2023030500100009,2023년 3월 5일 00시,일요일,충청남도 천안시 동남구 용곡동,경상사고,0,0,3,0,차대차 - 측면충돌,신호위반,건조,맑음,교차로 - 교차로안,승용,남,19세,경상,승용,남,26세,경상
2023030500100019,2023년 3월 5일 01시,일요일,충청남도 천안시 서북구 불당동,중상사고,0,1,0,0,차대차 - 측면충돌,기타,건조,맑음,단일로 - 기타,승용,여,45세,상해없음,개인형이동수단(PM),남,43세,중상
2023030500100057,2023년 3월 5일 05시,일요일,충청남도 태안군 태안읍,중상사고,0,2,0,0,차량단독 - 기타,안전운전불이행,건조,맑음,단일로 - 기타,승합,남,72세,상해없음,,,,
2023030500100081,2023년 3월 5일 08시,일요일,충청남도 천안시 서북구 성정동,경상사고,0,0,1,0,차대사람 - 횡단중,신호위반,건조,맑음,교차로 - 교차로횡단보도내,원동기,남,61세,상해없음,보행자,여,41세,경상
2023030500100115,2023년 3월 5일 10시,일요일,충청남도 서산시 수석동,중상사고,0,1,4,0,차대차 - 측면충돌,신호위반,건조,맑음,교차로 - 교차로안,승용,남,55세,상해없음,승합,남,63세,경상
2023030500100116,2023년 3월 5일 10시,일요일,충청남도 천안시 서북구 백석동,경상사고,0,0,1,0,차대차 - 측면충돌,안전거리미확보,건조,맑음,교차로 - 교차로부근,승용,여,45세,기타불명,승용,여,48세,경상
2023030500100156,2023년 3월 5일 12시,일요일,충청남도 천안시 서북구 성정동,중상사고,0,1,1,0,차대차 - 기타,직진우회전진행방해,건조,맑음,교차로 - 교차로안,이륜,남,32세,경상,이륜,남,43세,중상
2023030500100158,2023년 3월 5일 12시,일요일,충청남도 아산시 온천동,경상사고,0,0,2,0,차대차 - 측면충돌,안전운전불이행,건조,맑음,교차로 - 교차로안,승용,남,51세,상해없음,승용,남,26세,경상