사고번호,사고일시,요일,시군구,사고내용,사망자수,중상자수,경상자수,부상신고자수,사고유형,법규위반,노면상태,기상상태,도로형태,가해운전자 차종,가해운전자 성별,가해운전자 연령,가해운전자 상해정도,피해운전자 차종,피해운전자 성별,피해운전자 연령,피해운전자 상해정도
2023031100100351,2023년 3월 11일 16시,토요일,충청남도 천안시 서북구 백석동,경상사고,0,0,2,0,차대차 - 정면충돌,안전운전불이행,건조,맑음,단일로 - 기타,승용,남,26세,상해없음,승용,남,40세,경상
2023031100100352,2023년 3월 11일 16시,토요일,충청남도 아산시 배방읍,경상사고,0,0,1,0,차대차 - 추돌,신호위반,건조,맑음,교차로 - 교차로안,승용,남,30세,상해없음,이륜,남,49세,경상
2023031100100378,2023년 3월 11일 17시,토요일,충청남도 천안시 동남구 사직동,경상사고,0,0,1,0,차대사람 - 길가장자리구역통행중,안전운전불이행,건조,맑음,단일로 - 기타,승용,남,48세,상해없음,보행자,여,54세,경상
2023031100100379,2023년 3월 11일 17시,토요일,충청남도 천안시 동남구 목천읍,경상사고,0,0,2,0,차대차 - 추돌,안전운전불이행,건조,맑음,단일로 - 지하차도(도로)내,승용,남,79세,상해없음,승용,여,46세,경상
2023031100100407,2023년 3월 11일 18시,토요일,충청남도 천안시 서북구 쌍용동,경상사고,0,0,2,0,차대차 - 측면충돌,신호위반,건조,맑음,기타 - 기타,승용,남,38세,상해없음,승용,남,34세,경상
2023031100100438,2023년 3월 11일 19시,토요일,충청남도 논산시 지산동,경상사고,0,0,2,0,차대차 - 추돌,안전운전불이행,건조,맑음,교차로 - 교차로부근,승용,남,65세,상해없음,승용,남,31세,경상
2023031100100439,2023년 3월 11일 19시,토요일,충청남도 아산시 둔포면,경상사고,0,0,1,0,차대차 - 정면충돌,안전운전불이행,건조,맑음,단일로 - 기타,이륜,남,37세,상해없음,이륜,남,44세,경상
2023031100100440,2023년 3월 11일 19시,토요일,충청남도 금산군 복수면,경상사고,0,0,1,0,차대차 - 추돌,안전운전불이행,건조,맑음,단일로 - 기타,화물,남,60세,상해없음,건설기계,남,66세,경상
2023031100100441,2023년 3월 11일 19시,토요일,충청남도 금산군 금산읍,경상사고,0,0,1,0,차대차 - 측면충돌,신호위반,건조,맑음,교차로 - 교차로안,승용,여,52세,상해없음,이륜,남,30세,경상
2023031100100467,2023년 3월 11일 20시,토요일,충청남도 아산시 배방읍,경상사고,0,0,1,0,차대사람 - 기타,안전운전불이행,건조,맑음,단일로 - 기타,승용,남,48세,상해없음,보행자,남,55세,경상
2023031100100514,2023년 3월 11일 22시,토요일,충청남도 서산시 읍내동,중상사고,0,1,0,0,차대사람 - 횡단중,보행자보호의무위반,건조,맑음,단일로 - 기타,승용,남,32세,상해없음,보행자,남,16세,중상
2023031200100006,2023년 3월 12일 00시,일요일,충청남도 천안시 동남구 신부동,경상사고,0,0,1,0,차대차 - 측면충돌,안전운전불이행,건조,맑음,단일로 - 지하차도(도로)내,승용,남,27세,상해없음,승용,남,38세,경상
2023031200100026,2023년 3월 12일 01시,일요일,충청남도 천안시 서북구 성정동,경상사고,0,0,1,0,차대사람 - 기타,안전운전불이행,젖음/습기,비,기타 - 기타,기타불명,기타불명,미분류,기타불명,보행자,남,35세,경상
2023031200100053,2023년 3월 12일 06시,일요일,충청남도 천안시 서북구 백석동,중상사고,0,1,1,0,차대차 - 측면충돌,안전운전불이행,건조,맑음,교차로 - 교차로안,승용,남,69세,상해없음,승용,기타불명,미분류,기타불명
2023031200100057,2023년 3월 12일 07시,일요일,충청남도 천안시 동남구 구룡동,중상사고,0,1,0,0,차대사람 - 기타,보행자보호의무위반,건조,맑음,교차로 - 교차로횡단보도내,승용,여,32세,상해없음,보행자,남,83세,중상
2023031200100062,2023년 3월 12일 08시,일요일,충청남도 논산시 부적면,경상사고,0,0,1,0,차대차 - 추돌,기타,젖음/습기,비,교차로 - 교차로부근,승용,남,63세,상해없음,승용,남,52세,경상
2023031200100063,2023년 3월 12일 08시,일요일,충청남도 천안시 서북구 성정동,경상사고,0,0,4,0,차대차 - 측면충돌,안전운전불이행,젖음/습기,비,교차로 - 교차로부근,승용,여,33세,상해없음,승용,남,43세,경상
2023031200100088,2023년 3월 12일 10시,일요일,충청남도 당진시 송악읍,중상사고,0,1,2,0,차대차 - 추돌,안전운전불이행,젖음/습기,비,단일로 - 기타,화물,남,61세,중상,특수,남,27세,경상
2023031200100111,2023년 3월 12일 11시,일요일,충청남도 태안군 태안읍,경상사고,0,0,3,0,차대차 - 측면충돌,안전운전불이행,젖음/습기,맑음,교차로 - 교차로부근,승용,남,38세,상해없음,승용,여,33세,경상
2023031200100112,2023년 3월 12일 11시,일요일,충청남도 당진시 송악읍,경상사고,0,0,5,0,차대차 - 추돌,안전운전불이행,젖음/습기,비,단일로 - 기타,화물,남,63세,상해없음,승용,남,51세,경상
2023031200100161,2023년 3월 12일 13시,일요일,충청남도 아산시 온천동,부상신고사고,0,0,0,1,차량단독 - 기타,안전운전불이행,젖음/습기,비,단일로 - 기타,이륜,남,30세,부상신고,,,,
2023031200100162,2023년 3월 12일 13시,일요일,충청남도 공주시 송선동,경상사고,0,0,1,0,차대차 - 측면충돌,안전운전불이행,건조,맑음,단일로 - 기타,승용,남,43세,상해없음,승용,남,25세,경상
2023031200100189,2023년 3월 12일 14시,일요일,충청남도 홍성군 홍북읍,중상사고,0,4,3,0,차대차 - 측면충돌,신호위반,젖음/습기,흐림,교차로 - 교차로안,승용,남,47세,상해없음,승합,남,31세,중상
2023031200100190,2023년 3월 12일 14시,일요일,충청남도 부여군 규암면,중상사고,0,1,0,0,차대차 - 기타,기타,건조,맑음,교차로 - 교차로안,승용,여,62세,상해없음,자전거,남,61세,중상
2023031200100212,2023년 3월 12일 15시,일요일,충청남도 천안시 서북구 두정동,경상사고,0,0,1,0,차대사람 - 차도통행중,안전운전불이행,젖음/습기,비,단일로 - 기타,승용,여,49세,상해없음,보행자,여,21세,경상
2023031200100213,2023년 3월 12일 15시,일요일,충청남도 논산시 광석면,중상사고,0,1,4,0,차대차 - 추돌,안전운전불이행,건조,맑음,단일로 - 기타,승용,남,30세,상해없음,특수,남,64세,중상
2023031200100268,2023년 3월 12일 17시,일요일,충청남도 천안시 서북구 두정동,중상사고,0,1,1,0,차대차 - 기타,교차로운행방법위반,건조,맑음,교차로 - 교차로안,승용,남,40세,경상,이륜,남,34세,중상
2023031200100269,2023년 3월 12일 17시,일요일,충청남도 천안시 서북구 성정동,경상사고,0,0,2,0,차대차 - 기타,신호위반,건조,맑음,교차로 - 교차로안,승용,여,41세,상해없음,승용,남,67세,경상
2023031200100284,2023년 3월 12일 18시,일요일,충청남도 서산시 동문동,중상사고,0,1,0,0,차대차 - 정면충돌,중앙선침범,건조,맑음,단일로 - 기타,화물,여,53세,상해없음,이륜,남,49세,중상
2023031200100324,2023년 3월 12일 20시,일요일,충청남도 천안시 서북구 성환읍,경상사고,0,0,1,0,차대차 - 기타,중앙선침범,건조,맑음,단일로 - 기타,승용,남,32세,상해없음,승합,남,41세,경상
2023031200100340,2023년 3월 12일 21시,일요일,충청남도 천안시 서북구 불당동,중상사고,0,1,0,0,차대사람 - 횡단중,보행자보호의무위반,건조,맑음,교차로 - 교차로횡단보도내,승용,남,63세,상해없음,보행자,남,43세,중상
2023031200100341,2023년 3월 12일 21시,일요일,충청남도 아산시 탕정면,중상사고,0,1,1,0,차대차 - 측면충돌,신호위반,건조,맑음,교차로 - 교차로안,승용,남,47세,상해없음,승용,여,33세,경상
2023031200100357,2023년 3월 12일 22시,일요일,충청남도 천안시 서북구 두정동,부상신고사고,0,0,0,1,차량단독 - 공작물충돌,안전운전불이행,건조,맑음,단일로 - 기타,원동기,남,44세,부상신고,,,,
2023031300100035,2023년 3월 13일 06시,월요일,충청남도 천안시 동남구 신부동,경상사고,0,0,1,0,차대차 - 측면충돌,교차로운행방법위반,건조,맑음,교차로 - 교차로부근,승용,남,77세,상해없음,승합,남,57세,경상
2023031300100093,2023년 3월 13일 08시,월요일,충청남도 아산시 배방읍,경상사고,0,0,4,0,차대차 - 측면충돌,안전운전불이행,건조,맑음,교차로 - 교차로안,승용,여,55세,경상,승용,남,46세,경상
2023031300100094,2023년 3월 13일 08시,월요일,충청남도 천안시 동남구 신부동,경상사고,0,0,1,0,차대차 - 측면충돌,안전운전불이행,건조,맑음,단일로 - 기타,승합,남,57세,상해없음,승용,남,34세,경상
2023031300100140,2023년 3월 13일 09시,월요일,충청남도 서산시 대산읍,경상사고,0,0,1,0,차대차 - 측면충돌,안전운전불이행,건조,맑음,교차로 - 교차로안,승용,여,27세,상해없음,이륜,남,78세,경상
2023031300100141,2023년 3월 13일 09시,월요일,충청남도 천안시 동남구 신부동,경상사고,0,0,2,0,차대차 - 추돌,안전거리미확보,건조,맑음,단일로 - 기타,승용,여,26세,경상,승용,남,23세,경상
2023031300100170,2023년 3월 13일 10시,월요일,충청남도 서산시 해미면,경상사고,0,0,2,0,차대차 - 추돌,안전거리미확보,건조,맑음,기타 - 기타,승용,남,66세,상해없음,승용,남,58세,경상
2023031300100203,2023년 3월 13일 11시,월요일,충청남도 예산군 오가면,경상사고,0,0,1,0,차대차 - 측면충돌,안전운전불이행,건조,맑음,교차로 - 교차로안,화물,남,76세,상해없음,이륜,남,83세,경상
2023031300100234,2023년 3월 13일 12시,월요일,충청남도 천안시 서북구 성정동,부상신고사고,0,0,0,1,차대차 - 측면충돌,안전거리미확보,건조,맑음,교차로 - 교차로안,승용,남,69세,상해없음,승합,남,58세,상해없음
2023031300100235,2023년 3월 13일 12시,월요일,충청남도 아산시 방축동,경상사고,0,0,1,0,차대차 - 측면충돌,안전거리미확보,건조,맑음,기타 - 기타,승용,남,46세,기타불명,승용,남,31세,경상
2023031300100261,2023년 3월 13일 13시,월요일,충청남도 서산시 석남동,경상사고,0,0,1,0,차대차 - 기타,안전거리미확보,건조,맑음,기타 - 기타,화물,남,61세,상해없음,승용,남,58세,경상
2023031300100262,2023년 3월 13일 13시,월요일,충청남도 아산시 배방읍,중상사고,0,1,0,0,차대차 - 측면충돌,안전운전불이행,건조,맑음,기타 - 기타,승용,남,54세,상해없음,이륜,남,38세,중상
2023031300100297,2023년 3월 13일 14시,월요일,충청남도 천안시 서북구 성정동,경상사고,0,0,1,0,차대차 - 측면충돌,안전운전불이행,건조,맑음,교차로 - 교차로안,승용,여,71세,상해없음,이륜,남,38세,경상
2023031300100298,2023년 3월 13일 14시,월요일,충청남도 천안시 동남구 목천읍,경상사고,0,0,1,0,차대차 - 측면충돌,안전운전불이행,건조,맑음,기타 - 기타,승용,남,36세,기타불명,승용,여,37세,경상
2023031300100340,2023년 3월 13일 15시,월요일,충청남도 서산시 온석동,경상사고,0,0,1,0,차대차 - 측면충돌,안전운전불이행,건조,맑음,교차로 - 교차로안,승용,여,61세,상해없음,승용,남,64세,경상
2023031300100341,2023년 3월 13일 15시,월요일,충청남도 공주시 웅진동,경상사고,0,0,3,0,차대차 - 측면충돌,교차로운행방법위반,건조,맑음,교차로 - 교차로안,승용,여,31세,경상,승용,여,33세,경상
2023031300100342,2023년 3월 13일 15시,월요일,충청남도 천안시 동남구 풍세면,경상사고,0,0,1,0,차대차 - 측면충돌,신호위반,건조,맑음,교차로 - 교차로안,승용,여,59세,상해없음,승합,남,45세,경상
2023031300100421,2023년 3월 13일 17시,월요일,충청남도 천안시 동남구 동면,경상사고,0,0,2,0,차대차 - 측면충돌,신호위반,건조,맑음,교차로 - 교차로안,승합,남,51세,경상,화물,남,60세,경상
2023031300100523,2023년 3월 13일 20시,월요일,충청남도 서산시 예천동,경상사고,0,0,2,0,차대차 - 측면충돌,안전거리미확보,건조,맑음,기타 - 기타,승용,여,60세,상해없음,승용,남,29세,경상
2023031300100549,2023년 3월 13일 21시,월요일,충청남도 논산시 취암동,중상사고,0,1,0,0,차대차 - 측면충돌,안전거리미확보,건조,맑음,단일로 - 기타,승용,여,58세,상해없음,승용,남,34세,중상
2023031400100011,2023년 3월 14일 01시,화요일,충청남도 천안시 동남구 봉명동,경상사고,0,0,1,0,차대차 - 추돌,안전운전불이행,건조,맑음,교차로 - 교차로안,승합,남,54세,상해없음,승용,여,46세,경상
2023031400100049,2023년 3월 14일 06시,화요일,충청남도 천안시 동남구 신방동,경상사고,0,0,1,0,차대차 - 기타,안전거리미확보,건조,맑음,단일로 - 기타,승용,남,60세,상해없음,승용,여,56세,경상
2023031400100069,2023년 3월 14일 07시,화요일,충청남도 천안시 서북구 백석동,경상사고,0,0,2,0,차대차 - 측면충돌,안전운전불이행,건조,맑음,교차로 - 교차로안,승용,남,58세,경상,화물,남,62세,경상
2023031400100070,2023년 3월 14일 07시,화요일,충청남도 논산시 가야곡면,경상사고,0,0,1,0,차대차 - 추돌,안전운전불이행,건조,맑음,기타 - 기타,승용,남,38세,기타불명,화물,남,65세,경상
2023031400100104,2023년 3월 14일 08시,화요일,충청남도 천안시 서북구 두정동,경상사고,0,0,1,0,차대차 - 추돌,안전운전불이행,건조,맑음,단일로 - 기타,승용,남,30세,상해없음,승용,남,51세,경상
2023031400100105,2023년 3월 14일 08시,화요일,충청남도 천안시 서북구 불당동,부상신고사고,0,0,0,1,차대사람 - 기타,안전운전불이행,건조,맑음,기타 - 기타,기타불명,기타불명,미분류,기타불명,보행자,남,61세,부상신고
2023031400100162,2023년 3월 14일 10시,화요일,충청남도 아산시 배방읍,중상사고,0,1,0,0,차대차 - 정면충돌,신호위반,건조,맑음,교차로 - 교차로안,승용,여,52세,상해없음,자전거,여,65세,중상
2023031400100226,2023년 3월 14일 12시,화요일,충청남도 당진시 정미면,경상사고,0,0,1,0,차대차 - 정면충돌,교차로운행방법위반,건조,맑음,교차로 - 교차로안,승용,남,36세,상해없음,화물,남,74세,경상
2023031400100254,2023년 3월 14일 13시,화요일,충청남도 아산시 염치읍,경상사고,0,0,1,0,차대차 - 측면충돌,차로위반,건조,맑음,단일로 - 기타,승용,남,44세,상해없음,화물,남,38세,경상
2023031400100283,2023년 3월 14일 14시,화요일,충청남도 예산군 오가면,중상사고,0,2,0,0,차대차 - 측면충돌,직진우회전진행방해,건조,맑음,교차로 - 교차로안,승용,남,39세,중상,화물,남,54세,중상
2023031400100325,2023년 3월 14일 15시,화요일,충청남도 천안시 서북구 부대동,중상사고,0,1,0,0,차대사람 - 기타,안전운전불이행,건조,맑음,단일로 - 기타,승합,남,41세,상해없음,보행자,여,83세,중상
2023031400100326,2023년 3월 14일 15시,화요일,충청남도 천안시 서북구 성성동,중상사고,0,1,0,0,차대차 - 측면충돌,중앙선침범,건조,맑음,교차로 - 교차로부근,승용,여,58세,상해없음,이륜,남,31세,중상
2023031400100327,2023년 3월 14일 15시,화요일,충청남도 천안시 서북구 불당동,경상사고,0,0,1,0,차대차 - 측면충돌,안전거리미확보,건조,맑음,단일로 - 기타,승용,남,49세,상해없음,이륜,남,18세,경상
2023031400100328,2023년 3월 14일 15시,화요일,충청남도 천안시 서북구 백석동,경상사고,0,0,1,0,차대차 - 기타,안전운전불이행,건조,맑음,단일로 - 기타,승합,남,80세,상해없음,승용,남,61세,경상
2023031400100329,2023년 3월 14일 15시,화요일,충청남도 천안시 동남구 신부동,경상사고,0,0,2,0,차대차 - 추돌,안전운전불이행,건조,맑음,주차장 - 주차장,승용,여,22세,상해없음,승용,여,37세,경상
2023031400100371,2023년 3월 14일 16시,화요일,충청남도 태안군 원북면,경상사고,0,0,1,0,차대차 - 측면충돌,안전운전불이행,건조,맑음,기타 - 기타,승용,남,51세,상해없음,승용,남,33세,경상
2023031400100427,2023년 3월 14일 17시,화요일,충청남도 부여군 장암면,중상사고,0,1,0,0,차대차 - 정면충돌,안전운전불이행,건조,맑음,교차로 - 교차로안,화물,남,62세,상해없음,화물,남,44세,중상
2023031400100428,2023년 3월 14일 17시,화요일,충청남도 당진시 신평면,경상사고,0,0,1,0,차대사람 - 차도통행중,안전운전불이행,건조,맑음,단일로 - 기타,승용,여,56세,상해없음,보행자,남,42세,경상
2023031400100471,2023년 3월 14일 18시,화요일,충청남도 천안시 서북구 성정동,경상사고,0,0,1,0,차대차 - 측면충돌,신호위반,건조,맑음,교차로 - 교차로안,승용,남,68세,상해없음,개인형이동수단(PM),남,31세,경상
2023031400100472,2023년 3월 14일 18시,화요일,충청남도 계룡시 금암동,경상사고,0,0,1,0,차대차 - 기타,안전거리미확보,건조,맑음,교차로 - 교차로부근,승용,남,53세,상해없음,이륜,남,41세,경상
2023031400100541,2023년 3월 14일 20시,화요일,충청남도 천안시 서북구 두정동,경상사고,0,0,1,0,차대차 - 기타,안전거리미확보,건조,맑음,교차로 - 교차로부근,승용,여,47세,상해없음,승용,여,31세,경상
2023031400100557,2023년 3월 14일 21시,화요일,충청남도 서산시 해미면,부상신고사고,0,0,0,1,차대사람 - 길가장자리구역통행중,안전운전불이행,건조,맑음,단일로 - 기타,승용,남,57세,상해없음,보행자,남,53세,부상신고
2023031400100575,2023년 3월 14일 22시,화요일,충청남도 보령시 죽정동,경상사고,0,0,1,0,차대차 - 기타,안전운전불이행,건조,맑음,단일로 - 기타,승용,남,36세,상해없음,승용,여,52세,경상
2023031500100097,2023년 3월 15일 08시,수요일,충청남도 아산시 신창면,경상사고,0,0,1,0,차대사람 - 횡단중,보행자보호의무위반,건조,맑음,교차로 - 교차로횡단보도내,승합,여,42세,상해없음,보행자,남,22세,경상
2023031500100133,2023년 3월 15일 09시,수요일,충청남도 천안시 서북구 두정동,경상사고,0,0,2,0,차대차 - 측면충돌,안전운전불이행,건조,맑음,교차로 - 교차로부근,승용,남,42세,기타불명,승용,여,26세,경상
2023031500100161,2023년 3월 15일 10시,수요일,충청남도 천안시 서북구 성환읍,경상사고,0,0,1,0,차대차 - 기타,안전운전불이행,건조,맑음,기타 - 기타,화물,남,59세,상해없음,이륜,남,55세,경상
2023031500100162,2023년 3월 15일 10시,수요일,충청남도 천안시 동남구 동면,경상사고,0,0,2,0,차대차 - 측면충돌,안전운전불이행,건조,맑음,단일로 - 지하차도(도로)내,승용,남,65세,상해없음,이륜,남,83세,경상
2023031500100163,2023년 3월 15일 10시,수요일,충청남도 천안시 동남구 봉명동,경상사고,0,0,1,0,차대차 - 측면충돌,교차로운행방법위반,건조,맑음,교차로 - 교차로안,승용,남,51세,상해없음,승용,남,52세,상해없음
2023031500100216,2023년 3월 15일 12시,수요일,충청남도 천안시 서북구 쌍용동,경상사고,0,0,1,0,차대차 - 기타,안전운전불이행,건조,맑음,교차로 - 교차로안,이륜,남,44세,경상,승용,여,49세,기타불명
2023031500100263,2023년 3월 15일 14시,수요일,충청남도 서산시 해미면,중상사고,0,1,0,0,차대차 - 측면충돌,안전운전불이행,건조,흐림,교차로 - 교차로안,승용,여,21세,상해없음,화물,남,63세,중상
2023031500100265,2023년 3월 15일 14시,수요일,충청남도 공주시 월송동,경상사고,0,0,1,0,차대차 - 측면충돌,신호위반,건조,맑음,교차로 - 교차로안,승용,남,53세,상해없음,승용,남,27세,경상
2023031500100266,2023년 3월 15일 14시,수요일,충청남도 공주시 옥룡동,경상사고,0,0,1,0,차대사람 - 횡단중,보행자보호의무위반,건조,맑음,교차로 - 교차로횡단보도내,승용,남,54세,기타불명,보행자,남,57세,경상
2023031500100329,2023년 3월 15일 16시,수요일,충청남도 논산시 취암동,중상사고,0,1,0,0,차대차 - 측면충돌,안전운전불이행,건조,맑음,단일로 - 기타,승용,남,48세,상해없음,자전거,남,59세,중상
2023031500100359,2023년 3월 15일 17시,수요일,충청남도 논산시 은진면,중상사고,0,1,0,0,차대사람 - 횡단중,안전운전불이행,건조,맑음,교차로 - 교차로부근,승용,남,23세,상해없음,보행자,남,21세,중상
2023031500100360,2023년 3월 15일 17시,수요일,충청남도 아산시 배방읍,중상사고,0,1,0,0,차대차 - 측면충돌,신호위반,건조,맑음,교차로 - 교차로횡단보도내,이륜,남,16세,상해없음,개인형이동수단(PM),여,24세,중상
2023031500100402,2023년 3월 15일 18시,수요일,충청남도 공주시 신관동,경상사고,0,0,1,0,차대사람 - 횡단중,안전운전불이행,건조,맑음,교차로 - 교차로안,승용,남,69세,상해없음,보행자,여,68세,경상
2023031500100403,2023년 3월 15일 18시,수요일,충청남도 예산군 예산읍,경상사고,0,0,1,0,차량단독 - 공작물충돌,안전운전불이행,건조,맑음,단일로 - 기타,승용,여,47세,경상,,,,
2023031500100437,2023년 3월 15일 19시,수요일,충청남도 천안시 서북구 입장면,부상신고사고,0,0,0,2,차대차 - 추돌,안전운전불이행,건조,맑음,단일로 - 기타,승용,남,27세,부상신고,승용,남,62세,부상신고
2023031500100438,2023년 3월 15일 19시,수요일,충청남도 아산시 둔포면,경상사고,0,0,1,0,차대사람 - 기타,안전운전불이행,건조,맑음,단일로 - 기타,승합,남,30세,상해없음,보행자,남,55세,경상
2023031500100494,2023년 3월 15일 21시,수요일,충청남도 천안시 서북구 입장면,경상사고,0,0,1,0,차대차 - 측면충돌,안전운전불이행,건조,맑음,단일로 - 기타,승용,남,60세,상해없음,특수,남,57세,경상
2023031500100495,2023년 3월 15일 21시,수요일,충청남도 금산군 금산읍,경상사고,0,0,1,0,차대사람 - 길가장자리구역통행중,안전운전불이행,건조,맑음,단일로 - 기타,승용,남,39세,상해없음,보행자,여,61세,경상
2023031500100496,2023년 3월 15일 21시,수요일,충청남도 금산군 금산읍,중상사고,0,1,0,0,차대사람 - 횡단중,보행자보호의무위반,건조,맑음,교차로 - 교차로횡단보도내,승용,여,55세,상해없음,보행자,남,39세,중상
2023031500100497,2023년 3월 15일 21시,수요일,충청남도 천안시 동남구 풍세면,경상사고,0,0,1,0,차대차 - 후진중충돌,안전운전불이행,건조,맑음,단일로 - 기타,화물,남,62세,상해없음,승용,여,42세,경상
2023031500100526,2023년 3월 15일 22시,수요일,충청남도 서산시 예천동,경상사고,0,0,1,0,차대차 - 측면충돌,신호위반,건조,맑음,교차로 - 교차로안,승용,남,33세,상해없음,승용,여,52세,경상
2023031500100535,2023년 3월 15일 23시,수요일,충청남도 천안시 서북구 두정동,경상사고,0,0,2,0,차대사람 - 기타,안전운전불이행,건조,맑음,단일로 - 기타,화물,남,37세,상해없음,보행자,남,42세,경상
2023031600100023,2023년 3월 16일 03시,목요일,충청남도 천안시 서북구 쌍용동,중상사고,0,1,0,0,차대사람 - 횡단중,안전운전불이행,건조,맑음,단일로 - 기타,승용,남,31세,기타불명,보행자,남,50세,중상
2023031600100034,2023년 3월 16일 05시,목요일,충청남도 공주시 옥룡동,경상사고,0,0,1,0,차대차 - 추돌,안전운전불이행,건조,맑음,교차로 - 교차로안,승용,남,30세,상해없음,승용,남,28세,경상
2023031600100061,2023년 3월 16일 07시,목요일,충청남도 아산시 탕정면,경상사고,0,0,1,0,차대차 - 추돌,안전운전불이행,건조,맑음,단일로 - 기타,승용,여,43세,상해없음,승용,여,38세,경상
2023031600100096,2023년 3월 16일 08시,목요일,충청남도 천안시 동남구 신방동,경상사고,0,0,1,0,차대차 - 측면충돌,안전운전불이행,건조,맑음,단일로 - 기타,승용,여,33세,상해없음,승용,여,32세,경상
2023031600100131,2023년 3월 16일 09시,목요일,충청남도 천안시 동남구 풍세면,경상사고,0,0,2,0,차대차 - 측면충돌,안전거리미확보,건조,맑음,단일로 - 기타,승용,남,18세,경상,화물,남,60세,경상
2023031600100180,2023년 3월 16일 11시,목요일,충청남도 천안시 서북구 성정동,경상사고,0,0,1,0,차대차 - 기타,중앙선침범,건조,맑음,단일로 - 기타,승용,여,51세,상해없음,승용,남,57세,경상
2023031600100181,2023년 3월 16일 11시,목요일,충청남도 천안시 서북구 두정동,경상사고,0,0,1,0,차대차 - 기타,안전운전불이행,건조,맑음,교차로 - 교차로부근,자전거,남,50세,경상,승용,여,33세,상해없음
2023031600100203,2023년 3월 16일 12시,목요일,충청남도 천안시 동남구 삼룡동,중상사고,0,1,2,0,차대차 - 측면충돌,안전운전불이행,건조,맑음,교차로 - 교차로안,원동기,남,16세,중상,승용,남,56세,경상
2023031600100256,2023년 3월 16일 14시,목요일,충청남도 논산시 연무읍,중상사고,0,1,0,0,차대차 - 후진중충돌,안전운전불이행,건조,맑음,교차로 - 교차로부근,승용,남,73세,상해없음,승용,여,44세,중상
2023031600100293,2023년 3월 16일 15시,목요일,충청남도 서산시 지곡면,중상사고,0,1,0,0,차량단독 - 도로외이탈 - 기타,안전운전불이행,건조,맑음,단일로 - 기타,화물,남,80세,중상,,,,
2023031600100325,2023년 3월 16일 16시,목요일,충청남도 천안시 서북구 직산읍,중상사고,0,2,0,0,차대차 - 측면충돌,안전운전불이행,건조,맑음,교차로 - 교차로안,승용,여,49세,상해없음,원동기,남,56세,중상
2023031600100326,2023년 3월 16일 16시,목요일,충청남도 부여군 부여읍,경상사고,0,0,1,0,차대차 - 기타,직진우회전진행방해,건조,맑음,교차로 - 교차로안,화물,남,49세,상해없음,화물,남,70세,경상
2023031600100358,2023년 3월 16일 17시,목요일,충청남도 천안시 서북구 불당동,경상사고,0,0,1,0,차대차 - 측면충돌,안전운전불이행,건조,맑음,단일로 - 기타,승용,남,52세,상해없음,이륜,남,24세,경상
2023031600100359,2023년 3월 16일 17시,목요일,충청남도 청양군 화성면,경상사고,0,0,1,0,차량단독 - 공작물충돌,안전운전불이행,건조,맑음,단일로 - 기타,화물,남,71세,경상,,,,
2023031600100393,2023년 3월 16일 18시,목요일,충청남도 천안시 동남구 목천읍,경상사고,0,0,1,0,차대차 - 추돌,안전운전불이행,건조,맑음,단일로 - 기타,이륜,남,27세,기타불명,화물,남,43세,경상
2023031600100424,2023년 3월 16일 19시,목요일,충청남도 홍성군 광천읍,중상사고,0,1,0,0,차량단독 - 공작물충돌,안전운전불이행,건조,맑음,단일로 - 기타,이륜,남,71세,중상,,,,
2023031600100425,2023년 3월 16일 19시,목요일,충청남도 천안시 동남구 구성동,경상사고,0,0,1,0,차대차 - 측면충돌,안전운전불이행,건조,맑음,단일로 - 기타,승합,남,65세,상해없음,승용,남,42세,경상
2023031600100467,2023년 3월 16일 21시,목요일,충청남도 아산시 신창면,경상사고,0,0,1,0,차대차 - 추돌,안전운전불이행,건조,맑음,교차로 - 교차로부근,승용,여,52세,상해없음,승합,남,51세,상해없음
2023031600100468,2023년 3월 16일 21시,목요일,충청남도 금산군 군북면,중상사고,0,1,0,0,차대사람 - 기타,안전운전불이행,건조,맑음,단일로 - 기타,화물,여,57세,상해없음,보행자,여,84세,중상
2023031700100010,2023년 3월 17일 00시,금요일,충청남도 천안시 서북구 성정동,경상사고,0,0,2,0,차대차 - 측면충돌,신호위반,건조,맑음,교차로 - 교차로안,승용,남,63세,상해없음,승용,남,30세,경상
2023031700100037,2023년 3월 17일 05시,금요일,충청남도 아산시 배방읍,중상사고,0,1,0,0,차대차 - 추돌,안전운전불이행,건조,맑음,단일로 - 기타,화물,남,37세,중상,화물,남,59세,기타불명
2023031700100062,2023년 3월 17일 07시,금요일,충청남도 아산시 영인면,중상사고,0,2,2,0,차대차 - 측면충돌,안전운전불이행,건조,흐림,교차로 - 교차로안,승용,남,49세,중상,승용,남,43세,경상
2023031700100063,2023년 3월 17일 07시,금요일,충청남도 예산군 삽교읍,경상사고,0,0,1,0,차대차 - 측면충돌,직진우회전진행방해,건조,맑음,교차로 - 교차로안,화물,남,83세,상해없음,승용,여,61세,경상
2023031700100095,2023년 3월 17일 08시,금요일,충청남도 서산시 잠홍동,중상사고,0,1,0,0,차대차 - 기타,안전운전불이행,건조,맑음,교차로 - 교차로부근,승용,남,44세,상해없음,승합,남,54세,상해없음