사고번호,사고일시,요일,시군구,사고내용,사망자수,중상자수,경상자수,부상신고자수,사고유형,법규위반,노면상태,기상상태,도로형태,가해운전자 차종,가해운전자 성별,가해운전자 연령,가해운전자 상해정도,피해운전자 차종,피해운전자 성별,피해운전자 연령,피해운전자 상해정도
2023032200100278,2023년 3월 22일 14시,수요일,충청남도 천안시 서북구 불당동,경상사고,0,0,1,0,차대사람 - 횡단중,보행자보호의무위반,건조,맑음,교차로 - 교차로부근,자전거,남,38세,상해없음,보행자,여,9세,경상
2023032200100279,2023년 3월 22일 14시,수요일,충청남도 청양군 청양읍,경상사고,0,0,1,0,차대차 - 측면충돌,직진우회전진행방해,건조,맑음,교차로 - 교차로안,승용,여,36세,상해없음,승용,남,34세,경상
2023032200100280,2023년 3월 22일 14시,수요일,충청남도 천안시 동남구 청당동,경상사고,0,0,1,0,차대차 - 기타,안전운전불이행,건조,맑음,교차로 - 교차로부근,승용,남,24세,상해없음,승용,남,46세,경상
2023032200100308,2023년 3월 22일 15시,수요일,충청남도 천안시 서북구 두정동,중상사고,0,1,0,0,차대사람 - 차도통행중,안전운전불이행,건조,맑음,단일로 - 기타,이륜,남,16세,상해없음,보행자,여,15세,중상
2023032200100339,2023년 3월 22일 16시,수요일,충청남도 천안시 동남구 신부동,경상사고,0,0,1,0,차대사람 - 횡단중,보행자보호의무위반,건조,맑음,단일로 - 기타,승용,여,43세,기타불명,보행자,여,8세,경상
2023032200100373,2023년 3월 22일 17시,수요일,충청남도 천안시 서북구 불당동,경상사고,0,0,1,0,차대차 - 측면충돌,안전운전불이행,건조,맑음,단일로 - 기타,승용,여,27세,상해없음,승용,남,31세,경상
2023032200100374,2023년 3월 22일 17시,수요일,충청남도 천안시 동남구 풍세면,경상사고,0,0,1,0,차대차 - 측면충돌,안전운전불이행,건조,흐림,교차로 - 교차로안,승용,남,62세,상해없음,승용,여,58세,경상
2023032200100412,2023년 3월 22일 18시,수요일,충청남도 서산시 읍내동,경상사고,0,0,1,0,차대차 - 측면충돌,차로위반,건조,맑음,교차로 - 교차로부근,승용,여,53세,상해없음,승용,남,22세,경상
2023032200100413,2023년 3월 22일 18시,수요일,충청남도 천안시 동남구 봉명동,경상사고,0,0,3,0,차대차 - 측면충돌,안전운전불이행,건조,맑음,교차로 - 교차로안,승용,여,27세,상해없음,승용,남,28세,경상
2023032200100507,2023년 3월 22일 21시,수요일,충청남도 천안시 서북구 성성동,경상사고,0,0,1,0,차대차 - 추돌,안전거리미확보,건조,맑음,단일로 - 기타,승용,남,63세,상해없음,승용,여,31세,경상
2023032200100508,2023년 3월 22일 21시,수요일,충청남도 천안시 서북구 백석동,경상사고,0,0,1,1,차대차 - 추돌,안전운전불이행,건조,맑음,교차로 - 교차로부근,이륜,남,22세,부상신고,승합,남,45세,경상
2023032200100509,2023년 3월 22일 21시,수요일,충청남도 아산시 온천동,경상사고,0,0,1,0,차대차 - 측면충돌,안전운전불이행,건조,맑음,교차로 - 교차로안,이륜,여,36세,상해없음,승용,여,57세,경상
2023032200100510,2023년 3월 22일 21시,수요일,충청남도 당진시 읍내동,경상사고,0,0,1,0,차대사람 - 기타,안전운전불이행,건조,맑음,기타 - 기타,승용,남,49세,상해없음,보행자,남,44세,경상
2023032300100042,2023년 3월 23일 05시,목요일,충청남도 천안시 서북구 두정동,중상사고,0,1,0,0,차대차 - 측면충돌,중앙선침범,건조,맑음,교차로 - 교차로부근,승용,남,54세,상해없음,자전거,여,51세,중상
2023032300100055,2023년 3월 23일 06시,목요일,충청남도 아산시 염치읍,경상사고,0,0,1,0,차대차 - 측면충돌,안전운전불이행,젖음/습기,비,단일로 - 기타,기타불명,기타불명,미분류,기타불명,승용,여,54세,경상
2023032300100208,2023년 3월 23일 11시,목요일,충청남도 아산시 신창면,경상사고,0,0,2,0,차대차 - 정면충돌,안전운전불이행,건조,맑음,단일로 - 기타,승용,남,70세,상해없음,승용,남,51세,경상
2023032300100209,2023년 3월 23일 11시,목요일,충청남도 천안시 동남구 신부동,부상신고사고,0,0,0,1,차대차 - 측면충돌,중앙선침범,건조,맑음,교차로 - 교차로횡단보도내,개인형이동수단(PM),여,23세,부상신고,승용,남,41세,상해없음
2023032300100227,2023년 3월 23일 12시,목요일,충청남도 천안시 서북구 차암동,경상사고,0,0,1,0,차대차 - 추돌,안전운전불이행,건조,맑음,단일로 - 기타,승용,남,25세,상해없음,승용,남,27세,경상
2023032300100228,2023년 3월 23일 12시,목요일,충청남도 아산시 온천동,경상사고,0,0,1,0,차대사람 - 횡단중,안전운전불이행,건조,맑음,단일로 - 기타,원동기,남,59세,상해없음,보행자,여,72세,경상
2023032300100229,2023년 3월 23일 12시,목요일,충청남도 서천군 마산면,사망사고,2,0,0,0,차대차 - 추돌,기타,건조,맑음,단일로 - 기타,승용,남,67세,사망,화물,남,61세,상해없음
2023032300100303,2023년 3월 23일 15시,목요일,충청남도 금산군 추부면,경상사고,0,0,1,0,차대차 - 정면충돌,안전운전불이행,건조,맑음,교차로 - 교차로부근,승용,남,60세,상해없음,승용,여,53세,경상
2023032300100351,2023년 3월 23일 16시,목요일,충청남도 천안시 서북구 두정동,경상사고,0,0,2,0,차대차 - 추돌,안전운전불이행,건조,맑음,단일로 - 기타,승용,여,33세,상해없음,화물,남,36세,경상
2023032300100352,2023년 3월 23일 16시,목요일,충청남도 아산시 모종동,경상사고,0,0,1,0,차대차 - 추돌,안전운전불이행,건조,맑음,교차로 - 교차로안,승용,남,39세,상해없음,승용,남,52세,경상
2023032300100353,2023년 3월 23일 16시,목요일,충청남도 공주시 신관동,경상사고,0,0,1,0,차대차 - 측면충돌,교차로운행방법위반,건조,맑음,교차로 - 교차로안,승용,여,57세,상해없음,승용,여,40세,경상
2023032300100354,2023년 3월 23일 16시,목요일,충청남도 당진시 읍내동,경상사고,0,0,3,0,차대차 - 측면충돌,신호위반,건조,맑음,교차로 - 교차로안,승용,남,31세,상해없음,승용,여,46세,경상
2023032300100438,2023년 3월 23일 18시,목요일,충청남도 홍성군 홍북읍,경상사고,0,0,1,0,차대차 - 측면충돌,신호위반,건조,맑음,교차로 - 교차로횡단보도내,이륜,남,27세,상해없음,자전거,남,12세,경상
2023032300100439,2023년 3월 23일 18시,목요일,충청남도 보령시 주교면,경상사고,0,0,1,0,차대차 - 기타,안전운전불이행,건조,맑음,단일로 - 기타,화물,남,41세,상해없음,화물,남,64세,경상
2023032300100473,2023년 3월 23일 19시,목요일,충청남도 아산시 배방읍,경상사고,0,0,1,0,차대차 - 추돌,안전운전불이행,건조,맑음,교차로 - 교차로안,승용,여,65세,상해없음,승용,남,45세,경상
2023032300100474,2023년 3월 23일 19시,목요일,충청남도 부여군 장암면,중상사고,0,1,0,0,차대차 - 측면충돌,교차로운행방법위반,건조,맑음,교차로 - 교차로안,화물,남,66세,상해없음,승용,여,24세,중상
2023032300100535,2023년 3월 23일 21시,목요일,충청남도 천안시 동남구 신방동,경상사고,0,0,2,0,차대차 - 측면충돌,교차로운행방법위반,건조,맑음,교차로 - 교차로안,승용,남,28세,상해없음,승용,남,66세,경상
2023032300100553,2023년 3월 23일 22시,목요일,충청남도 아산시 배방읍,중상사고,0,1,2,0,차대차 - 기타,신호위반,건조,맑음,단일로 - 터널,승용,여,27세,경상,승용,남,41세,중상
2023032300100554,2023년 3월 23일 22시,목요일,충청남도 당진시 송산면,경상사고,0,0,1,0,차대차 - 기타,안전운전불이행,건조,맑음,단일로 - 기타,승용,남,65세,상해없음,원동기,남,35세,경상
2023032400100100,2023년 3월 24일 08시,금요일,충청남도 천안시 서북구 백석동,중상사고,0,1,0,0,차대사람 - 횡단중,보행자보호의무위반,건조,맑음,교차로 - 교차로안,승용,여,41세,상해없음,보행자,남,9세,중상
2023032400100101,2023년 3월 24일 08시,금요일,충청남도 천안시 서북구 입장면,중상사고,0,1,1,0,차대차 - 측면충돌,안전운전불이행,건조,맑음,기타 - 기타,승용,남,63세,상해없음,승용,남,44세,경상
2023032400100166,2023년 3월 24일 10시,금요일,충청남도 아산시 음봉면,경상사고,0,0,1,0,차대차 - 측면충돌,중앙선침범,건조,맑음,단일로 - 기타,화물,남,68세,상해없음,화물,남,51세,경상
2023032400100167,2023년 3월 24일 10시,금요일,충청남도 공주시 의당면,경상사고,0,0,1,0,차대차 - 측면충돌,안전운전불이행,건조,맑음,교차로 - 교차로부근,승용,여,61세,상해없음,승용,여,35세,경상
2023032400100203,2023년 3월 24일 11시,금요일,충청남도 천안시 서북구 직산읍,경상사고,0,0,1,0,차대차 - 기타,안전운전불이행,건조,맑음,단일로 - 기타,승용,남,74세,상해없음,승용,여,38세,경상
2023032400100204,2023년 3월 24일 11시,금요일,충청남도 당진시 석문면,경상사고,0,0,1,0,차대차 - 정면충돌,신호위반,건조,맑음,교차로 - 교차로부근,승용,여,58세,상해없음,승용,여,70세,경상
2023032400100205,2023년 3월 24일 11시,금요일,충청남도 천안시 동남구 신부동,경상사고,0,0,1,0,차대차 - 측면충돌,교차로운행방법위반,건조,맑음,교차로 - 교차로안,화물,남,51세,상해없음,승용,남,25세,경상
2023032400100276,2023년 3월 24일 13시,금요일,충청남도 천안시 서북구 불당동,경상사고,0,0,2,0,차대차 - 측면충돌,신호위반,건조,맑음,교차로 - 교차로안,이륜,남,24세,경상,승용,여,36세,상해없음
2023032400100277,2023년 3월 24일 13시,금요일,충청남도 천안시 서북구 성환읍,경상사고,0,0,1,0,차대차 - 측면충돌,안전운전불이행,건조,맑음,단일로 - 기타,승용,여,68세,기타불명,승용,남,36세,경상
2023032400100278,2023년 3월 24일 13시,금요일,충청남도 보령시 대천동,중상사고,0,1,0,0,차대사람 - 기타,안전운전불이행,건조,맑음,주차장 - 주차장,승용,남,67세,상해없음,보행자,여,72세,중상
2023032400100279,2023년 3월 24일 13시,금요일,충청남도 공주시 신관동,경상사고,0,0,2,0,차대차 - 측면충돌,안전운전불이행,건조,맑음,교차로 - 교차로안,승용,남,45세,상해없음,승용,남,30세,경상
2023032400100280,2023년 3월 24일 13시,금요일,충청남도 천안시 동남구 원성동,경상사고,0,0,1,0,차대차 - 측면충돌,안전운전불이행,건조,맑음,단일로 - 기타,화물,남,54세,상해없음,승용,남,72세,경상
2023032400100281,2023년 3월 24일 13시,금요일,충청남도 천안시 서북구 입장면,경상사고,0,0,1,0,차대차 - 측면충돌,안전운전불이행,건조,맑음,단일로 - 기타,화물,남,63세,상해없음,승용,여,42세,상해없음
2023032400100312,2023년 3월 24일 14시,금요일,충청남도 아산시 용화동,경상사고,0,0,1,0,차대사람 - 차도통행중,보행자보호의무위반,건조,맑음,교차로 - 교차로안,승용,여,44세,상해없음,보행자,남,60세,경상
2023032400100313,2023년 3월 24일 14시,금요일,충청남도 서천군 서면,경상사고,0,0,1,0,차량단독 - 도로외이탈 - 기타,안전운전불이행,건조,맑음,단일로 - 기타,승용,여,75세,상해없음,,,,
2023032400100314,2023년 3월 24일 14시,금요일,충청남도 보령시 신흑동,경상사고,0,0,1,0,차대차 - 측면충돌,중앙선침범,건조,맑음,단일로 - 지하차도(도로)내,화물,남,70세,상해없음,승용,여,45세,경상
2023032400100315,2023년 3월 24일 14시,금요일,충청남도 태안군 근흥면,경상사고,0,0,4,0,차대차 - 추돌,안전운전불이행,건조,맑음,교차로 - 교차로부근,화물,남,61세,상해없음,화물,남,59세,경상
2023032400100350,2023년 3월 24일 15시,금요일,충청남도 서산시 성연면,경상사고,0,0,1,0,차대차 - 측면충돌,안전운전불이행,건조,흐림,단일로 - 기타,승용,남,52세,상해없음,이륜,남,23세,경상
2023032400100435,2023년 3월 24일 17시,금요일,충청남도 서산시 대산읍,중상사고,0,1,0,0,차대사람 - 기타,중앙선침범,건조,흐림,단일로 - 기타,승용,남,42세,상해없음,보행자,여,61세,중상
2023032400100436,2023년 3월 24일 17시,금요일,충청남도 서산시 석남동,중상사고,0,1,0,0,차대차 - 추돌,안전거리미확보,건조,흐림,교차로 - 교차로안,승합,남,50세,상해없음,화물,남,44세,중상
2023032400100438,2023년 3월 24일 17시,금요일,충청남도 보령시 청라면,중상사고,0,1,0,0,차대사람 - 횡단중,안전운전불이행,건조,맑음,단일로 - 지하차도(도로)내,승용,여,61세,상해없음,보행자,여,72세,중상
2023032400100439,2023년 3월 24일 17시,금요일,충청남도 천안시 동남구 목천읍,경상사고,0,0,2,0,차대차 - 기타,신호위반,건조,맑음,단일로 - 터널,화물,남,55세,상해없음,화물,남,26세,경상
2023032400100440,2023년 3월 24일 17시,금요일,충청남도 천안시 서북구 입장면,사망사고,1,0,2,0,차대차 - 추돌,안전운전불이행,건조,맑음,단일로 - 기타,화물,남,67세,사망,화물,남,41세,경상
2023032400100486,2023년 3월 24일 18시,금요일,충청남도 천안시 서북구 성정동,경상사고,0,0,7,0,차대차 - 추돌,안전운전불이행,건조,맑음,단일로 - 고가도로위,승용,여,26세,상해없음,승용,여,42세,경상
2023032400100487,2023년 3월 24일 18시,금요일,충청남도 천안시 동남구 목천읍,경상사고,0,0,2,0,차대차 - 추돌,안전운전불이행,건조,맑음,단일로 - 기타,승용,남,19세,상해없음,승용,남,27세,경상
2023032400100574,2023년 3월 24일 20시,금요일,충청남도 아산시 둔포면,중상사고,0,1,0,0,차대차 - 추돌,안전운전불이행,건조,맑음,단일로 - 기타,화물,남,61세,중상,기타불명,남,25세,상해없음
2023032400100601,2023년 3월 24일 21시,금요일,충청남도 천안시 서북구 두정동,경상사고,0,0,1,0,차대사람 - 차도통행중,안전운전불이행,건조,맑음,교차로 - 교차로부근,원동기,여,21세,상해없음,보행자,남,30세,경상
2023032400100643,2023년 3월 24일 23시,금요일,충청남도 천안시 동남구 봉명동,경상사고,0,0,1,0,차대차 - 측면충돌,안전운전불이행,건조,맑음,교차로 - 교차로안,승용,남,49세,상해없음,이륜,남,24세,경상
2023032500100003,2023년 3월 25일 00시,토요일,충청남도 천안시 서북구 두정동,중상사고,0,1,0,0,차대차 - 기타,신호위반,건조,맑음,교차로 - 교차로안,승용,여,45세,상해없음,이륜,남,56세,중상
2023032500100020,2023년 3월 25일 01시,토요일,충청남도 당진시 우두동,경상사고,0,0,1,0,차대사람 - 보도통행중,안전운전불이행,건조,맑음,교차로 - 교차로부근,승용,남,68세,상해없음,보행자,남,32세,경상
2023032500100029,2023년 3월 25일 02시,토요일,충청남도 천안시 서북구 백석동,경상사고,0,0,2,0,차량단독 - 도로외이탈 - 기타,안전운전불이행,건조,맑음,단일로 - 기타,승용,남,39세,상해없음,,,,
2023032500100123,2023년 3월 25일 10시,토요일,충청남도 서산시 동문동,경상사고,0,0,1,0,차대차 - 측면충돌,안전운전불이행,건조,맑음,교차로 - 교차로안,승용,남,24세,상해없음,이륜,남,64세,경상
2023032500100182,2023년 3월 25일 12시,토요일,충청남도 천안시 서북구 성환읍,중상사고,0,2,4,0,차대차 - 후진중충돌,안전거리미확보,건조,맑음,기타 - 기타,화물,남,55세,상해없음,승용,남,55세,중상
2023032500100183,2023년 3월 25일 12시,토요일,충청남도 공주시 신관동,경상사고,0,0,3,0,차대차 - 측면충돌,안전운전불이행,건조,맑음,교차로 - 교차로부근,이륜,남,30세,상해없음,승용,남,39세,경상
2023032500100253,2023년 3월 25일 14시,토요일,충청남도 천안시 서북구 성성동,경상사고,0,0,3,0,차대차 - 기타,안전운전불이행,건조,맑음,단일로 - 기타,승용,여,24세,상해없음,승용,남,34세,경상
2023032500100254,2023년 3월 25일 14시,토요일,충청남도 공주시 신관동,중상사고,0,1,2,0,차대차 - 추돌,안전운전불이행,건조,맑음,교차로 - 교차로부근,승용,남,23세,상해없음,승용,여,37세,중상
2023032500100285,2023년 3월 25일 15시,토요일,충청남도 금산군 금산읍,경상사고,0,0,1,0,차량단독 - 기타,안전운전불이행,건조,맑음,단일로 - 기타,화물,남,53세,상해없음,,,,
2023032500100313,2023년 3월 25일 16시,토요일,충청남도 당진시 석문면,중상사고,0,2,0,0,차대차 - 측면충돌,안전운전불이행,건조,맑음,단일로 - 기타,승용,남,37세,중상,승용,남,37세,중상
2023032500100355,2023년 3월 25일 17시,토요일,충청남도 보령시 오천면,경상사고,0,0,1,0,차량단독 - 공작물충돌,안전운전불이행,건조,맑음,단일로 - 기타,이륜,남,72세,경상,,,,
2023032500100356,2023년 3월 25일 17시,토요일,충청남도 천안시 동남구 목천읍,경상사고,0,0,1,0,차량단독 - 공작물충돌,안전운전불이행,건조,맑음,단일로 - 기타,승용,남,76세,경상,,,,
2023032500100385,2023년 3월 25일 18시,토요일,충청남도 공주시 신관동,중상사고,0,1,0,0,차대차 - 측면충돌,안전운전불이행,건조,맑음,단일로 - 교량,화물,남,58세,기타불명,승용,남,62세,중상
2023032500100418,2023년 3월 25일 19시,토요일,충청남도 금산군 추부면,중상사고,0,1,1,0,차대차 - 추돌,안전운전불이행,건조,맑음,단일로 - 기타,승용,남,58세,경상,농기계,남,73세,중상
2023032500100491,2023년 3월 25일 22시,토요일,충청남도 천안시 서북구 성거읍,경상사고,0,0,1,0,차대차 - 기타,안전운전불이행,건조,맑음,교차로 - 교차로안,화물,남,56세,상해없음,승용,남,62세,경상
2023032500100492,2023년 3월 25일 22시,토요일,충청남도 태안군 안면읍,중상사고,0,1,0,0,차대차 - 측면충돌,중앙선침범,건조,맑음,단일로 - 기타,승용,남,38세,상해없음,승용,남,40세,상해없음
2023032600100014,2023년 3월 26일 01시,일요일,충청남도 천안시 서북구 두정동,경상사고,0,0,1,0,차대사람 - 차도통행중,안전운전불이행,건조,맑음,교차로 - 교차로안,승용,남,36세,상해없음,보행자,남,28세,경상
2023032600100015,2023년 3월 26일 01시,일요일,충청남도 천안시 서북구 성정동,경상사고,0,0,1,0,차대차 - 기타,불법유턴,건조,맑음,기타 - 기타,승용,남,34세,기타불명,이륜,남,29세,경상
2023032600100066,2023년 3월 26일 08시,일요일,충청남도 금산군 복수면,경상사고,0,0,1,0,차량단독 - 공작물충돌,안전운전불이행,건조,맑음,단일로 - 기타,승용,남,44세,경상,,,,
2023032600100067,2023년 3월 26일 08시,일요일,충청남도 공주시 정안면,경상사고,0,0,2,0,차대차 - 측면충돌,안전운전불이행,건조,맑음,기타 - 기타,승용,남,68세,상해없음,승용,남,72세,경상
2023032600100176,2023년 3월 26일 13시,일요일,충청남도 서산시 읍내동,중상사고,0,1,0,0,차대사람 - 횡단중,보행자보호의무위반,건조,맑음,교차로 - 교차로횡단보도내,승용,여,42세,상해없음,보행자,여,68세,중상
2023032600100177,2023년 3월 26일 13시,일요일,충청남도 서산시 성연면,경상사고,0,0,1,0,차대차 - 측면충돌,신호위반,건조,맑음,교차로 - 교차로안,이륜,남,35세,상해없음,승용,남,25세,경상
2023032600100178,2023년 3월 26일 13시,일요일,충청남도 천안시 서북구 두정동,경상사고,0,0,1,0,차대사람 - 차도통행중,안전운전불이행,건조,맑음,단일로 - 기타,승용,남,28세,상해없음,보행자,남,4세,경상
2023032600100179,2023년 3월 26일 13시,일요일,충청남도 보령시 신흑동,경상사고,0,0,1,0,차대차 - 기타,중앙선침범,건조,맑음,단일로 - 기타,화물,남,32세,상해없음,승용,남,55세,경상
2023032600100180,2023년 3월 26일 13시,일요일,충청남도 공주시 옥룡동,경상사고,0,0,1,0,차대사람 - 횡단중,안전운전불이행,건조,맑음,단일로 - 기타,승용,남,75세,상해없음,보행자,여,64세,경상
2023032600100214,2023년 3월 26일 14시,일요일,충청남도 논산시 반월동,경상사고,0,0,1,0,차대차 - 정면충돌,안전운전불이행,건조,맑음,교차로 - 교차로부근,자전거,남,12세,경상,승용,남,62세,상해없음
2023032600100215,2023년 3월 26일 14시,일요일,충청남도 아산시 신창면,중상사고,0,1,1,0,차대차 - 측면충돌,교차로운행방법위반,건조,맑음,교차로 - 교차로안,승용,여,44세,경상,자전거,남,69세,중상
2023032600100261,2023년 3월 26일 15시,일요일,충청남도 금산군 금산읍,경상사고,0,0,1,0,차량단독 - 전도전복 - 전도,안전운전불이행,건조,맑음,단일로 - 기타,사륜오토바이(ATV),남,60세,경상,,,,
2023032600100302,2023년 3월 26일 16시,일요일,충청남도 아산시 송악면,경상사고,0,0,2,0,차대차 - 추돌,안전운전불이행,건조,맑음,단일로 - 기타,승용,남,38세,상해없음,승용,남,42세,경상
2023032600100303,2023년 3월 26일 16시,일요일,충청남도 보령시 웅천읍,경상사고,0,0,2,0,차대차 - 기타,직진우회전진행방해,건조,맑음,교차로 - 교차로안,승용,여,62세,상해없음,승용,여,44세,경상
2023032600100335,2023년 3월 26일 17시,일요일,충청남도 계룡시 엄사면,경상사고,0,0,1,0,차대차 - 추돌,안전운전불이행,건조,맑음,교차로 - 교차로부근,승용,남,76세,상해없음,특수,남,46세,경상
2023032600100358,2023년 3월 26일 18시,일요일,충청남도 아산시 탕정면,경상사고,0,0,1,0,차대차 - 기타,안전운전불이행,건조,맑음,단일로 - 기타,승용,남,51세,상해없음,승용,남,31세,경상
2023032600100384,2023년 3월 26일 19시,일요일,충청남도 천안시 서북구 성정동,경상사고,0,0,1,0,차대차 - 측면충돌,중앙선침범,건조,맑음,단일로 - 기타,승용,남,62세,상해없음,승용,남,32세,경상
2023032600100465,2023년 3월 26일 23시,일요일,충청남도 천안시 서북구 두정동,경상사고,0,0,1,0,차대차 - 추돌,안전운전불이행,건조,맑음,교차로 - 교차로부근,승용,여,41세,상해없음,이륜,남,30세,경상
2023032600100466,2023년 3월 26일 23시,일요일,충청남도 서천군 마서면,경상사고,0,0,1,0,차량단독 - 공작물충돌,안전운전불이행,건조,맑음,단일로 - 기타,승용,남,36세,경상,,,,
2023032700100015,2023년 3월 27일 03시,월요일,충청남도 당진시 읍내동,경상사고,0,0,1,0,차대차 - 측면충돌,안전운전불이행,건조,맑음,교차로 - 교차로안,승용,남,70세,상해없음,승용,여,34세,경상
2023032700100054,2023년 3월 27일 07시,월요일,충청남도 예산군 예산읍,중상사고,0,1,0,0,차대사람 - 횡단중,보행자보호의무위반,건조,맑음,교차로 - 교차로안,승용,여,58세,상해없음,보행자,여,61세,중상
2023032700100092,2023년 3월 27일 08시,월요일,충청남도 천안시 서북구 직산읍,경상사고,0,0,1,0,차대차 - 측면충돌,안전운전불이행,건조,맑음,단일로 - 기타,화물,남,64세,상해없음,승용,남,29세,경상
2023032700100093,2023년 3월 27일 08시,월요일,충청남도 논산시 부적면,경상사고,0,0,1,0,차대차 - 측면충돌,신호위반,건조,맑음,교차로 - 교차로안,이륜,남,80세,상해없음,승용,여,38세,경상
2023032700100094,2023년 3월 27일 08시,월요일,충청남도 예산군 덕산면,부상신고사고,0,0,0,1,차대차 - 측면충돌,신호위반,건조,맑음,교차로 - 교차로안,승용,남,40세,부상신고,승용,여,49세,상해없음
2023032700100095,2023년 3월 27일 08시,월요일,충청남도 예산군 삽교읍,경상사고,0,0,1,0,차대차 - 측면충돌,직진우회전진행방해,건조,맑음,교차로 - 교차로안,화물,남,64세,상해없음,승용,여,55세,경상
2023032700100155,2023년 3월 27일 10시,월요일,충청남도 서산시 성연면,경상사고,0,0,1,0,차대차 - 기타,안전운전불이행,건조,맑음,교차로 - 교차로부근,승용,남,30세,상해없음,승용,여,31세,경상
2023032700100156,2023년 3월 27일 10시,월요일,충청남도 아산시 배방읍,경상사고,0,0,1,0,차대차 - 측면충돌,차로위반,건조,맑음,교차로 - 교차로부근,화물,남,44세,상해없음,승용,남,41세,경상
2023032700100157,2023년 3월 27일 10시,월요일,충청남도 예산군 예산읍,부상신고사고,0,0,0,1,차량단독 - 공작물충돌,안전운전불이행,건조,맑음,단일로 - 기타,화물,남,70세,부상신고,,,,
2023032700100181,2023년 3월 27일 11시,월요일,충청남도 서산시 해미면,경상사고,0,0,1,0,차대차 - 기타,안전운전불이행,건조,맑음,교차로 - 교차로안,화물,남,57세,상해없음,화물,남,74세,경상
2023032700100182,2023년 3월 27일 11시,월요일,충청남도 천안시 동남구 청당동,경상사고,0,0,1,0,차대차 - 추돌,안전운전불이행,건조,맑음,교차로 - 교차로부근,승용,남,53세,상해없음,승용,여,34세,경상
2023032700100205,2023년 3월 27일 12시,월요일,충청남도 천안시 서북구 쌍용동,경상사고,0,0,1,0,차대차 - 측면충돌,안전운전불이행,건조,맑음,단일로 - 기타,승용,남,61세,상해없음,이륜,남,56세,경상
2023032700100240,2023년 3월 27일 13시,월요일,충청남도 태안군 소원면,사망사고,1,2,0,0,차대차 - 측면충돌,교차로운행방법위반,건조,맑음,교차로 - 교차로안,승용,여,68세,상해없음,화물,남,37세,상해없음
2023032700100350,2023년 3월 27일 16시,월요일,충청남도 천안시 서북구 성정동,경상사고,0,0,1,0,차대차 - 측면충돌,직진우회전진행방해,건조,맑음,교차로 - 교차로안,승용,남,26세,상해없음,승용,남,70세,경상
2023032700100351,2023년 3월 27일 16시,월요일,충청남도 아산시 신창면,경상사고,0,0,1,0,차대차 - 측면충돌,안전운전불이행,건조,맑음,단일로 - 기타,승용,남,84세,상해없음,승용,여,30세,경상
2023032700100352,2023년 3월 27일 16시,월요일,충청남도 아산시 영인면,중상사고,0,1,2,0,차대차 - 추돌,안전운전불이행,건조,맑음,단일로 - 기타,승합,남,51세,상해없음,화물,남,64세,중상
2023032700100399,2023년 3월 27일 17시,월요일,충청남도 금산군 제원면,사망사고,1,0,0,0,차대차 - 추돌,기타,건조,맑음,단일로 - 기타,승용,남,74세,상해없음,농기계,남,84세,사망
2023032700100444,2023년 3월 27일 18시,월요일,충청남도 아산시 배방읍,중상사고,0,1,0,0,차대차 - 추돌,안전운전불이행,건조,맑음,단일로 - 기타,승용,남,24세,상해없음,승용,남,41세,중상
2023032700100481,2023년 3월 27일 19시,월요일,충청남도 서산시 읍내동,경상사고,0,0,1,0,차대차 - 기타,안전운전불이행,건조,맑음,교차로 - 교차로부근,승용,남,30세,상해없음,이륜,남,50세,경상
2023032700100482,2023년 3월 27일 19시,월요일,충청남도 천안시 서북구 직산읍,경상사고,0,0,1,0,차대차 - 측면충돌,교차로운행방법위반,건조,맑음,교차로 - 교차로안,승용,여,56세,상해없음,승용,남,31세,경상
2023032700100512,2023년 3월 27일 20시,월요일,충청남도 천안시 서북구 성거읍,중상사고,0,1,0,0,차대사람 - 차도통행중,안전운전불이행,건조,맑음,교차로 - 교차로안,승용,남,55세,상해없음,보행자,여,61세,중상
2023032700100513,2023년 3월 27일 20시,월요일,충청남도 아산시 둔포면,경상사고,0,0,1,0,차대차 - 기타,안전운전불이행,건조,맑음,단일로 - 기타,승용,남,59세,상해없음,이륜,남,41세,경상
2023032700100529,2023년 3월 27일 21시,월요일,충청남도 서산시 대산읍,중상사고,0,1,0,0,차대사람 - 횡단중,신호위반,건조,맑음,교차로 - 교차로안,승합,여,55세,상해없음,보행자,남,35세,중상
2023032700100530,2023년 3월 27일 21시,월요일,충청남도 부여군 충화면,중상사고,0,1,0,0,차량단독 - 기타,안전운전불이행,건조,맑음,단일로 - 기타,이륜,남,60세,중상,,,,
2023032800100032,2023년 3월 28일 05시,화요일,충청남도 서산시 지곡면,사망사고,1,0,0,0,차량단독 - 도로외이탈 - 추락,안전운전불이행,건조,맑음,교차로 - 교차로부근,승용,남,30세,사망,,,,
2023032800100033,2023년 3월 28일 05시,화요일,충청남도 부여군 외산면,경상사고,0,0,1,0,차대차 - 측면충돌,중앙선침범,건조,맑음,단일로 - 기타,화물,남,47세,상해없음,승용,남,62세,경상
2023032800100058,2023년 3월 28일 07시,화요일,충청남도 천안시 서북구 쌍용동,경상사고,0,0,1,0,차대차 - 측면충돌,교차로운행방법위반,건조,맑음,교차로 - 교차로안,승합,남,63세,기타불명,승용,남,36세,경상