사고번호,사고일시,요일,시군구,사고내용,사망자수,중상자수,경상자수,부상신고자수,사고유형,법규위반,노면상태,기상상태,도로형태,가해운전자 차종,가해운전자 성별,가해운전자 연령,가해운전자 상해정도,피해운전자 차종,피해운전자 성별,피해운전자 연령,피해운전자 상해정도
2023041200100134,2023년 4월 12일 09시,수요일,충청남도 천안시 서북구 성거읍,중상사고,0,1,1,0,차대차 - 측면충돌,직진우회전진행방해,건조,맑음,교차로 - 교차로안,승용,여,55세,중상,화물,남,53세,경상
2023041200100135,2023년 4월 12일 09시,수요일,충청남도 아산시 배방읍,경상사고,0,0,1,0,차대차 - 추돌,안전운전불이행,건조,맑음,교차로 - 교차로부근,승용,남,41세,상해없음,승용,여,43세,경상
2023041200100203,2023년 4월 12일 11시,수요일,충청남도 천안시 동남구 성남면,경상사고,0,0,1,0,차대차 - 측면충돌,차로위반,건조,맑음,기타 - 기타,건설기계,남,58세,상해없음,승용,남,43세,경상
2023041200100233,2023년 4월 12일 12시,수요일,충청남도 아산시 염치읍,경상사고,0,0,2,0,차대차 - 측면충돌,신호위반,건조,맑음,단일로 - 기타,화물,남,67세,상해없음,승용,남,31세,경상
2023041200100234,2023년 4월 12일 12시,수요일,충청남도 아산시 탕정면,경상사고,0,0,1,0,차대차 - 측면충돌,안전운전불이행,건조,맑음,단일로 - 기타,승용,남,53세,상해없음,승용,여,40세,경상
2023041200100235,2023년 4월 12일 12시,수요일,충청남도 공주시 신관동,중상사고,0,1,0,0,차대차 - 측면충돌,불법유턴,건조,맑음,교차로 - 교차로부근,승용,여,64세,상해없음,이륜,남,42세,중상
2023041200100287,2023년 4월 12일 14시,수요일,충청남도 논산시 반월동,경상사고,0,0,1,0,차대사람 - 횡단중,신호위반,건조,맑음,교차로 - 교차로횡단보도내,승용,남,22세,상해없음,보행자,남,58세,경상
2023041200100288,2023년 4월 12일 14시,수요일,충청남도 공주시 중동,경상사고,0,0,1,0,차대차 - 기타,안전운전불이행,건조,맑음,교차로 - 교차로안,화물,남,62세,상해없음,승용,남,64세,경상
2023041200100331,2023년 4월 12일 15시,수요일,충청남도 홍성군 광천읍,중상사고,0,1,0,0,차대차 - 측면충돌,안전운전불이행,건조,맑음,교차로 - 교차로안,화물,남,63세,상해없음,자전거,남,75세,중상
2023041200100332,2023년 4월 12일 15시,수요일,충청남도 천안시 동남구 봉명동,경상사고,0,0,1,0,차대사람 - 횡단중,교차로운행방법위반,건조,맑음,교차로 - 교차로부근,승용,여,61세,상해없음,보행자,여,61세,경상
2023041200100370,2023년 4월 12일 16시,수요일,충청남도 천안시 서북구 쌍용동,부상신고사고,0,0,0,2,차대차 - 기타,안전운전불이행,건조,맑음,기타 - 기타,승용,여,57세,상해없음,승용,여,56세,부상신고
2023041200100371,2023년 4월 12일 16시,수요일,충청남도 천안시 동남구 목천읍,경상사고,0,0,1,0,차대차 - 기타,기타,건조,맑음,기타 - 기타,특수,남,52세,상해없음,화물,남,29세,경상
2023041200100411,2023년 4월 12일 17시,수요일,충청남도 서산시 대산읍,경상사고,0,0,1,0,차대차 - 정면충돌,신호위반,건조,맑음,교차로 - 교차로안,승용,여,63세,상해없음,승용,남,41세,경상
2023041200100412,2023년 4월 12일 17시,수요일,충청남도 천안시 서북구 입장면,경상사고,0,0,1,0,차대차 - 기타,안전운전불이행,건조,맑음,단일로 - 기타,원동기,남,81세,경상,화물,남,46세,상해없음
2023041200100413,2023년 4월 12일 17시,수요일,충청남도 서천군 마서면,중상사고,0,1,0,0,차대차 - 정면충돌,신호위반,건조,맑음,교차로 - 교차로안,승용,남,80세,상해없음,이륜,남,59세,중상
2023041200100414,2023년 4월 12일 17시,수요일,충청남도 서천군 장항읍,경상사고,0,0,1,0,차량단독 - 공작물충돌,안전운전불이행,건조,맑음,단일로 - 기타,이륜,남,67세,경상,,,,
2023041200100415,2023년 4월 12일 17시,수요일,충청남도 공주시 옥룡동,중상사고,0,1,0,0,차대사람 - 기타,안전운전불이행,건조,맑음,단일로 - 기타,승용,남,44세,상해없음,보행자,여,84세,중상
2023041200100416,2023년 4월 12일 17시,수요일,충청남도 태안군 안면읍,경상사고,0,0,1,0,차대차 - 기타,기타,건조,맑음,단일로 - 기타,승합,여,56세,상해없음,승용,남,31세,상해없음
2023041200100504,2023년 4월 12일 20시,수요일,충청남도 서산시 성연면,중상사고,0,1,0,0,차대차 - 측면충돌,신호위반,건조,맑음,교차로 - 교차로안,승용,여,43세,상해없음,이륜,남,56세,중상
2023041200100505,2023년 4월 12일 20시,수요일,충청남도 홍성군 홍성읍,중상사고,0,1,0,0,차대차 - 정면충돌,안전운전불이행,건조,맑음,교차로 - 교차로안,이륜,남,18세,중상,승용,여,54세,상해없음
2023041200100577,2023년 4월 12일 23시,수요일,충청남도 천안시 서북구 쌍용동,중상사고,0,1,0,0,차대사람 - 횡단중,기타,건조,맑음,교차로 - 교차로부근,승합,남,60세,상해없음,보행자,남,42세,중상
2023041300100022,2023년 4월 13일 03시,목요일,충청남도 서산시 고북면,경상사고,0,0,1,0,차대차 - 추돌,안전거리미확보,건조,맑음,교차로 - 교차로안,승용,남,48세,기타불명,승용,남,32세,경상
2023041300100067,2023년 4월 13일 07시,목요일,충청남도 태안군 안면읍,중상사고,0,1,1,0,차대차 - 측면충돌,안전운전불이행,건조,맑음,교차로 - 교차로부근,사륜오토바이(ATV),남,62세,경상,승용,남,74세,중상
2023041300100107,2023년 4월 13일 08시,목요일,충청남도 천안시 동남구 성황동,경상사고,0,0,1,0,차대차 - 추돌,중앙선침범,건조,맑음,단일로 - 기타,승용,남,64세,상해없음,승용,여,48세,경상
2023041300100144,2023년 4월 13일 09시,목요일,충청남도 천안시 동남구 풍세면,경상사고,0,0,3,0,차대차 - 기타,안전거리미확보,건조,맑음,단일로 - 기타,화물,남,55세,상해없음,승용,여,43세,경상
2023041300100168,2023년 4월 13일 10시,목요일,충청남도 천안시 서북구 백석동,경상사고,0,0,1,0,차대차 - 추돌,신호위반,건조,맑음,교차로 - 교차로부근,승용,남,62세,상해없음,승용,여,40세,경상
2023041300100169,2023년 4월 13일 10시,목요일,충청남도 천안시 동남구 청당동,경상사고,0,0,1,0,차대차 - 측면충돌,안전거리미확보,건조,맑음,단일로 - 기타,승용,여,69세,상해없음,화물,여,48세,경상
2023041300100201,2023년 4월 13일 11시,목요일,충청남도 천안시 서북구 두정동,중상사고,0,1,0,0,차대사람 - 차도통행중,안전운전불이행,건조,맑음,기타 - 기타,승용,여,46세,상해없음,보행자,여,67세,중상
2023041300100224,2023년 4월 13일 12시,목요일,충청남도 천안시 동남구 안서동,경상사고,0,0,1,0,차대사람 - 기타,안전운전불이행,건조,맑음,단일로 - 기타,승용,여,50세,상해없음,보행자,여,18세,경상
2023041300100256,2023년 4월 13일 13시,목요일,충청남도 천안시 동남구 신부동,경상사고,0,0,1,0,차대차 - 측면충돌,신호위반,건조,맑음,교차로 - 교차로안,승용,남,55세,상해없음,화물,남,41세,경상
2023041300100290,2023년 4월 13일 14시,목요일,충청남도 부여군 은산면,중상사고,0,1,0,0,차대사람 - 차도통행중,안전운전불이행,건조,맑음,교차로 - 교차로안,승용,여,63세,상해없음,보행자,여,96세,중상
2023041300100291,2023년 4월 13일 14시,목요일,충청남도 천안시 동남구 사직동,중상사고,0,1,0,0,차대사람 - 기타,안전운전불이행,건조,맑음,교차로 - 교차로안,승용,여,43세,상해없음,보행자,남,54세,중상
2023041300100317,2023년 4월 13일 15시,목요일,충청남도 아산시 도고면,중상사고,0,1,0,0,차대사람 - 기타,안전운전불이행,건조,맑음,단일로 - 기타,승용,남,70세,상해없음,보행자,여,67세,중상
2023041300100318,2023년 4월 13일 15시,목요일,충청남도 당진시 시곡동,경상사고,0,0,1,0,차대사람 - 기타,안전운전불이행,건조,맑음,기타 - 기타,승용,여,57세,상해없음,보행자,남,41세,경상
2023041300100350,2023년 4월 13일 16시,목요일,충청남도 아산시 탕정면,경상사고,0,0,1,0,차대사람 - 기타,안전운전불이행,건조,맑음,주차장 - 주차장,승용,여,47세,상해없음,보행자,여,43세,경상
2023041300100390,2023년 4월 13일 17시,목요일,충청남도 서산시 운산면,중상사고,0,1,1,0,차대차 - 정면충돌,중앙선침범,건조,맑음,단일로 - 기타,승용,남,74세,경상,승용,남,73세,중상
2023041300100391,2023년 4월 13일 17시,목요일,충청남도 홍성군 홍북읍,경상사고,0,0,2,0,차대차 - 정면충돌,안전운전불이행,건조,맑음,단일로 - 기타,화물,남,60세,경상,승합,남,68세,경상
2023041300100392,2023년 4월 13일 17시,목요일,충청남도 아산시 풍기동,경상사고,0,0,1,0,차대차 - 측면충돌,안전거리미확보,건조,맑음,교차로 - 교차로부근,승용,여,53세,상해없음,승용,남,43세,경상
2023041300100428,2023년 4월 13일 18시,목요일,충청남도 아산시 온천동,경상사고,0,0,1,0,차대차 - 측면충돌,교차로운행방법위반,건조,맑음,교차로 - 교차로안,승용,여,51세,상해없음,개인형이동수단(PM),남,39세,경상
2023041300100429,2023년 4월 13일 18시,목요일,충청남도 아산시 용화동,중상사고,0,1,0,0,차대사람 - 횡단중,안전운전불이행,건조,맑음,교차로 - 교차로안,승용,남,29세,상해없음,보행자,여,28세,중상
2023041300100471,2023년 4월 13일 19시,목요일,충청남도 아산시 온천동,중상사고,0,1,0,0,차대사람 - 횡단중,보행자보호의무위반,건조,맑음,교차로 - 교차로횡단보도내,승용,남,50세,상해없음,보행자,여,76세,중상
2023041300100503,2023년 4월 13일 20시,목요일,충청남도 아산시 온천동,중상사고,0,1,0,0,차대차 - 측면충돌,안전운전불이행,건조,맑음,단일로 - 기타,원동기,남,28세,상해없음,자전거,남,37세,중상
2023041300100532,2023년 4월 13일 21시,목요일,충청남도 천안시 서북구 두정동,경상사고,0,0,2,0,차대차 - 추돌,안전운전불이행,건조,맑음,교차로 - 교차로부근,승용,남,34세,상해없음,승용,여,46세,경상
2023041300100560,2023년 4월 13일 23시,목요일,충청남도 천안시 서북구 직산읍,경상사고,0,0,1,0,차대차 - 추돌,안전운전불이행,건조,맑음,교차로 - 교차로부근,승용,여,56세,상해없음,이륜,남,26세,경상
2023041400100091,2023년 4월 14일 08시,금요일,충청남도 서산시 석남동,경상사고,0,0,1,0,차대차 - 측면충돌,교차로운행방법위반,건조,맑음,교차로 - 교차로안,승용,남,51세,상해없음,자전거,남,51세,경상
2023041400100093,2023년 4월 14일 08시,금요일,충청남도 공주시 탄천면,중상사고,0,1,0,0,차대차 - 추돌,안전운전불이행,건조,맑음,교차로 - 교차로안,화물,남,64세,상해없음,원동기,여,72세,중상
2023041400100094,2023년 4월 14일 08시,금요일,충청남도 당진시 송악읍,경상사고,0,0,3,0,차대차 - 추돌,안전거리미확보,건조,맑음,단일로 - 기타,화물,남,42세,기타불명,화물,남,62세,경상
2023041400100142,2023년 4월 14일 10시,금요일,충청남도 예산군 예산읍,경상사고,0,0,1,0,차대차 - 추돌,안전거리미확보,건조,맑음,교차로 - 교차로부근,승용,여,36세,상해없음,승용,남,59세,경상
2023041400100143,2023년 4월 14일 10시,금요일,충청남도 천안시 동남구 삼룡동,경상사고,0,0,1,0,차대차 - 추돌,안전운전불이행,건조,맑음,교차로 - 교차로안,승합,남,68세,상해없음,승용,남,66세,경상
2023041400100164,2023년 4월 14일 11시,금요일,충청남도 예산군 예산읍,중상사고,0,1,0,0,차대차 - 추돌,안전거리미확보,건조,맑음,교차로 - 교차로부근,승용,남,19세,상해없음,승용,남,32세,중상
2023041400100202,2023년 4월 14일 12시,금요일,충청남도 천안시 서북구 신당동,중상사고,0,1,0,0,차대사람 - 길가장자리구역통행중,안전운전불이행,건조,맑음,기타 - 기타,건설기계,남,63세,상해없음,보행자,남,65세,중상
2023041400100230,2023년 4월 14일 13시,금요일,충청남도 서산시 읍내동,경상사고,0,0,1,0,차대차 - 측면충돌,교차로운행방법위반,건조,맑음,교차로 - 교차로안,승용,남,72세,상해없음,이륜,남,47세,경상
2023041400100259,2023년 4월 14일 14시,금요일,충청남도 천안시 서북구 성정동,경상사고,0,0,2,0,차대차 - 측면충돌,안전운전불이행,건조,맑음,교차로 - 교차로안,승용,여,54세,경상,승용,남,40세,경상
2023041400100260,2023년 4월 14일 14시,금요일,충청남도 천안시 서북구 불당동,경상사고,0,0,1,0,차대차 - 측면충돌,안전거리미확보,건조,맑음,단일로 - 기타,승용,여,33세,상해없음,승용,남,46세,경상
2023041400100261,2023년 4월 14일 14시,금요일,충청남도 천안시 서북구 성환읍,경상사고,0,0,1,0,차대차 - 측면충돌,안전운전불이행,건조,맑음,단일로 - 기타,이륜,남,28세,경상,승용,남,49세,상해없음
2023041400100262,2023년 4월 14일 14시,금요일,충청남도 논산시 벌곡면,경상사고,0,0,1,0,차대차 - 후진중충돌,안전운전불이행,건조,맑음,교차로 - 교차로안,화물,남,69세,상해없음,승용,여,68세,경상
2023041400100264,2023년 4월 14일 14시,금요일,충청남도 태안군 안면읍,경상사고,0,0,3,0,차대차 - 추돌,안전운전불이행,건조,맑음,단일로 - 기타,승용,남,26세,상해없음,승용,남,55세,경상
2023041400100265,2023년 4월 14일 14시,금요일,충청남도 공주시 정안면,경상사고,0,0,2,0,차대차 - 기타,안전운전불이행,건조,맑음,주차장 - 주차장,화물,남,59세,상해없음,승용,남,27세,경상
2023041400100305,2023년 4월 14일 15시,금요일,충청남도 논산시 내동,경상사고,0,0,1,0,차대차 - 측면충돌,직진우회전진행방해,건조,맑음,교차로 - 교차로안,승용,여,52세,상해없음,이륜,남,39세,경상
2023041400100306,2023년 4월 14일 15시,금요일,충청남도 천안시 동남구 봉명동,경상사고,0,0,1,0,차대사람 - 기타,안전운전불이행,건조,맑음,단일로 - 기타,승용,남,28세,상해없음,보행자,여,38세,경상
2023041400100348,2023년 4월 14일 16시,금요일,충청남도 천안시 서북구 성정동,경상사고,0,0,1,0,차대차 - 측면충돌,신호위반,건조,맑음,교차로 - 교차로안,승용,남,60세,상해없음,승용,남,52세,경상
2023041400100393,2023년 4월 14일 17시,금요일,충청남도 부여군 세도면,중상사고,0,1,0,0,차대사람 - 기타,안전운전불이행,건조,맑음,단일로 - 기타,승용,남,77세,상해없음,보행자,여,83세,중상
2023041400100482,2023년 4월 14일 19시,금요일,충청남도 아산시 배방읍,경상사고,0,0,2,0,차대차 - 정면충돌,신호위반,건조,맑음,교차로 - 교차로안,승용,남,37세,상해없음,승용,남,57세,경상
2023041400100539,2023년 4월 14일 20시,금요일,충청남도 서산시 석림동,중상사고,0,2,0,0,차대차 - 측면충돌,신호위반,건조,맑음,교차로 - 교차로안,화물,남,50세,상해없음,승용,여,43세,중상
2023041400100540,2023년 4월 14일 20시,금요일,충청남도 천안시 서북구 백석동,경상사고,0,0,1,0,차대차 - 기타,안전운전불이행,건조,맑음,기타 - 기타,승용,남,27세,상해없음,이륜,남,32세,경상
2023041400100541,2023년 4월 14일 20시,금요일,충청남도 천안시 동남구 봉명동,중상사고,0,1,0,0,차대사람 - 기타,안전운전불이행,건조,맑음,교차로 - 교차로안,승용,여,50세,상해없음,보행자,여,37세,중상
2023041400100542,2023년 4월 14일 20시,금요일,충청남도 천안시 동남구 목천읍,경상사고,0,0,1,0,차대차 - 측면충돌,안전거리미확보,건조,맑음,단일로 - 기타,화물,남,70세,상해없음,승용,남,60세,경상
2023041400100595,2023년 4월 14일 22시,금요일,충청남도 천안시 동남구 풍세면,경상사고,0,0,3,0,차대차 - 기타,안전거리미확보,건조,맑음,단일로 - 기타,승용,남,19세,상해없음,승용,남,39세,경상
2023041400100617,2023년 4월 14일 23시,금요일,충청남도 서천군 한산면,중상사고,0,1,0,0,차량단독 - 도로외이탈 - 기타,안전운전불이행,젖음/습기,흐림,단일로 - 기타,승용,남,51세,중상,,,,
2023041500100015,2023년 4월 15일 00시,토요일,충청남도 천안시 서북구 쌍용동,경상사고,0,0,1,0,차대차 - 기타,안전운전불이행,건조,맑음,교차로 - 교차로부근,승용,남,54세,기타불명,승용,남,20세,경상
2023041500100032,2023년 4월 15일 01시,토요일,충청남도 아산시 배방읍,경상사고,0,0,1,0,차대사람 - 기타,안전운전불이행,건조,맑음,단일로 - 기타,기타불명,기타불명,미분류,기타불명,보행자,남,35세,경상
2023041500100059,2023년 4월 15일 05시,토요일,충청남도 서산시 음암면,중상사고,0,1,0,0,차대사람 - 차도통행중,안전운전불이행,건조,맑음,단일로 - 기타,승용,여,55세,상해없음,보행자,여,74세,중상
2023041500100065,2023년 4월 15일 06시,토요일,충청남도 홍성군 홍성읍,중상사고,0,1,0,0,차대차 - 측면충돌,신호위반,건조,맑음,교차로 - 교차로안,승용,남,63세,상해없음,승용,남,56세,중상
2023041500100066,2023년 4월 15일 06시,토요일,충청남도 아산시 신창면,중상사고,0,1,0,0,차대차 - 정면충돌,중앙선침범,건조,맑음,기타 - 기타,승용,남,20세,상해없음,화물,남,53세,중상
2023041500100090,2023년 4월 15일 08시,토요일,충청남도 금산군 금산읍,중상사고,0,1,0,0,차대차 - 측면충돌,안전운전불이행,건조,맑음,단일로 - 기타,화물,남,58세,상해없음,원동기,여,64세,중상
2023041500100177,2023년 4월 15일 11시,토요일,충청남도 천안시 서북구 차암동,경상사고,0,0,1,0,차대차 - 후진중충돌,안전운전불이행,젖음/습기,흐림,단일로 - 기타,승용,여,31세,상해없음,이륜,남,46세,경상
2023041500100178,2023년 4월 15일 11시,토요일,충청남도 천안시 서북구 성환읍,경상사고,0,0,1,0,차대차 - 측면충돌,안전운전불이행,건조,맑음,교차로 - 교차로부근,화물,남,60세,상해없음,승용,남,65세,경상
2023041500100179,2023년 4월 15일 11시,토요일,충청남도 아산시 탕정면,경상사고,0,0,2,0,차대차 - 추돌,안전운전불이행,젖음/습기,비,단일로 - 교량,승용,기타불명,미분류,기타불명,승용,남,27세,경상
2023041500100180,2023년 4월 15일 11시,토요일,충청남도 천안시 동남구 목천읍,중상사고,0,1,0,0,차대차 - 측면충돌,안전운전불이행,젖음/습기,비,교차로 - 교차로부근,승용,여,27세,상해없음,이륜,남,62세,중상
2023041500100226,2023년 4월 15일 12시,토요일,충청남도 아산시 배방읍,경상사고,0,0,1,0,차대차 - 측면충돌,안전운전불이행,건조,맑음,교차로 - 교차로안,승합,남,69세,상해없음,승용,남,48세,경상
2023041500100227,2023년 4월 15일 12시,토요일,충청남도 공주시 옥룡동,경상사고,0,0,1,0,차대차 - 측면충돌,차로위반,젖음/습기,비,교차로 - 교차로부근,화물,여,61세,상해없음,승용,여,58세,경상
2023041500100255,2023년 4월 15일 13시,토요일,충청남도 천안시 서북구 두정동,경상사고,0,0,1,0,차대차 - 추돌,안전운전불이행,건조,맑음,교차로 - 교차로부근,승용,여,26세,상해없음,승용,남,25세,경상
2023041500100256,2023년 4월 15일 13시,토요일,충청남도 예산군 삽교읍,경상사고,0,0,2,0,차대차 - 추돌,안전거리미확보,젖음/습기,맑음,교차로 - 교차로부근,화물,남,61세,상해없음,승용,여,44세,경상
2023041500100298,2023년 4월 15일 14시,토요일,충청남도 서산시 잠홍동,경상사고,0,0,1,0,차대차 - 기타,안전운전불이행,건조,맑음,기타 - 기타,승용,남,40세,상해없음,승용,남,67세,경상
2023041500100299,2023년 4월 15일 14시,토요일,충청남도 아산시 배방읍,경상사고,0,0,1,0,차대차 - 측면충돌,신호위반,건조,맑음,교차로 - 교차로안,승용,남,23세,상해없음,자전거,남,8세,경상
2023041500100300,2023년 4월 15일 14시,토요일,충청남도 당진시 송악읍,경상사고,0,0,1,0,차대사람 - 횡단중,안전운전불이행,건조,맑음,단일로 - 기타,승용,남,32세,상해없음,보행자,남,15세,경상
2023041500100328,2023년 4월 15일 15시,토요일,충청남도 천안시 서북구 불당동,경상사고,0,0,1,0,차대차 - 측면충돌,차로위반,건조,맑음,교차로 - 교차로부근,승용,남,29세,상해없음,승용,여,50세,경상
2023041500100348,2023년 4월 15일 16시,토요일,충청남도 천안시 동남구 목천읍,경상사고,0,0,2,0,차대차 - 추돌,안전운전불이행,건조,맑음,단일로 - 기타,화물,남,57세,상해없음,승용,여,42세,경상
2023041500100385,2023년 4월 15일 17시,토요일,충청남도 논산시 연산면,경상사고,0,0,1,0,차대차 - 추돌,안전운전불이행,건조,맑음,교차로 - 교차로부근,승용,남,54세,상해없음,승용,여,55세,경상
2023041500100386,2023년 4월 15일 17시,토요일,충청남도 서천군 종천면,부상신고사고,0,0,0,1,차량단독 - 공작물충돌,안전운전불이행,건조,맑음,단일로 - 기타,승용,남,23세,부상신고,,,,
2023041500100387,2023년 4월 15일 17시,토요일,충청남도 천안시 동남구 영성동,경상사고,0,0,1,0,차대차 - 기타,안전운전불이행,건조,맑음,단일로 - 기타,승용,남,57세,상해없음,이륜,남,36세,경상
2023041500100433,2023년 4월 15일 19시,토요일,충청남도 천안시 서북구 성정동,경상사고,0,0,1,1,차대차 - 추돌,중앙선침범,건조,맑음,단일로 - 기타,이륜,남,38세,경상,승용,남,25세,부상신고
2023041500100455,2023년 4월 15일 20시,토요일,충청남도 서산시 동문동,경상사고,0,0,1,0,차대차 - 후진중충돌,안전운전불이행,건조,맑음,기타 - 기타,승용,남,72세,상해없음,승용,남,32세,경상
2023041500100456,2023년 4월 15일 20시,토요일,충청남도 당진시 신평면,경상사고,0,0,2,0,차대차 - 추돌,기타,건조,흐림,단일로 - 기타,승용,남,32세,상해없음,승용,남,33세,경상
2023041500100503,2023년 4월 15일 22시,토요일,충청남도 당진시 원당동,중상사고,0,1,2,0,차대차 - 측면충돌,신호위반,건조,흐림,교차로 - 교차로안,승용,여,40세,경상,승용,남,32세,중상
2023041600100031,2023년 4월 16일 02시,일요일,충청남도 천안시 서북구 백석동,경상사고,0,0,2,0,차대차 - 기타,직진우회전진행방해,건조,맑음,교차로 - 교차로안,승용,남,39세,경상,승용,남,24세,상해없음
2023041600100067,2023년 4월 16일 08시,일요일,충청남도 부여군 부여읍,중상사고,0,1,0,0,차대차 - 측면충돌,교차로운행방법위반,건조,맑음,교차로 - 교차로안,승용,남,77세,상해없음,자전거,남,87세,중상
2023041600100077,2023년 4월 16일 09시,일요일,충청남도 아산시 음봉면,경상사고,0,0,1,0,차대사람 - 횡단중,안전운전불이행,건조,맑음,단일로 - 기타,승용,여,64세,상해없음,보행자,남,75세,경상
2023041600100095,2023년 4월 16일 10시,일요일,충청남도 태안군 태안읍,경상사고,0,0,1,0,차대차 - 추돌,안전운전불이행,건조,맑음,단일로 - 기타,승합,남,49세,상해없음,승용,여,73세,경상
2023041600100209,2023년 4월 16일 14시,일요일,충청남도 천안시 동남구 성남면,경상사고,0,0,1,2,차대사람 - 차도통행중,안전운전불이행,건조,맑음,단일로 - 기타,특수,남,51세,상해없음,보행자,남,28세,경상
2023041600100237,2023년 4월 16일 15시,일요일,충청남도 태안군 안면읍,경상사고,0,0,2,0,차대차 - 기타,안전운전불이행,건조,맑음,교차로 - 교차로안,승용,남,31세,상해없음,승용,남,29세,경상
2023041600100268,2023년 4월 16일 16시,일요일,충청남도 논산시 양촌면,경상사고,0,0,4,0,차대차 - 측면충돌,신호위반,건조,맑음,교차로 - 교차로안,화물,남,64세,상해없음,승용,여,39세,경상
2023041600100269,2023년 4월 16일 16시,일요일,충청남도 아산시 배방읍,경상사고,0,0,4,0,차대차 - 추돌,안전운전불이행,건조,맑음,단일로 - 기타,승용,여,29세,상해없음,승용,남,27세,경상
2023041600100270,2023년 4월 16일 16시,일요일,충청남도 공주시 송선동,경상사고,0,0,1,0,차대차 - 추돌,안전운전불이행,건조,맑음,교차로 - 교차로부근,화물,남,65세,상해없음,승용,여,57세,경상
2023041600100304,2023년 4월 16일 17시,일요일,충청남도 아산시 둔포면,경상사고,0,0,2,0,차대차 - 추돌,안전운전불이행,건조,맑음,단일로 - 기타,승용,남,41세,상해없음,승용,남,29세,경상
2023041600100305,2023년 4월 16일 17시,일요일,충청남도 부여군 부여읍,중상사고,0,1,1,0,차대차 - 추돌,안전운전불이행,건조,맑음,교차로 - 교차로부근,화물,남,29세,경상,화물,남,65세,중상
2023041600100324,2023년 4월 16일 18시,일요일,충청남도 홍성군 구항면,경상사고,0,0,1,0,차량단독 - 도로외이탈 - 추락,안전운전불이행,건조,맑음,단일로 - 기타,승용,남,69세,경상,,,,
2023041600100325,2023년 4월 16일 18시,일요일,충청남도 공주시 정안면,경상사고,0,0,1,0,차대차 - 측면충돌,안전운전불이행,건조,맑음,단일로 - 기타,승용,남,30세,상해없음,승용,남,61세,상해없음
2023041600100380,2023년 4월 16일 20시,일요일,충청남도 아산시 권곡동,경상사고,0,0,2,0,차대차 - 추돌,안전운전불이행,건조,맑음,교차로 - 교차로부근,승용,여,38세,상해없음,승용,남,24세,경상
2023041600100381,2023년 4월 16일 20시,일요일,충청남도 천안시 동남구 목천읍,경상사고,0,0,2,0,차대차 - 추돌,안전운전불이행,건조,맑음,단일로 - 지하차도(도로)내,승용,남,63세,상해없음,승용,남,62세,경상
2023041700100032,2023년 4월 17일 05시,월요일,충청남도 천안시 서북구 백석동,경상사고,0,0,1,0,차대차 - 추돌,안전운전불이행,건조,맑음,교차로 - 교차로부근,승용,여,36세,상해없음,승용,남,38세,경상
2023041700100146,2023년 4월 17일 09시,월요일,충청남도 홍성군 홍성읍,경상사고,0,0,1,0,차대차 - 정면충돌,교차로운행방법위반,건조,맑음,교차로 - 교차로안,이륜,남,80세,경상,승용,남,53세,상해없음
2023041700100176,2023년 4월 17일 10시,월요일,충청남도 금산군 금산읍,중상사고,0,1,0,0,차대차 - 기타,안전운전불이행,건조,맑음,단일로 - 기타,승용,남,65세,상해없음,자전거,남,72세,중상
2023041700100211,2023년 4월 17일 11시,월요일,충청남도 천안시 서북구 불당동,중상사고,0,1,1,0,차대차 - 측면충돌,교차로운행방법위반,건조,맑음,교차로 - 교차로안,승용,남,26세,상해없음,원동기,남,18세,경상
2023041700100326,2023년 4월 17일 14시,월요일,충청남도 아산시 배방읍,경상사고,0,0,1,0,차대차 - 측면충돌,신호위반,건조,맑음,교차로 - 교차로안,승용,여,47세,상해없음,승용,남,60세,경상
2023041700100362,2023년 4월 17일 15시,월요일,충청남도 서산시 석남동,중상사고,0,1,0,0,차대차 - 기타,안전운전불이행,건조,맑음,단일로 - 기타,승용,여,31세,상해없음,승용,남,58세,상해없음
2023041700100363,2023년 4월 17일 15시,월요일,충청남도 아산시 염치읍,경상사고,0,0,1,0,차대차 - 기타,교차로운행방법위반,건조,맑음,교차로 - 교차로안,건설기계,남,56세,상해없음,건설기계,남,44세,경상
2023041700100364,2023년 4월 17일 15시,월요일,충청남도 공주시 산성동,경상사고,0,0,1,0,차대사람 - 횡단중,안전운전불이행,건조,맑음,단일로 - 기타,승용,남,48세,상해없음,보행자,여,55세,경상
2023041700100441,2023년 4월 17일 17시,월요일,충청남도 아산시 둔포면,경상사고,0,0,1,0,차대차 - 측면충돌,안전운전불이행,건조,맑음,단일로 - 기타,농기계,남,66세,상해없음,승용,남,56세,경상
2023041700100442,2023년 4월 17일 17시,월요일,충청남도 공주시 신관동,경상사고,0,0,1,0,차대차 - 측면충돌,신호위반,건조,맑음,교차로 - 교차로안,승용,여,55세,기타불명,승용,남,57세,경상
2023041700100443,2023년 4월 17일 17시,월요일,충청남도 천안시 동남구 신부동,경상사고,0,0,1,0,차대차 - 측면충돌,안전운전불이행,건조,맑음,교차로 - 교차로횡단보도내,승용,남,27세,상해없음,자전거,남,75세,경상