사고번호,사고일시,요일,시군구,사고내용,사망자수,중상자수,경상자수,부상신고자수,사고유형,법규위반,노면상태,기상상태,도로형태,가해운전자 차종,가해운전자 성별,가해운전자 연령,가해운전자 상해정도,피해운전자 차종,피해운전자 성별,피해운전자 연령,피해운전자 상해정도
2023042100100667,2023년 4월 21일 23시,금요일,충청남도 아산시 신동,중상사고,0,1,0,0,차대차 - 추돌,안전운전불이행,건조,맑음,단일로 - 기타,화물,남,58세,상해없음,승용,남,27세,중상
2023042200100039,2023년 4월 22일 03시,토요일,충청남도 아산시 음봉면,중상사고,0,1,0,0,차대차 - 측면충돌,기타,건조,맑음,교차로 - 교차로안,승용,남,54세,상해없음,승용,여,54세,중상
2023042200100069,2023년 4월 22일 07시,토요일,충청남도 부여군 규암면,중상사고,0,1,0,0,차대차 - 기타,안전운전불이행,건조,맑음,교차로 - 교차로안,화물,남,27세,상해없음,이륜,여,69세,중상
2023042200100105,2023년 4월 22일 09시,토요일,충청남도 논산시 대교동,중상사고,0,1,0,0,차대차 - 기타,안전운전불이행,건조,맑음,교차로 - 교차로부근,화물,남,46세,상해없음,화물,남,84세,중상
2023042200100134,2023년 4월 22일 10시,토요일,충청남도 천안시 서북구 불당동,중상사고,0,2,0,0,차대차 - 정면충돌,신호위반,건조,맑음,교차로 - 교차로안,승용,여,59세,기타불명,승용,남,57세,중상
2023042200100135,2023년 4월 22일 10시,토요일,충청남도 청양군 청양읍,경상사고,0,0,1,0,차대사람 - 길가장자리구역통행중,안전운전불이행,건조,맑음,단일로 - 기타,승용,여,49세,상해없음,보행자,남,65세,경상
2023042200100170,2023년 4월 22일 11시,토요일,충청남도 아산시 음봉면,경상사고,0,0,1,0,차대차 - 측면충돌,안전운전불이행,건조,맑음,기타 - 기타,화물,남,72세,상해없음,승용,남,58세,경상
2023042200100171,2023년 4월 22일 11시,토요일,충청남도 천안시 서북구 성거읍,경상사고,0,0,1,0,차대차 - 기타,안전거리미확보,건조,맑음,단일로 - 기타,승용,여,45세,상해없음,승용,여,54세,경상
2023042200100202,2023년 4월 22일 12시,토요일,충청남도 아산시 둔포면,경상사고,0,0,1,0,차대차 - 기타,교차로운행방법위반,건조,맑음,교차로 - 교차로안,승용,여,35세,상해없음,이륜,남,44세,경상
2023042200100203,2023년 4월 22일 12시,토요일,충청남도 아산시 선장면,경상사고,0,0,2,0,차량단독 - 기타,안전운전불이행,건조,맑음,단일로 - 기타,승합,남,45세,상해없음,,,,
2023042200100204,2023년 4월 22일 12시,토요일,충청남도 청양군 대치면,경상사고,0,0,1,0,차량단독 - 기타,안전운전불이행,건조,맑음,단일로 - 기타,승합,남,51세,상해없음,,,,
2023042200100250,2023년 4월 22일 13시,토요일,충청남도 서천군 서천읍,중상사고,0,3,0,0,차대차 - 기타,안전거리미확보,건조,맑음,교차로 - 교차로안,화물,남,67세,상해없음,승용,남,45세,중상
2023042200100286,2023년 4월 22일 14시,토요일,충청남도 천안시 서북구 불당동,부상신고사고,0,0,0,1,차대차 - 추돌,차로위반,건조,맑음,기타 - 기타,이륜,남,38세,부상신고,승용,남,24세,상해없음
2023042200100287,2023년 4월 22일 14시,토요일,충청남도 천안시 서북구 입장면,경상사고,0,0,2,0,차대차 - 추돌,안전운전불이행,건조,맑음,기타 - 기타,승용,남,55세,기타불명,화물,남,47세,경상
2023042200100288,2023년 4월 22일 14시,토요일,충청남도 금산군 금성면,중상사고,0,1,0,0,차대차 - 기타,교차로운행방법위반,건조,맑음,교차로 - 교차로안,승용,여,52세,상해없음,이륜,남,44세,중상
2023042200100289,2023년 4월 22일 14시,토요일,충청남도 천안시 서북구 성거읍,경상사고,0,0,4,0,차대차 - 측면충돌,안전운전불이행,건조,맑음,기타 - 기타,특수,남,51세,상해없음,승용,남,39세,경상
2023042200100337,2023년 4월 22일 15시,토요일,충청남도 서산시 해미면,경상사고,0,0,2,0,차대차 - 측면충돌,교차로운행방법위반,건조,맑음,교차로 - 교차로안,승용,남,39세,상해없음,승용,남,32세,상해없음
2023042200100338,2023년 4월 22일 15시,토요일,충청남도 논산시 반월동,중상사고,0,1,3,0,차대차 - 후진중충돌,안전운전불이행,건조,맑음,단일로 - 기타,승용,여,47세,상해없음,승용,여,34세,중상
2023042200100339,2023년 4월 22일 15시,토요일,충청남도 아산시 온천동,경상사고,0,0,1,0,차대차 - 추돌,안전운전불이행,건조,맑음,교차로 - 교차로부근,승용,남,28세,상해없음,승용,남,28세,경상
2023042200100340,2023년 4월 22일 15시,토요일,충청남도 공주시 유구읍,중상사고,0,2,0,0,차대사람 - 횡단중,보행자보호의무위반,건조,맑음,교차로 - 교차로횡단보도내,화물,여,51세,상해없음,보행자,여,38세,중상
2023042200100341,2023년 4월 22일 15시,토요일,충청남도 청양군 남양면,중상사고,0,1,0,0,차대차 - 추돌,안전운전불이행,건조,맑음,단일로 - 기타,승용,남,65세,상해없음,자전거,남,51세,중상
2023042200100372,2023년 4월 22일 16시,토요일,충청남도 천안시 서북구 성환읍,경상사고,0,0,4,0,차대차 - 측면충돌,직진우회전진행방해,건조,맑음,교차로 - 교차로안,승용,여,26세,경상,승용,남,29세,경상
2023042200100373,2023년 4월 22일 16시,토요일,충청남도 아산시 둔포면,중상사고,0,1,0,0,차대차 - 정면충돌,중앙선침범,건조,맑음,교차로 - 교차로부근,승합,남,66세,상해없음,승용,남,30세,중상
2023042200100449,2023년 4월 22일 18시,토요일,충청남도 천안시 서북구 쌍용동,부상신고사고,0,0,0,1,차대차 - 측면충돌,안전운전불이행,건조,맑음,교차로 - 교차로안,원동기,남,65세,부상신고,승용,남,28세,상해없음
2023042200100450,2023년 4월 22일 18시,토요일,충청남도 태안군 안면읍,경상사고,0,0,1,0,차대사람 - 차도통행중,안전운전불이행,건조,맑음,단일로 - 기타,승용,남,40세,상해없음,보행자,남,20세,경상
2023042200100495,2023년 4월 22일 19시,토요일,충청남도 태안군 안면읍,중상사고,0,1,1,0,차대사람 - 차도통행중,안전운전불이행,건조,맑음,교차로 - 교차로안,승용,남,25세,중상,보행자,남,61세,경상
2023042200100524,2023년 4월 22일 20시,토요일,충청남도 홍성군 금마면,경상사고,0,0,4,0,차대차 - 추돌,안전운전불이행,건조,맑음,교차로 - 교차로부근,화물,남,62세,상해없음,승합,여,45세,경상
2023042200100572,2023년 4월 22일 22시,토요일,충청남도 아산시 온천동,경상사고,0,0,3,0,차대차 - 후진중충돌,안전운전불이행,건조,맑음,교차로 - 교차로부근,승합,남,37세,상해없음,승용,남,24세,경상
2023042200100573,2023년 4월 22일 22시,토요일,충청남도 공주시 금학동,경상사고,0,0,1,0,차량단독 - 공작물충돌,안전운전불이행,건조,흐림,단일로 - 기타,승용,남,47세,상해없음,,,,
2023042300100036,2023년 4월 23일 03시,일요일,충청남도 천안시 서북구 불당동,경상사고,0,0,1,0,차대차 - 기타,중앙선침범,건조,맑음,교차로 - 교차로부근,승용,남,28세,상해없음,승용,남,58세,경상
2023042300100037,2023년 4월 23일 03시,일요일,충청남도 공주시 옥룡동,부상신고사고,0,0,0,1,차량단독 - 전도전복 - 전도,안전운전불이행,건조,흐림,단일로 - 기타,이륜,남,52세,부상신고,,,,
2023042300100067,2023년 4월 23일 08시,일요일,충청남도 태안군 태안읍,경상사고,0,0,1,0,차량단독 - 공작물충돌,안전운전불이행,건조,맑음,단일로 - 기타,승용,여,42세,경상,,,,
2023042300100099,2023년 4월 23일 10시,일요일,충청남도 예산군 예산읍,중상사고,0,1,0,0,차대사람 - 차도통행중,보행자보호의무위반,건조,맑음,단일로 - 기타,승용,남,65세,상해없음,보행자,남,80세,중상
2023042300100118,2023년 4월 23일 11시,일요일,충청남도 논산시 내동,중상사고,0,1,0,0,차대사람 - 횡단중,보행자보호의무위반,건조,맑음,교차로 - 교차로횡단보도내,화물,남,52세,상해없음,보행자,여,68세,중상
2023042300100119,2023년 4월 23일 11시,일요일,충청남도 아산시 점양동,경상사고,0,0,1,0,차대차 - 측면충돌,안전운전불이행,건조,맑음,교차로 - 교차로부근,화물,남,67세,기타불명,승용,여,33세,경상
2023042300100138,2023년 4월 23일 12시,일요일,충청남도 서천군 서천읍,중상사고,0,1,0,0,차량단독 - 기타,안전운전불이행,건조,기타,미분류 - 미분류,승합,남,62세,상해없음,,,,
2023042300100173,2023년 4월 23일 13시,일요일,충청남도 천안시 서북구 두정동,부상신고사고,0,0,0,1,차대차 - 추돌,안전운전불이행,건조,맑음,교차로 - 교차로부근,이륜,남,21세,상해없음,승용,여,31세,부상신고
2023042300100174,2023년 4월 23일 13시,일요일,충청남도 천안시 동남구 목천읍,경상사고,0,0,4,0,차대차 - 추돌,안전운전불이행,건조,맑음,단일로 - 기타,승용,남,65세,상해없음,승용,남,38세,경상
2023042300100230,2023년 4월 23일 15시,일요일,충청남도 천안시 서북구 쌍용동,부상신고사고,0,0,0,1,차대차 - 측면충돌,불법유턴,건조,맑음,교차로 - 교차로부근,자전거,남,12세,부상신고,승용,남,56세,상해없음
2023042300100231,2023년 4월 23일 15시,일요일,충청남도 예산군 오가면,경상사고,0,0,1,0,차대차 - 측면충돌,안전운전불이행,건조,맑음,교차로 - 교차로부근,승용,남,59세,상해없음,승용,여,28세,경상
2023042300100284,2023년 4월 23일 17시,일요일,충청남도 천안시 서북구 와촌동,경상사고,0,0,2,0,차대차 - 추돌,안전운전불이행,건조,맑음,단일로 - 기타,화물,남,68세,상해없음,승용,남,56세,경상
2023042300100285,2023년 4월 23일 17시,일요일,충청남도 천안시 서북구 백석동,경상사고,0,0,1,0,차대차 - 측면충돌,신호위반,건조,맑음,교차로 - 교차로부근,승용,남,50세,상해없음,승용,남,31세,경상
2023042300100286,2023년 4월 23일 17시,일요일,충청남도 홍성군 홍성읍,경상사고,0,0,1,0,차대차 - 정면충돌,교차로운행방법위반,건조,맑음,교차로 - 교차로안,화물,남,55세,상해없음,이륜,남,25세,경상
2023042300100287,2023년 4월 23일 17시,일요일,충청남도 당진시 원당동,경상사고,0,0,1,0,차대차 - 추돌,안전운전불이행,건조,맑음,단일로 - 기타,승용,남,67세,상해없음,승용,남,48세,경상
2023042300100315,2023년 4월 23일 18시,일요일,충청남도 천안시 동남구 신방동,경상사고,0,0,1,0,차대차 - 측면충돌,신호위반,건조,맑음,교차로 - 교차로안,승용,여,43세,상해없음,이륜,남,28세,경상
2023042300100336,2023년 4월 23일 19시,일요일,충청남도 예산군 예산읍,경상사고,0,0,1,0,차대차 - 후진중충돌,안전운전불이행,건조,맑음,주차장 - 주차장,특수,남,36세,상해없음,화물,남,60세,경상
2023042400100005,2023년 4월 24일 00시,월요일,충청남도 천안시 서북구 두정동,중상사고,0,2,3,0,차대차 - 정면충돌,신호위반,건조,맑음,교차로 - 교차로안,승용,남,67세,상해없음,승용,남,37세,경상
2023042400100012,2023년 4월 24일 03시,월요일,충청남도 천안시 동남구 삼룡동,경상사고,0,0,2,0,차대차 - 측면충돌,안전운전불이행,건조,맑음,단일로 - 기타,승용,남,25세,상해없음,승용,남,55세,경상
2023042400100014,2023년 4월 24일 04시,월요일,충청남도 청양군 청양읍,경상사고,0,0,1,0,차량단독 - 전도전복 - 전도,안전운전불이행,건조,맑음,단일로 - 기타,농기계,남,75세,경상,,,,
2023042400100017,2023년 4월 24일 05시,월요일,충청남도 천안시 서북구 성성동,중상사고,0,1,0,0,차대사람 - 횡단중,신호위반,건조,맑음,교차로 - 교차로안,화물,남,65세,상해없음,보행자,남,75세,중상
2023042400100054,2023년 4월 24일 07시,월요일,충청남도 홍성군 금마면,중상사고,0,1,0,0,차대사람 - 길가장자리구역통행중,안전운전불이행,건조,맑음,단일로 - 기타,승용,여,26세,상해없음,보행자,남,86세,중상
2023042400100149,2023년 4월 24일 10시,월요일,충청남도 천안시 동남구 신부동,중상사고,0,1,0,0,차대차 - 측면충돌,안전운전불이행,건조,맑음,교차로 - 교차로안,개인형이동수단(PM),여,22세,기타불명,이륜,남,34세,중상
2023042400100204,2023년 4월 24일 12시,월요일,충청남도 아산시 둔포면,부상신고사고,0,0,0,1,차대차 - 추돌,안전운전불이행,건조,맑음,단일로 - 기타,화물,남,49세,상해없음,승용,남,68세,부상신고
2023042400100205,2023년 4월 24일 12시,월요일,충청남도 보령시 신흑동,중상사고,0,2,0,0,차대차 - 정면충돌,중앙선침범,건조,맑음,단일로 - 기타,승용,남,62세,상해없음,화물,남,68세,중상
2023042400100237,2023년 4월 24일 13시,월요일,충청남도 천안시 서북구 성환읍,중상사고,0,1,0,0,차대차 - 추돌,안전거리미확보,건조,맑음,단일로 - 기타,승용,남,52세,상해없음,승용,남,69세,중상
2023042400100238,2023년 4월 24일 13시,월요일,충청남도 공주시 계룡면,중상사고,0,1,0,0,차대차 - 정면충돌,중앙선침범,건조,맑음,교차로 - 교차로부근,승용,남,68세,상해없음,화물,남,54세,중상
2023042400100303,2023년 4월 24일 15시,월요일,충청남도 부여군 규암면,중상사고,0,1,2,0,차대차 - 추돌,안전운전불이행,건조,맑음,교차로 - 교차로안,화물,남,51세,경상,승용,남,57세,경상
2023042400100304,2023년 4월 24일 15시,월요일,충청남도 청양군 청양읍,경상사고,0,0,1,0,차대차 - 정면충돌,직진우회전진행방해,건조,맑음,교차로 - 교차로안,승용,여,63세,상해없음,승용,여,31세,경상
2023042400100336,2023년 4월 24일 16시,월요일,충청남도 보령시 대천동,경상사고,0,0,2,0,차대차 - 기타,안전운전불이행,건조,맑음,단일로 - 기타,승용,남,49세,상해없음,승용,남,31세,경상
2023042400100337,2023년 4월 24일 16시,월요일,충청남도 천안시 동남구 사직동,경상사고,0,0,1,0,차대사람 - 횡단중,안전운전불이행,건조,맑음,단일로 - 지하차도(도로)내,승용,여,72세,상해없음,보행자,남,75세,경상
2023042400100371,2023년 4월 24일 17시,월요일,충청남도 보령시 대천동,경상사고,0,0,1,0,차대사람 - 횡단중,신호위반,건조,맑음,교차로 - 교차로횡단보도내,승용,남,83세,기타불명,보행자,여,11세,경상
2023042400100413,2023년 4월 24일 18시,월요일,충청남도 천안시 서북구 성성동,경상사고,0,0,1,0,차대사람 - 보도통행중,기타,건조,맑음,기타 - 기타,승용,남,40세,상해없음,보행자,여,33세,경상
2023042400100414,2023년 4월 24일 18시,월요일,충청남도 천안시 서북구 성정동,경상사고,0,0,1,0,차대차 - 측면충돌,기타,건조,맑음,교차로 - 교차로안,승용,남,23세,상해없음,승용,남,23세,경상
2023042400100415,2023년 4월 24일 18시,월요일,충청남도 논산시 내동,경상사고,0,0,1,0,차대차 - 측면충돌,교차로운행방법위반,건조,맑음,교차로 - 교차로부근,화물,기타불명,미분류,기타불명,승용,여,39세,경상
2023042400100474,2023년 4월 24일 20시,월요일,충청남도 천안시 서북구 두정동,부상신고사고,0,0,0,3,차대차 - 추돌,안전운전불이행,건조,맑음,단일로 - 기타,이륜,남,48세,상해없음,승합,남,38세,부상신고
2023042400100475,2023년 4월 24일 20시,월요일,충청남도 논산시 취암동,중상사고,0,1,0,0,차대사람 - 보도통행중,보행자보호의무위반,건조,맑음,교차로 - 교차로횡단보도내,승용,남,33세,상해없음,보행자,여,14세,중상
2023042400100476,2023년 4월 24일 20시,월요일,충청남도 아산시 배방읍,사망사고,1,1,0,0,차대차 - 정면충돌,신호위반,건조,맑음,교차로 - 교차로안,이륜,남,52세,사망,승용,남,58세,중상
2023042400100478,2023년 4월 24일 20시,월요일,충청남도 당진시 읍내동,경상사고,0,0,1,0,차대사람 - 길가장자리구역통행중,안전운전불이행,건조,흐림,단일로 - 기타,승용,여,44세,상해없음,보행자,여,25세,경상
2023042400100497,2023년 4월 24일 21시,월요일,충청남도 천안시 동남구 병천면,경상사고,0,0,2,0,차대차 - 측면충돌,교차로운행방법위반,건조,맑음,교차로 - 교차로안,승합,남,55세,상해없음,승용,남,41세,경상
2023042400100498,2023년 4월 24일 21시,월요일,충청남도 태안군 태안읍,경상사고,0,0,2,0,차대차 - 추돌,안전운전불이행,건조,맑음,단일로 - 기타,승용,남,60세,상해없음,승용,남,35세,경상
2023042500100043,2023년 4월 25일 06시,화요일,충청남도 아산시 영인면,경상사고,0,0,3,0,차대차 - 추돌,안전운전불이행,건조,맑음,단일로 - 기타,승용,남,30세,경상,승용,남,40세,경상
2023042500100179,2023년 4월 25일 10시,화요일,충청남도 서산시 수석동,경상사고,0,0,1,0,차대차 - 측면충돌,신호위반,건조,흐림,교차로 - 교차로안,승용,여,72세,상해없음,특수,남,41세,경상
2023042500100180,2023년 4월 25일 10시,화요일,충청남도 아산시 배방읍,중상사고,0,1,1,0,차대차 - 측면충돌,신호위반,건조,맑음,교차로 - 교차로안,승용,남,64세,상해없음,승용,여,39세,중상
2023042500100205,2023년 4월 25일 11시,화요일,충청남도 청양군 남양면,중상사고,0,1,0,0,차대차 - 측면충돌,중앙선침범,건조,흐림,단일로 - 기타,이륜,남,54세,중상,화물,남,76세,상해없음
2023042500100345,2023년 4월 25일 15시,화요일,충청남도 부여군 부여읍,중상사고,0,1,0,0,차대차 - 추돌,안전운전불이행,젖음/습기,비,교차로 - 교차로부근,화물,남,70세,상해없음,이륜,남,34세,중상
2023042500100375,2023년 4월 25일 16시,화요일,충청남도 논산시 가야곡면,중상사고,0,1,0,0,차대차 - 측면충돌,직진우회전진행방해,젖음/습기,비,교차로 - 교차로안,화물,남,59세,상해없음,승용,남,74세,중상
2023042500100444,2023년 4월 25일 18시,화요일,충청남도 천안시 서북구 불당동,경상사고,0,0,2,0,차대차 - 측면충돌,안전운전불이행,건조,맑음,단일로 - 기타,승용,남,34세,상해없음,승용,남,72세,경상
2023042500100445,2023년 4월 25일 18시,화요일,충청남도 당진시 합덕읍,경상사고,0,0,1,0,차대사람 - 기타,안전운전불이행,건조,맑음,기타 - 기타,승용,여,58세,상해없음,보행자,여,62세,경상
2023042500100595,2023년 4월 25일 23시,화요일,충청남도 아산시 둔포면,경상사고,0,0,1,0,차대차 - 측면충돌,안전운전불이행,건조,맑음,단일로 - 기타,이륜,남,19세,경상,승용,남,42세,기타불명
2023042500100596,2023년 4월 25일 23시,화요일,충청남도 당진시 송악읍,경상사고,0,0,2,0,차대차 - 추돌,안전운전불이행,건조,맑음,교차로 - 교차로안,승용,남,32세,상해없음,승용,남,32세,경상
2023042500100597,2023년 4월 25일 23시,화요일,충청남도 당진시 송악읍,중상사고,0,1,0,0,차대사람 - 기타,안전운전불이행,건조,맑음,미분류 - 미분류,기타불명,기타불명,미분류,기타불명,보행자,남,49세,중상
2023042600100030,2023년 4월 26일 05시,수요일,충청남도 서산시 읍내동,중상사고,0,1,0,0,차량단독 - 공작물충돌,안전운전불이행,건조,맑음,단일로 - 기타,개인형이동수단(PM),남,44세,중상,,,,
2023042600100038,2023년 4월 26일 06시,수요일,충청남도 당진시 송악읍,경상사고,0,0,1,0,차대차 - 측면충돌,신호위반,건조,맑음,교차로 - 교차로안,승용,남,47세,상해없음,승용,남,28세,경상
2023042600100054,2023년 4월 26일 07시,수요일,충청남도 서산시 지곡면,경상사고,0,0,3,0,차대차 - 추돌,안전운전불이행,건조,맑음,단일로 - 기타,승합,남,70세,상해없음,화물,남,39세,경상
2023042600100098,2023년 4월 26일 08시,수요일,충청남도 천안시 서북구 신당동,경상사고,0,0,3,0,차대차 - 측면충돌,교차로운행방법위반,건조,맑음,교차로 - 교차로안,승합,남,54세,상해없음,승용,남,33세,경상
2023042600100128,2023년 4월 26일 09시,수요일,충청남도 서천군 장항읍,경상사고,0,0,1,0,차대차 - 기타,안전운전불이행,건조,맑음,단일로 - 기타,승용,남,72세,상해없음,자전거,남,83세,경상
2023042600100129,2023년 4월 26일 09시,수요일,충청남도 예산군 예산읍,중상사고,0,1,0,0,차대차 - 측면충돌,직진우회전진행방해,건조,맑음,교차로 - 교차로안,화물,남,47세,상해없음,화물,남,77세,중상
2023042600100130,2023년 4월 26일 09시,수요일,충청남도 천안시 동남구 풍세면,경상사고,0,0,3,0,차대차 - 기타,신호위반,건조,맑음,단일로 - 기타,화물,남,57세,상해없음,승용,여,46세,경상
2023042600100163,2023년 4월 26일 10시,수요일,충청남도 아산시 방축동,중상사고,0,1,0,0,차대차 - 측면충돌,교차로운행방법위반,건조,맑음,교차로 - 교차로안,화물,남,71세,상해없음,승용,여,55세,기타불명
2023042600100191,2023년 4월 26일 11시,수요일,충청남도 서산시 운산면,경상사고,0,0,1,0,차대차 - 측면충돌,교차로운행방법위반,건조,흐림,교차로 - 교차로안,승합,남,70세,상해없음,원동기,남,71세,경상
2023042600100222,2023년 4월 26일 12시,수요일,충청남도 천안시 동남구 청당동,경상사고,0,0,1,0,차대차 - 측면충돌,교차로운행방법위반,건조,맑음,교차로 - 교차로안,승용,여,61세,상해없음,원동기,남,17세,경상
2023042600100255,2023년 4월 26일 13시,수요일,충청남도 공주시 신관동,경상사고,0,0,1,0,차대차 - 기타,안전거리미확보,건조,맑음,단일로 - 기타,승용,남,37세,상해없음,화물,남,41세,경상
2023042600100256,2023년 4월 26일 13시,수요일,충청남도 예산군 예산읍,중상사고,0,2,1,0,차대차 - 정면충돌,신호위반,건조,맑음,교차로 - 교차로안,승용,여,53세,중상,승용,남,67세,경상
2023042600100257,2023년 4월 26일 13시,수요일,충청남도 청양군 대치면,중상사고,0,1,0,0,차량단독 - 도로외이탈 - 추락,안전운전불이행,건조,맑음,단일로 - 기타,승용,남,81세,중상,,,,
2023042600100258,2023년 4월 26일 13시,수요일,충청남도 천안시 동남구 풍세면,부상신고사고,0,0,0,1,차량단독 - 전도전복 - 전도,안전운전불이행,건조,맑음,단일로 - 기타,원동기,남,51세,부상신고,,,,
2023042600100288,2023년 4월 26일 14시,수요일,충청남도 천안시 서북구 성거읍,경상사고,0,0,1,0,차대차 - 기타,안전운전불이행,건조,맑음,교차로 - 교차로안,이륜,남,53세,상해없음,승용,남,67세,경상
2023042600100289,2023년 4월 26일 14시,수요일,충청남도 아산시 신창면,부상신고사고,0,0,0,1,차대사람 - 횡단중,안전운전불이행,건조,맑음,교차로 - 교차로안,화물,남,29세,상해없음,보행자,남,9세,부상신고
2023042600100290,2023년 4월 26일 14시,수요일,충청남도 천안시 동남구 신방동,경상사고,0,0,1,0,차대차 - 측면충돌,교차로운행방법위반,건조,맑음,교차로 - 교차로안,승용,남,69세,상해없음,화물,남,50세,경상
2023042600100352,2023년 4월 26일 16시,수요일,충청남도 공주시 월송동,경상사고,0,0,1,0,차대사람 - 기타,안전운전불이행,건조,맑음,기타 - 기타,자전거,남,13세,기타불명,보행자,여,55세,경상
2023042600100398,2023년 4월 26일 17시,수요일,충청남도 당진시 합덕읍,경상사고,0,0,1,0,차대사람 - 기타,안전운전불이행,건조,맑음,교차로 - 교차로안,승용,남,88세,상해없음,보행자,남,48세,경상
2023042600100458,2023년 4월 26일 18시,수요일,충청남도 천안시 서북구 쌍용동,경상사고,0,0,1,0,차대차 - 측면충돌,차로위반,건조,맑음,기타 - 기타,승용,여,41세,상해없음,이륜,남,41세,경상
2023042600100459,2023년 4월 26일 18시,수요일,충청남도 천안시 서북구 성거읍,경상사고,0,0,1,0,차대차 - 기타,교차로운행방법위반,건조,맑음,교차로 - 교차로부근,승용,남,47세,기타불명,승합,남,40세,경상
2023042600100460,2023년 4월 26일 18시,수요일,충청남도 천안시 서북구 신당동,중상사고,0,1,0,0,차대차 - 기타,안전운전불이행,건조,맑음,단일로 - 기타,승용,여,45세,기타불명,자전거,남,58세,중상
2023042600100461,2023년 4월 26일 18시,수요일,충청남도 보령시 명천동,경상사고,0,0,1,0,차대차 - 추돌,안전운전불이행,건조,흐림,교차로 - 교차로부근,승용,남,38세,상해없음,승용,여,46세,경상
2023042600100462,2023년 4월 26일 18시,수요일,충청남도 당진시 원당동,경상사고,0,0,1,0,차량단독 - 공작물충돌,안전운전불이행,건조,맑음,교차로 - 교차로안,승용,남,75세,상해없음,,,,
2023042600100504,2023년 4월 26일 19시,수요일,충청남도 천안시 서북구 두정동,부상신고사고,0,0,0,1,차대차 - 기타,안전운전불이행,건조,맑음,교차로 - 교차로안,자전거,남,14세,부상신고,승용,남,27세,상해없음
2023042600100505,2023년 4월 26일 19시,수요일,충청남도 천안시 서북구 성정동,경상사고,0,0,1,0,차대차 - 기타,안전운전불이행,건조,맑음,교차로 - 교차로안,승용,남,81세,상해없음,승용,여,31세,경상
2023042600100506,2023년 4월 26일 19시,수요일,충청남도 부여군 임천면,중상사고,0,1,2,0,차대차 - 추돌,안전운전불이행,건조,맑음,단일로 - 기타,화물,남,54세,기타불명,농기계,남,83세,중상
2023042600100539,2023년 4월 26일 20시,수요일,충청남도 천안시 동남구 봉명동,경상사고,0,0,1,0,차대차 - 기타,안전운전불이행,건조,맑음,단일로 - 기타,승용,여,48세,상해없음,이륜,남,32세,경상
2023042600100568,2023년 4월 26일 21시,수요일,충청남도 천안시 서북구 두정동,경상사고,0,0,2,0,차대차 - 정면충돌,안전운전불이행,건조,맑음,교차로 - 교차로부근,승용,여,48세,경상,승용,남,57세,경상
2023042600100569,2023년 4월 26일 21시,수요일,충청남도 천안시 동남구 신방동,경상사고,0,0,4,0,차대차 - 측면충돌,안전운전불이행,건조,맑음,단일로 - 기타,승용,남,30세,경상,승용,여,50세,경상
2023042600100590,2023년 4월 26일 22시,수요일,충청남도 보령시 죽정동,경상사고,0,0,2,0,차대차 - 추돌,안전운전불이행,건조,맑음,교차로 - 교차로안,화물,남,42세,상해없음,승용,남,30세,경상
2023042600100605,2023년 4월 26일 23시,수요일,충청남도 천안시 서북구 불당동,경상사고,0,0,1,0,차대차 - 기타,신호위반,젖음/습기,비,교차로 - 교차로횡단보도내,승용,여,34세,기타불명,자전거,남,15세,경상
2023042700100058,2023년 4월 27일 07시,목요일,충청남도 아산시 배방읍,중상사고,0,1,0,0,차대차 - 정면충돌,안전운전불이행,건조,맑음,교차로 - 교차로안,승용,남,50세,상해없음,승용,남,68세,중상
2023042700100119,2023년 4월 27일 09시,목요일,충청남도 서산시 석림동,경상사고,0,0,2,0,차대차 - 기타,안전운전불이행,건조,맑음,교차로 - 교차로안,승용,여,31세,상해없음,승용,남,47세,경상
2023042700100120,2023년 4월 27일 09시,목요일,충청남도 당진시 읍내동,경상사고,0,0,1,0,차대차 - 기타,신호위반,건조,맑음,교차로 - 교차로안,승용,남,20세,상해없음,승용,여,39세,경상
2023042700100198,2023년 4월 27일 12시,목요일,충청남도 서산시 인지면,부상신고사고,0,0,0,1,차대사람 - 기타,안전운전불이행,건조,맑음,기타 - 기타,기타불명,기타불명,미분류,기타불명,보행자,남,48세,부상신고
2023042700100199,2023년 4월 27일 12시,목요일,충청남도 부여군 부여읍,경상사고,0,0,1,0,차대차 - 측면충돌,안전운전불이행,건조,맑음,단일로 - 기타,승합,남,47세,상해없음,이륜,여,66세,경상
2023042700100200,2023년 4월 27일 12시,목요일,충청남도 당진시 송악읍,경상사고,0,0,4,3,차대차 - 추돌,안전운전불이행,건조,맑음,단일로 - 기타,승용,여,42세,상해없음,승합,남,62세,경상
2023042700100231,2023년 4월 27일 13시,목요일,충청남도 천안시 서북구 불당동,경상사고,0,0,2,0,차대차 - 측면충돌,안전운전불이행,건조,맑음,단일로 - 기타,승용,여,62세,상해없음,승용,여,40세,경상
2023042700100232,2023년 4월 27일 13시,목요일,충청남도 천안시 동남구 원성동,중상사고,0,1,1,0,차대차 - 측면충돌,안전운전불이행,건조,맑음,교차로 - 교차로안,승용,여,32세,상해없음,이륜,남,29세,중상
2023042700100271,2023년 4월 27일 14시,목요일,충청남도 천안시 서북구 불당동,경상사고,0,0,2,0,차대차 - 측면충돌,직진우회전진행방해,건조,맑음,교차로 - 교차로안,승합,남,22세,상해없음,승용,남,40세,경상