사고번호,사고일시,요일,시군구,사고내용,사망자수,중상자수,경상자수,부상신고자수,사고유형,법규위반,노면상태,기상상태,도로형태,가해운전자 차종,가해운전자 성별,가해운전자 연령,가해운전자 상해정도,피해운전자 차종,피해운전자 성별,피해운전자 연령,피해운전자 상해정도
2023042700100395,2023년 4월 27일 17시,목요일,충청남도 천안시 서북구 쌍용동,중상사고,0,1,0,0,차대차 - 측면충돌,안전운전불이행,건조,맑음,교차로 - 교차로부근,승용,남,62세,상해없음,승용,남,33세,중상
2023042700100396,2023년 4월 27일 17시,목요일,충청남도 보령시 대천동,경상사고,0,0,2,0,차대차 - 기타,안전거리미확보,건조,맑음,교차로 - 교차로안,승합,남,61세,상해없음,승용,남,22세,경상
2023042700100448,2023년 4월 27일 18시,목요일,충청남도 천안시 서북구 직산읍,경상사고,0,0,1,0,차대차 - 측면충돌,안전운전불이행,건조,맑음,단일로 - 기타,승용,남,32세,상해없음,승용,남,31세,경상
2023042700100449,2023년 4월 27일 18시,목요일,충청남도 아산시 배방읍,중상사고,0,1,0,0,차대차 - 후진중충돌,안전운전불이행,건조,맑음,단일로 - 기타,승용,남,63세,상해없음,승용,남,25세,중상
2023042700100450,2023년 4월 27일 18시,목요일,충청남도 부여군 규암면,중상사고,0,2,1,0,차대차 - 측면충돌,신호위반,건조,맑음,교차로 - 교차로안,화물,여,53세,상해없음,승용,남,40세,경상
2023042700100490,2023년 4월 27일 19시,목요일,충청남도 천안시 서북구 두정동,경상사고,0,0,1,0,차대차 - 측면충돌,안전운전불이행,건조,맑음,단일로 - 기타,승용,여,34세,기타불명,승용,여,59세,경상
2023042700100527,2023년 4월 27일 20시,목요일,충청남도 서천군 비인면,경상사고,0,0,2,0,차대차 - 측면충돌,안전운전불이행,건조,맑음,단일로 - 기타,화물,남,73세,상해없음,승용,남,68세,경상
2023042700100528,2023년 4월 27일 20시,목요일,충청남도 부여군 은산면,경상사고,0,0,1,0,차대사람 - 기타,안전운전불이행,건조,맑음,단일로 - 기타,승용,남,74세,상해없음,보행자,남,77세,경상
2023042700100549,2023년 4월 27일 21시,목요일,충청남도 천안시 서북구 성거읍,경상사고,0,0,2,0,차대차 - 정면충돌,신호위반,건조,맑음,교차로 - 교차로안,승용,남,53세,상해없음,승용,여,51세,경상
2023042700100550,2023년 4월 27일 21시,목요일,충청남도 홍성군 홍성읍,중상사고,0,1,1,1,차대차 - 추돌,안전운전불이행,건조,맑음,단일로 - 기타,승용,남,45세,상해없음,승용,남,42세,중상
2023042700100578,2023년 4월 27일 22시,목요일,충청남도 천안시 서북구 두정동,중상사고,0,1,0,0,차대차 - 측면충돌,교차로운행방법위반,건조,맑음,교차로 - 교차로안,승용,남,59세,상해없음,이륜,남,31세,중상
2023042700100593,2023년 4월 27일 23시,목요일,충청남도 공주시 신관동,중상사고,0,1,0,0,차대차 - 추돌,안전운전불이행,건조,맑음,교차로 - 교차로부근,승용,남,55세,상해없음,승용,남,47세,중상
2023042800100044,2023년 4월 28일 06시,금요일,충청남도 부여군 규암면,중상사고,0,1,3,0,차대차 - 측면충돌,직진우회전진행방해,건조,맑음,교차로 - 교차로안,화물,남,42세,경상,화물,남,78세,중상
2023042800100068,2023년 4월 28일 07시,금요일,충청남도 당진시 채운동,경상사고,0,0,1,0,차대차 - 기타,신호위반,건조,맑음,교차로 - 교차로안,승용,남,63세,상해없음,승용,남,30세,경상
2023042800100119,2023년 4월 28일 08시,금요일,충청남도 서산시 음암면,중상사고,0,1,0,0,차대차 - 기타,안전운전불이행,건조,맑음,단일로 - 기타,승용,여,60세,상해없음,이륜,여,71세,중상
2023042800100120,2023년 4월 28일 08시,금요일,충청남도 천안시 서북구 쌍용동,경상사고,0,0,1,0,차대차 - 측면충돌,안전거리미확보,건조,맑음,교차로 - 교차로부근,승용,여,50세,기타불명,승용,여,37세,경상
2023042800100121,2023년 4월 28일 08시,금요일,충청남도 아산시 배방읍,경상사고,0,0,1,0,차대차 - 측면충돌,안전거리미확보,건조,맑음,단일로 - 기타,승용,남,72세,기타불명,승용,남,27세,경상
2023042800100169,2023년 4월 28일 09시,금요일,충청남도 홍성군 홍성읍,경상사고,0,0,1,0,차대차 - 측면충돌,교차로운행방법위반,건조,맑음,교차로 - 교차로안,승용,여,59세,상해없음,화물,여,57세,경상
2023042800100200,2023년 4월 28일 10시,금요일,충청남도 천안시 서북구 성거읍,부상신고사고,0,0,0,1,차대차 - 기타,안전운전불이행,건조,맑음,교차로 - 교차로부근,기타불명,기타불명,미분류,기타불명,승용,남,72세,상해없음
2023042800100201,2023년 4월 28일 10시,금요일,충청남도 아산시 실옥동,경상사고,0,0,2,0,차대차 - 측면충돌,신호위반,건조,맑음,교차로 - 교차로안,승용,남,60세,상해없음,승용,남,41세,경상
2023042800100231,2023년 4월 28일 11시,금요일,충청남도 천안시 서북구 성환읍,중상사고,0,1,0,0,차대차 - 추돌,안전운전불이행,건조,맑음,단일로 - 기타,승합,남,50세,상해없음,승용,여,78세,중상
2023042800100232,2023년 4월 28일 11시,금요일,충청남도 예산군 예산읍,경상사고,0,0,1,0,차대차 - 측면충돌,교차로운행방법위반,건조,맑음,교차로 - 교차로안,이륜,남,73세,경상,승용,남,66세,상해없음
2023042800100233,2023년 4월 28일 11시,금요일,충청남도 논산시 연무읍,중상사고,0,1,2,0,차대차 - 측면충돌,기타,건조,맑음,단일로 - 기타,승용,남,24세,상해없음,화물,남,46세,경상
2023042800100262,2023년 4월 28일 12시,금요일,충청남도 보령시 대천동,중상사고,0,1,0,0,차대사람 - 횡단중,안전운전불이행,건조,맑음,단일로 - 기타,승용,여,70세,상해없음,보행자,남,70세,중상
2023042800100263,2023년 4월 28일 12시,금요일,충청남도 태안군 근흥면,경상사고,0,0,1,0,차대차 - 기타,중앙선침범,건조,맑음,교차로 - 교차로부근,승용,남,64세,상해없음,승용,남,39세,경상
2023042800100331,2023년 4월 28일 14시,금요일,충청남도 예산군 예산읍,경상사고,0,0,1,0,차대사람 - 기타,안전운전불이행,건조,맑음,단일로 - 기타,화물,남,41세,상해없음,보행자,남,11세,경상
2023042800100332,2023년 4월 28일 14시,금요일,충청남도 당진시 송악읍,경상사고,0,0,1,0,차대차 - 추돌,안전운전불이행,건조,맑음,단일로 - 기타,승용,여,67세,상해없음,승용,남,27세,경상
2023042800100460,2023년 4월 28일 17시,금요일,충청남도 아산시 영인면,중상사고,0,1,1,0,차대차 - 정면충돌,안전운전불이행,건조,맑음,교차로 - 교차로안,승용,여,60세,경상,이륜,남,65세,중상
2023042800100461,2023년 4월 28일 17시,금요일,충청남도 당진시 석문면,경상사고,0,0,1,0,차대차 - 측면충돌,안전운전불이행,건조,맑음,단일로 - 기타,승용,남,50세,상해없음,승용,남,26세,경상
2023042800100462,2023년 4월 28일 17시,금요일,충청남도 천안시 동남구 신부동,경상사고,0,0,2,0,차대차 - 기타,안전운전불이행,건조,맑음,교차로 - 교차로안,승용,여,68세,상해없음,승용,남,37세,경상
2023042800100517,2023년 4월 28일 18시,금요일,충청남도 태안군 태안읍,중상사고,0,2,3,0,차대차 - 추돌,안전운전불이행,건조,맑음,교차로 - 교차로부근,승용,남,79세,상해없음,승용,남,79세,상해없음
2023042800100627,2023년 4월 28일 21시,금요일,충청남도 서산시 성연면,경상사고,0,0,1,0,차대차 - 추돌,안전운전불이행,건조,맑음,교차로 - 교차로안,승용,남,43세,상해없음,승용,남,28세,경상
2023042900100026,2023년 4월 29일 01시,토요일,충청남도 천안시 동남구 청수동,경상사고,0,0,2,0,차대차 - 측면충돌,신호위반,건조,맑음,교차로 - 교차로안,승용,남,18세,상해없음,승용,남,48세,상해없음
2023042900100073,2023년 4월 29일 05시,토요일,충청남도 당진시 고대면,중상사고,0,1,0,0,차대차 - 측면충돌,기타,젖음/습기,비,단일로 - 기타,승용,남,42세,상해없음,승용,남,45세,상해없음
2023042900100106,2023년 4월 29일 08시,토요일,충청남도 예산군 예산읍,중상사고,0,1,0,0,차대차 - 측면충돌,안전운전불이행,건조,맑음,교차로 - 교차로부근,승용,남,65세,상해없음,승용,남,62세,중상
2023042900100135,2023년 4월 29일 09시,토요일,충청남도 예산군 삽교읍,중상사고,0,1,0,0,차대사람 - 차도통행중,보행자보호의무위반,젖음/습기,비,단일로 - 기타,승용,남,82세,상해없음,보행자,여,64세,중상
2023042900100161,2023년 4월 29일 10시,토요일,충청남도 서산시 석림동,중상사고,0,1,0,0,차대사람 - 횡단중,보행자보호의무위반,젖음/습기,비,교차로 - 교차로횡단보도내,승용,여,32세,상해없음,보행자,남,35세,중상
2023042900100162,2023년 4월 29일 10시,토요일,충청남도 아산시 온천동,중상사고,0,1,1,0,차대차 - 측면충돌,안전운전불이행,젖음/습기,비,단일로 - 기타,승용,남,56세,경상,승용,남,77세,중상
2023042900100163,2023년 4월 29일 10시,토요일,충청남도 천안시 동남구 사직동,중상사고,0,1,1,0,차대차 - 측면충돌,안전운전불이행,젖음/습기,흐림,단일로 - 기타,승용,여,49세,경상,승용,남,43세,중상
2023042900100219,2023년 4월 29일 12시,토요일,충청남도 천안시 서북구 두정동,경상사고,0,0,1,0,차대차 - 측면충돌,신호위반,젖음/습기,맑음,단일로 - 기타,화물,남,32세,상해없음,승용,남,65세,경상
2023042900100220,2023년 4월 29일 12시,토요일,충청남도 아산시 방축동,경상사고,0,0,5,0,차대차 - 측면충돌,신호위반,젖음/습기,맑음,교차로 - 교차로안,승용,남,54세,상해없음,승용,여,54세,경상
2023042900100221,2023년 4월 29일 12시,토요일,충청남도 아산시 용화동,경상사고,0,0,1,0,차대사람 - 기타,안전운전불이행,건조,흐림,단일로 - 기타,승용,여,45세,상해없음,보행자,남,27세,경상
2023042900100298,2023년 4월 29일 14시,토요일,충청남도 당진시 순성면,경상사고,0,0,2,0,차대차 - 기타,안전운전불이행,건조,흐림,단일로 - 기타,화물,남,72세,기타불명,승용,남,49세,경상
2023042900100334,2023년 4월 29일 15시,토요일,충청남도 천안시 동남구 청수동,경상사고,0,0,2,0,차대차 - 추돌,안전운전불이행,건조,맑음,교차로 - 교차로부근,승용,남,51세,상해없음,승용,남,65세,경상
2023042900100367,2023년 4월 29일 16시,토요일,충청남도 천안시 서북구 백석동,경상사고,0,0,1,0,차대차 - 측면충돌,안전운전불이행,건조,맑음,단일로 - 기타,승용,남,58세,경상,승용,남,48세,상해없음
2023042900100368,2023년 4월 29일 16시,토요일,충청남도 천안시 동남구 목천읍,경상사고,0,0,1,0,차대차 - 측면충돌,안전운전불이행,건조,맑음,단일로 - 기타,특수,남,27세,상해없음,특수,남,41세,경상
2023042900100402,2023년 4월 29일 17시,토요일,충청남도 아산시 인주면,경상사고,0,0,3,0,차대차 - 후진중충돌,안전운전불이행,건조,맑음,주차장 - 주차장,승용,남,55세,상해없음,승용,남,44세,경상
2023042900100431,2023년 4월 29일 18시,토요일,충청남도 아산시 배방읍,경상사고,0,0,1,0,차대차 - 측면충돌,교차로운행방법위반,건조,맑음,교차로 - 교차로안,승용,남,64세,상해없음,승용,남,25세,경상
2023042900100432,2023년 4월 29일 18시,토요일,충청남도 당진시 채운동,경상사고,0,0,1,0,차대차 - 후진중충돌,안전운전불이행,건조,맑음,주차장 - 주차장,화물,남,70세,상해없음,승용,여,50세,경상
2023042900100457,2023년 4월 29일 19시,토요일,충청남도 천안시 서북구 불당동,경상사고,0,0,1,1,차량단독 - 공작물충돌,안전운전불이행,건조,흐림,교차로 - 교차로안,승용,남,68세,부상신고,,,,
2023042900100458,2023년 4월 29일 19시,토요일,충청남도 아산시 온천동,경상사고,0,0,1,0,차대사람 - 횡단중,안전운전불이행,건조,맑음,단일로 - 기타,승합,남,70세,상해없음,보행자,남,63세,경상
2023042900100459,2023년 4월 29일 19시,토요일,충청남도 당진시 수청동,경상사고,0,0,2,0,차대차 - 측면충돌,안전운전불이행,건조,맑음,단일로 - 기타,승용,남,55세,상해없음,승용,여,25세,경상
2023042900100479,2023년 4월 29일 20시,토요일,충청남도 천안시 서북구 불당동,중상사고,0,1,0,0,차대차 - 기타,신호위반,젖음/습기,흐림,교차로 - 교차로안,이륜,남,35세,중상,승용,남,52세,상해없음
2023042900100517,2023년 4월 29일 22시,토요일,충청남도 보령시 동대동,경상사고,0,0,1,0,차대차 - 측면충돌,안전운전불이행,건조,맑음,교차로 - 교차로안,이륜,남,35세,경상,승용,남,49세,상해없음
2023043000100038,2023년 4월 30일 03시,일요일,충청남도 아산시 배방읍,경상사고,0,0,1,0,차대차 - 추돌,안전운전불이행,건조,맑음,교차로 - 교차로부근,승용,남,27세,상해없음,승용,여,27세,경상
2023043000100065,2023년 4월 30일 07시,일요일,충청남도 아산시 둔포면,경상사고,0,0,1,0,차량단독 - 전도전복 - 전도,안전운전불이행,건조,맑음,단일로 - 기타,개인형이동수단(PM),남,30세,경상,,,,
2023043000100079,2023년 4월 30일 08시,일요일,충청남도 천안시 동남구 목천읍,중상사고,0,2,7,0,차대차 - 추돌,안전운전불이행,건조,맑음,기타 - 기타,화물,남,33세,기타불명,승용,남,35세,경상
2023043000100091,2023년 4월 30일 09시,일요일,충청남도 천안시 동남구 영성동,경상사고,0,0,1,0,차대차 - 측면충돌,안전운전불이행,건조,맑음,교차로 - 교차로안,승용,여,53세,상해없음,자전거,남,81세,경상
2023043000100170,2023년 4월 30일 12시,일요일,충청남도 아산시 둔포면,경상사고,0,0,2,0,차대차 - 측면충돌,안전운전불이행,건조,맑음,기타 - 기타,승용,여,50세,상해없음,승용,남,51세,경상
2023043000100235,2023년 4월 30일 14시,일요일,충청남도 부여군 부여읍,중상사고,0,1,0,0,차대차 - 기타,중앙선침범,건조,맑음,교차로 - 교차로부근,승용,남,75세,상해없음,승합,남,56세,중상
2023043000100236,2023년 4월 30일 14시,일요일,충청남도 청양군 청양읍,경상사고,0,0,1,0,차대차 - 측면충돌,안전운전불이행,건조,맑음,주차장 - 주차장,승용,여,52세,상해없음,승용,남,31세,경상
2023043000100268,2023년 4월 30일 15시,일요일,충청남도 천안시 서북구 백석동,경상사고,0,0,2,0,차대차 - 측면충돌,신호위반,건조,맑음,교차로 - 교차로안,승용,남,83세,경상,승용,남,54세,경상
2023043000100269,2023년 4월 30일 15시,일요일,충청남도 천안시 동남구 원성동,경상사고,0,0,2,0,차대차 - 추돌,안전운전불이행,건조,맑음,단일로 - 기타,화물,남,68세,상해없음,승용,남,64세,경상
2023043000100307,2023년 4월 30일 16시,일요일,충청남도 천안시 서북구 직산읍,경상사고,0,0,1,0,차대차 - 정면충돌,안전운전불이행,건조,맑음,단일로 - 기타,승용,남,63세,상해없음,승용,남,36세,경상
2023043000100346,2023년 4월 30일 17시,일요일,충청남도 공주시 신관동,경상사고,0,0,5,0,차대차 - 측면충돌,차로위반,건조,맑음,교차로 - 교차로부근,승용,여,27세,경상,승용,여,55세,경상
2023043000100347,2023년 4월 30일 17시,일요일,충청남도 부여군 부여읍,경상사고,0,0,1,0,차대차 - 측면충돌,안전운전불이행,건조,맑음,교차로 - 교차로안,승용,여,44세,상해없음,기타불명,남,85세,경상
2023043000100371,2023년 4월 30일 18시,일요일,충청남도 서산시 동문동,경상사고,0,0,1,0,차대차 - 측면충돌,안전운전불이행,건조,맑음,단일로 - 기타,승용,남,50세,상해없음,자전거,남,61세,경상
2023043000100372,2023년 4월 30일 18시,일요일,충청남도 천안시 동남구 청당동,경상사고,0,0,1,0,차대차 - 측면충돌,안전운전불이행,건조,맑음,단일로 - 기타,화물,남,46세,상해없음,승용,남,58세,경상
2023043000100373,2023년 4월 30일 18시,일요일,충청남도 천안시 동남구 사직동,중상사고,0,1,0,0,차대사람 - 기타,안전운전불이행,건조,맑음,교차로 - 교차로안,승용,남,77세,상해없음,보행자,남,41세,중상
2023043000100396,2023년 4월 30일 19시,일요일,충청남도 천안시 동남구 구성동,경상사고,0,0,1,0,차대차 - 후진중충돌,불법유턴,건조,맑음,단일로 - 기타,화물,남,72세,상해없음,원동기,남,28세,경상
2023043000100416,2023년 4월 30일 20시,일요일,충청남도 천안시 서북구 성정동,경상사고,0,0,2,0,차대차 - 측면충돌,신호위반,건조,맑음,교차로 - 교차로안,승용,여,55세,상해없음,승용,남,26세,경상
2023043000100417,2023년 4월 30일 20시,일요일,충청남도 당진시 합덕읍,중상사고,0,2,1,0,차대차 - 추돌,기타,건조,맑음,단일로 - 기타,승용,남,18세,경상,승용,여,70세,중상
2023043000100418,2023년 4월 30일 20시,일요일,충청남도 천안시 동남구 용곡동,경상사고,0,0,3,0,차대차 - 추돌,안전운전불이행,건조,맑음,교차로 - 교차로부근,승용,남,56세,상해없음,승용,남,48세,경상
2023043000100441,2023년 4월 30일 21시,일요일,충청남도 천안시 서북구 성성동,경상사고,0,0,1,0,차량단독 - 공작물충돌,안전운전불이행,건조,맑음,기타 - 기타,승용,여,52세,경상,,,,
2023043000100459,2023년 4월 30일 22시,일요일,충청남도 천안시 서북구 성정동,경상사고,0,0,1,0,차대차 - 추돌,직진우회전진행방해,건조,맑음,교차로 - 교차로안,승용,여,39세,상해없음,이륜,남,28세,경상
2023043000100460,2023년 4월 30일 22시,일요일,충청남도 천안시 동남구 대흥동,경상사고,0,0,1,0,차대차 - 측면충돌,안전운전불이행,건조,맑음,교차로 - 교차로부근,승용,남,64세,상해없음,승용,남,43세,경상
2023050100100019,2023년 5월 1일 02시,월요일,충청남도 천안시 서북구 성성동,경상사고,0,0,1,0,차량단독 - 기타,안전운전불이행,건조,맑음,기타 - 기타,이륜,남,38세,경상,,,,
2023050100100035,2023년 5월 1일 06시,월요일,충청남도 천안시 서북구 성환읍,중상사고,0,1,0,0,차대차 - 기타,안전운전불이행,건조,맑음,교차로 - 교차로안,승용,여,50세,상해없음,승용,여,44세,중상
2023050100100050,2023년 5월 1일 07시,월요일,충청남도 홍성군 홍성읍,중상사고,0,1,0,0,차대사람 - 횡단중,보행자보호의무위반,건조,맑음,기타 - 기타,승용,여,46세,상해없음,보행자,여,18세,중상
2023050100100051,2023년 5월 1일 07시,월요일,충청남도 보령시 죽정동,경상사고,0,0,1,0,차대차 - 추돌,안전운전불이행,건조,맑음,단일로 - 터널,승용,남,34세,상해없음,화물,남,50세,경상
2023050100100088,2023년 5월 1일 09시,월요일,충청남도 천안시 서북구 불당동,경상사고,0,0,2,0,차대차 - 추돌,안전운전불이행,건조,맑음,단일로 - 기타,승용,남,41세,기타불명,승용,남,64세,경상
2023050100100089,2023년 5월 1일 09시,월요일,충청남도 천안시 동남구 수신면,중상사고,0,1,0,0,차대차 - 측면충돌,안전운전불이행,건조,맑음,교차로 - 교차로안,화물,남,55세,상해없음,이륜,여,76세,중상
2023050100100090,2023년 5월 1일 09시,월요일,충청남도 천안시 동남구 광덕면,중상사고,0,1,2,0,차대차 - 추돌,안전거리미확보,건조,맑음,단일로 - 터널,승용,여,54세,상해없음,승용,남,55세,중상
2023050100100156,2023년 5월 1일 11시,월요일,충청남도 공주시 소학동,중상사고,0,1,0,0,차대차 - 기타,신호위반,건조,맑음,교차로 - 교차로안,승용,남,31세,상해없음,개인형이동수단(PM),남,84세,중상
2023050100100157,2023년 5월 1일 11시,월요일,충청남도 천안시 동남구 청당동,경상사고,0,0,1,0,차대차 - 추돌,안전거리미확보,건조,맑음,단일로 - 기타,승용,남,78세,상해없음,승용,여,39세,경상
2023050100100238,2023년 5월 1일 13시,월요일,충청남도 서천군 서면,경상사고,0,0,2,0,차대차 - 기타,직진우회전진행방해,건조,맑음,교차로 - 교차로안,승용,남,34세,상해없음,승용,남,75세,경상
2023050100100275,2023년 5월 1일 14시,월요일,충청남도 천안시 서북구 두정동,부상신고사고,0,0,0,1,차대차 - 기타,교차로운행방법위반,건조,맑음,교차로 - 교차로안,승합,기타불명,미분류,기타불명,승용,여,60세,부상신고
2023050100100276,2023년 5월 1일 14시,월요일,충청남도 보령시 천북면,중상사고,0,1,0,0,차대사람 - 기타,안전운전불이행,건조,맑음,단일로 - 기타,승용,여,74세,상해없음,보행자,여,64세,중상
2023050100100277,2023년 5월 1일 14시,월요일,충청남도 보령시 대천동,경상사고,0,0,1,0,차대사람 - 기타,보행자보호의무위반,건조,맑음,교차로 - 교차로안,화물,남,67세,상해없음,보행자,남,77세,경상
2023050100100278,2023년 5월 1일 14시,월요일,충청남도 공주시 이인면,경상사고,0,0,5,0,차대차 - 추돌,안전운전불이행,건조,맑음,단일로 - 기타,승용,여,59세,상해없음,승용,여,49세,경상
2023050100100375,2023년 5월 1일 16시,월요일,충청남도 논산시 내동,중상사고,0,1,0,0,차대차 - 측면충돌,안전운전불이행,건조,맑음,교차로 - 교차로횡단보도내,화물,남,71세,상해없음,자전거,남,61세,중상
2023050100100376,2023년 5월 1일 16시,월요일,충청남도 아산시 온천동,경상사고,0,0,1,0,차대사람 - 기타,보행자보호의무위반,건조,맑음,교차로 - 교차로횡단보도내,승용,여,33세,상해없음,보행자,여,20세,경상
2023050100100377,2023년 5월 1일 16시,월요일,충청남도 아산시 권곡동,경상사고,0,0,1,0,차대차 - 기타,안전운전불이행,건조,맑음,단일로 - 기타,승용,여,53세,상해없음,자전거,남,12세,경상
2023050100100414,2023년 5월 1일 17시,월요일,충청남도 논산시 화지동,중상사고,0,1,0,0,차대사람 - 차도통행중,안전운전불이행,건조,맑음,교차로 - 교차로안,승용,여,64세,상해없음,보행자,여,90세,중상
2023050100100461,2023년 5월 1일 18시,월요일,충청남도 아산시 모종동,경상사고,0,0,1,0,차대사람 - 기타,안전운전불이행,건조,맑음,단일로 - 기타,승용,여,43세,상해없음,보행자,여,19세,경상
2023050100100462,2023년 5월 1일 18시,월요일,충청남도 천안시 동남구 광덕면,경상사고,0,0,3,0,차대차 - 추돌,안전거리미확보,건조,맑음,단일로 - 터널,승용,남,25세,상해없음,승용,남,35세,경상
2023050100100494,2023년 5월 1일 19시,월요일,충청남도 홍성군 홍성읍,경상사고,0,0,1,0,차대차 - 측면충돌,안전운전불이행,건조,맑음,교차로 - 교차로안,승용,여,74세,상해없음,승용,남,60세,경상
2023050100100518,2023년 5월 1일 20시,월요일,충청남도 천안시 동남구 신부동,경상사고,0,0,1,0,차대차 - 기타,직진우회전진행방해,건조,맑음,교차로 - 교차로안,승용,남,21세,상해없음,승용,여,54세,경상
2023050100100556,2023년 5월 1일 22시,월요일,충청남도 천안시 서북구 쌍용동,경상사고,0,0,1,0,차대차 - 측면충돌,안전운전불이행,건조,맑음,단일로 - 기타,승용,남,28세,상해없음,승용,여,45세,경상
2023050100100557,2023년 5월 1일 22시,월요일,충청남도 아산시 온천동,경상사고,0,0,1,0,차대사람 - 기타,안전운전불이행,건조,맑음,단일로 - 기타,승용,남,28세,상해없음,보행자,여,61세,경상
2023050100100570,2023년 5월 1일 23시,월요일,충청남도 서산시 잠홍동,경상사고,0,0,1,0,차대차 - 기타,안전운전불이행,건조,맑음,교차로 - 교차로부근,승용,남,30세,상해없음,승용,남,29세,경상
2023050200100031,2023년 5월 2일 06시,화요일,충청남도 논산시 연무읍,경상사고,0,0,1,0,차대차 - 추돌,안전거리미확보,건조,맑음,단일로 - 기타,특수,남,51세,상해없음,승용,남,35세,경상
2023050200100052,2023년 5월 2일 07시,화요일,충청남도 천안시 동남구 신부동,경상사고,0,0,1,0,차대차 - 측면충돌,안전운전불이행,건조,맑음,교차로 - 교차로부근,승용,남,65세,상해없음,승용,남,52세,경상
2023050200100099,2023년 5월 2일 08시,화요일,충청남도 서산시 동문동,중상사고,0,1,1,0,차대차 - 측면충돌,직진우회전진행방해,건조,맑음,교차로 - 교차로안,이륜,남,83세,경상,이륜,여,73세,중상
2023050200100100,2023년 5월 2일 08시,화요일,충청남도 아산시 모종동,중상사고,0,1,0,0,차대차 - 정면충돌,안전운전불이행,건조,맑음,교차로 - 교차로안,개인형이동수단(PM),남,16세,중상,승용,여,44세,상해없음
2023050200100135,2023년 5월 2일 09시,화요일,충청남도 아산시 실옥동,경상사고,0,0,2,0,차대차 - 측면충돌,안전운전불이행,건조,맑음,교차로 - 교차로안,승용,여,34세,상해없음,승용,여,36세,경상
2023050200100136,2023년 5월 2일 09시,화요일,충청남도 보령시 대천동,경상사고,0,0,1,0,차대차 - 기타,안전운전불이행,건조,맑음,단일로 - 기타,화물,남,69세,상해없음,화물,남,41세,경상
2023050200100172,2023년 5월 2일 10시,화요일,충청남도 서천군 마서면,경상사고,0,0,3,0,차대차 - 기타,기타,건조,맑음,교차로 - 교차로부근,화물,남,70세,상해없음,승합,남,55세,경상
2023050200100208,2023년 5월 2일 11시,화요일,충청남도 서천군 화양면,중상사고,0,1,1,0,차대차 - 정면충돌,중앙선침범,건조,맑음,교차로 - 교차로부근,이륜,남,62세,중상,승용,여,66세,경상
2023050200100246,2023년 5월 2일 12시,화요일,충청남도 천안시 서북구 두정동,부상신고사고,0,0,0,1,차대차 - 기타,안전거리미확보,건조,맑음,단일로 - 기타,승용,남,67세,상해없음,이륜,남,43세,부상신고
2023050200100247,2023년 5월 2일 12시,화요일,충청남도 부여군 은산면,경상사고,0,0,3,0,차대차 - 측면충돌,차로위반,건조,맑음,교차로 - 교차로부근,승용,여,60세,상해없음,승용,여,47세,경상
2023050200100282,2023년 5월 2일 13시,화요일,충청남도 아산시 온천동,경상사고,0,0,5,0,차대차 - 기타,안전운전불이행,건조,맑음,단일로 - 기타,승용,여,57세,상해없음,승합,남,58세,상해없음
2023050200100407,2023년 5월 2일 16시,화요일,충청남도 천안시 서북구 불당동,중상사고,0,1,0,1,차대차 - 측면충돌,안전거리미확보,건조,맑음,단일로 - 기타,이륜,남,39세,중상,이륜,남,17세,부상신고
2023050200100408,2023년 5월 2일 16시,화요일,충청남도 당진시 수청동,부상신고사고,0,0,0,1,차대차 - 측면충돌,교차로운행방법위반,건조,맑음,교차로 - 교차로부근,승용,남,63세,상해없음,승용,여,58세,부상신고
2023050200100409,2023년 5월 2일 16시,화요일,충청남도 천안시 동남구 광덕면,중상사고,0,1,3,0,차대차 - 기타,안전운전불이행,건조,기타,단일로 - 터널,승용,여,24세,상해없음,승용,남,58세,경상
2023050200100451,2023년 5월 2일 17시,화요일,충청남도 천안시 동남구 신부동,경상사고,0,0,1,0,차대차 - 추돌,안전운전불이행,건조,맑음,기타 - 기타,승용,남,60세,기타불명,승용,남,41세,경상
2023050200100498,2023년 5월 2일 18시,화요일,충청남도 서산시 동문동,경상사고,0,0,1,0,차대차 - 정면충돌,중앙선침범,건조,맑음,교차로 - 교차로안,승용,여,31세,상해없음,승용,남,48세,경상
2023050200100499,2023년 5월 2일 18시,화요일,충청남도 서산시 성연면,경상사고,0,0,1,0,차대차 - 측면충돌,교차로운행방법위반,건조,맑음,교차로 - 교차로안,화물,남,50세,상해없음,승용,여,55세,경상
2023050200100500,2023년 5월 2일 18시,화요일,충청남도 논산시 상월면,경상사고,0,0,3,0,차대차 - 정면충돌,안전운전불이행,건조,맑음,단일로 - 기타,승용,여,52세,경상,화물,남,40세,상해없음
2023050200100501,2023년 5월 2일 18시,화요일,충청남도 부여군 부여읍,중상사고,0,1,0,0,차대사람 - 횡단중,보행자보호의무위반,건조,맑음,교차로 - 교차로횡단보도내,승용,여,29세,상해없음,보행자,여,80세,중상
2023050200100535,2023년 5월 2일 19시,화요일,충청남도 천안시 동남구 영성동,사망사고,1,0,0,0,차대사람 - 횡단중,기타,건조,맑음,단일로 - 교량,승용,여,47세,상해없음,보행자,남,74세,사망
2023050200100559,2023년 5월 2일 20시,화요일,충청남도 서산시 대산읍,경상사고,0,0,1,0,차대차 - 추돌,안전운전불이행,건조,맑음,교차로 - 교차로안,승용,여,60세,상해없음,승용,남,50세,경상