사고번호,사고일시,요일,시군구,사고내용,사망자수,중상자수,경상자수,부상신고자수,사고유형,법규위반,노면상태,기상상태,도로형태,가해운전자 차종,가해운전자 성별,가해운전자 연령,가해운전자 상해정도,피해운전자 차종,피해운전자 성별,피해운전자 연령,피해운전자 상해정도
2023050800100386,2023년 5월 8일 15시,월요일,충청남도 천안시 동남구 대흥동,경상사고,0,0,1,0,차대사람 - 횡단중,보행자보호의무위반,건조,맑음,기타 - 기타,승용,남,20세,상해없음,보행자,여,38세,경상
2023050800100427,2023년 5월 8일 16시,월요일,충청남도 천안시 서북구 직산읍,경상사고,0,0,1,0,차대차 - 기타,안전거리미확보,건조,맑음,단일로 - 기타,화물,남,55세,상해없음,화물,남,57세,경상
2023050800100428,2023년 5월 8일 16시,월요일,충청남도 당진시 석문면,경상사고,0,0,1,0,차대차 - 추돌,안전운전불이행,건조,맑음,단일로 - 고가도로위,화물,남,49세,상해없음,농기계,남,80세,경상
2023050800100429,2023년 5월 8일 16시,월요일,충청남도 금산군 금산읍,경상사고,0,0,1,0,차대사람 - 횡단중,보행자보호의무위반,건조,맑음,교차로 - 교차로횡단보도내,승용,여,43세,상해없음,보행자,남,12세,경상
2023050800100430,2023년 5월 8일 16시,월요일,충청남도 천안시 동남구 병천면,중상사고,0,2,0,0,차대차 - 측면충돌,안전운전불이행,건조,맑음,단일로 - 기타,화물,여,56세,상해없음,원동기,남,76세,중상
2023050800100484,2023년 5월 8일 17시,월요일,충청남도 당진시 송악읍,경상사고,0,0,1,0,차대차 - 측면충돌,안전운전불이행,건조,맑음,교차로 - 교차로안,화물,남,41세,상해없음,승용,남,28세,경상
2023050800100485,2023년 5월 8일 17시,월요일,충청남도 천안시 동남구 광덕면,중상사고,0,1,0,0,차대차 - 기타,중앙선침범,건조,맑음,교차로 - 교차로부근,승용,남,52세,상해없음,승용,남,43세,기타불명
2023050800100529,2023년 5월 8일 18시,월요일,충청남도 서산시 예천동,경상사고,0,0,1,0,차대차 - 추돌,안전거리미확보,건조,맑음,교차로 - 교차로부근,승용,여,28세,상해없음,승용,남,25세,경상
2023050800100530,2023년 5월 8일 18시,월요일,충청남도 천안시 서북구 쌍용동,경상사고,0,0,6,0,차대차 - 측면충돌,교차로운행방법위반,건조,맑음,교차로 - 교차로안,승용,남,40세,상해없음,승합,남,53세,경상
2023050800100531,2023년 5월 8일 18시,월요일,충청남도 논산시 취암동,중상사고,0,1,0,0,차대차 - 측면충돌,중앙선침범,건조,맑음,단일로 - 기타,승용,남,56세,상해없음,이륜,남,18세,중상
2023050800100532,2023년 5월 8일 18시,월요일,충청남도 논산시 강경읍,경상사고,0,0,2,0,차대차 - 측면충돌,교차로운행방법위반,건조,맑음,교차로 - 교차로안,승용,여,54세,경상,승용,남,65세,경상
2023050800100533,2023년 5월 8일 18시,월요일,충청남도 아산시 초사동,경상사고,0,0,2,0,차대차 - 측면충돌,안전운전불이행,건조,맑음,기타 - 기타,승용,남,37세,상해없음,승용,남,25세,경상
2023050800100534,2023년 5월 8일 18시,월요일,충청남도 보령시 대천동,중상사고,0,1,0,0,차대차 - 측면충돌,안전운전불이행,건조,맑음,단일로 - 기타,승용,남,44세,상해없음,이륜,남,63세,중상
2023050800100535,2023년 5월 8일 18시,월요일,충청남도 공주시 금성동,경상사고,0,0,1,0,차대차 - 측면충돌,안전운전불이행,건조,맑음,단일로 - 교량,화물,남,75세,기타불명,승합,남,52세,경상
2023050800100625,2023년 5월 8일 21시,월요일,충청남도 천안시 서북구 불당동,경상사고,0,0,1,0,차대차 - 기타,안전운전불이행,건조,맑음,교차로 - 교차로횡단보도내,기타불명,기타불명,미분류,기타불명,자전거,남,14세,경상
2023050800100626,2023년 5월 8일 21시,월요일,충청남도 보령시 동대동,중상사고,0,1,2,0,차대차 - 정면충돌,신호위반,건조,맑음,교차로 - 교차로안,이륜,남,32세,중상,승용,남,46세,경상
2023050800100648,2023년 5월 8일 22시,월요일,충청남도 서산시 동문동,경상사고,0,0,1,0,차대사람 - 횡단중,안전운전불이행,건조,맑음,단일로 - 기타,원동기,남,18세,상해없음,보행자,남,31세,경상
2023050800100666,2023년 5월 8일 23시,월요일,충청남도 천안시 동남구 안서동,경상사고,0,0,1,0,차대차 - 후진중충돌,안전운전불이행,건조,맑음,단일로 - 기타,승용,남,27세,상해없음,승용,남,21세,경상
2023050900100071,2023년 5월 9일 07시,화요일,충청남도 아산시 온천동,경상사고,0,0,1,0,차대차 - 측면충돌,안전거리미확보,건조,맑음,교차로 - 교차로안,화물,남,73세,상해없음,승용,여,62세,경상
2023050900100096,2023년 5월 9일 08시,화요일,충청남도 천안시 서북구 쌍용동,경상사고,0,0,1,0,차대차 - 측면충돌,안전운전불이행,건조,맑음,교차로 - 교차로안,승용,여,39세,상해없음,승용,여,40세,경상
2023050900100097,2023년 5월 9일 08시,화요일,충청남도 당진시 석문면,경상사고,0,0,1,0,차대차 - 정면충돌,신호위반,건조,맑음,교차로 - 교차로안,건설기계,남,75세,상해없음,승합,남,64세,경상
2023050900100138,2023년 5월 9일 09시,화요일,충청남도 논산시 노성면,경상사고,0,0,1,0,차량단독 - 기타,안전운전불이행,건조,맑음,단일로 - 기타,이륜,남,75세,상해없음,,,,
2023050900100139,2023년 5월 9일 09시,화요일,충청남도 공주시 교동,중상사고,0,1,0,0,차대사람 - 횡단중,보행자보호의무위반,건조,맑음,교차로 - 교차로안,승용,여,56세,상해없음,보행자,여,79세,중상
2023050900100174,2023년 5월 9일 10시,화요일,충청남도 부여군 세도면,사망사고,1,0,0,0,차대사람 - 횡단중,안전운전불이행,건조,맑음,교차로 - 교차로안,화물,남,62세,상해없음,보행자,여,84세,사망
2023050900100213,2023년 5월 9일 11시,화요일,충청남도 서산시 갈산동,경상사고,0,0,2,0,차대차 - 측면충돌,안전운전불이행,건조,맑음,교차로 - 교차로안,건설기계,남,52세,상해없음,승용,남,63세,경상
2023050900100307,2023년 5월 9일 14시,화요일,충청남도 청양군 화성면,중상사고,0,1,0,0,차대차 - 추돌,안전운전불이행,건조,맑음,교차로 - 교차로부근,화물,남,29세,상해없음,농기계,남,73세,중상
2023050900100331,2023년 5월 9일 15시,화요일,충청남도 서산시 동문동,중상사고,0,1,0,0,차대사람 - 횡단중,신호위반,건조,맑음,교차로 - 교차로횡단보도내,승합,여,47세,상해없음,보행자,여,77세,중상
2023050900100471,2023년 5월 9일 18시,화요일,충청남도 아산시 신창면,중상사고,0,1,0,0,차대사람 - 기타,안전운전불이행,건조,맑음,단일로 - 기타,이륜,남,25세,상해없음,보행자,여,22세,중상
2023050900100505,2023년 5월 9일 19시,화요일,충청남도 천안시 서북구 입장면,경상사고,0,0,1,0,차대차 - 측면충돌,중앙선침범,건조,맑음,교차로 - 교차로안,승용,남,65세,상해없음,승용,남,34세,경상
2023050900100506,2023년 5월 9일 19시,화요일,충청남도 천안시 동남구 영성동,경상사고,0,0,1,0,차대차 - 측면충돌,안전거리미확보,건조,맑음,단일로 - 지하차도(도로)내,승용,남,75세,상해없음,승용,여,39세,경상
2023050900100540,2023년 5월 9일 20시,화요일,충청남도 천안시 서북구 성정동,중상사고,0,1,0,0,차대차 - 측면충돌,직진우회전진행방해,건조,맑음,교차로 - 교차로안,이륜,남,32세,중상,승용,남,32세,상해없음
2023050900100578,2023년 5월 9일 22시,화요일,충청남도 아산시 배방읍,경상사고,0,0,2,0,차대차 - 추돌,안전운전불이행,건조,맑음,교차로 - 교차로부근,승용,남,29세,상해없음,이륜,남,31세,경상
2023051000100017,2023년 5월 10일 01시,수요일,충청남도 천안시 동남구 신방동,경상사고,0,0,1,0,차대차 - 추돌,안전운전불이행,건조,맑음,교차로 - 교차로부근,승용,남,45세,상해없음,승용,남,35세,경상
2023051000100053,2023년 5월 10일 07시,수요일,충청남도 천안시 서북구 백석동,부상신고사고,0,0,0,1,차대차 - 측면충돌,안전운전불이행,건조,맑음,교차로 - 교차로부근,승용,남,68세,상해없음,승합,남,25세,부상신고
2023051000100101,2023년 5월 10일 08시,수요일,충청남도 논산시 연무읍,경상사고,0,0,1,0,차대사람 - 횡단중,안전운전불이행,건조,맑음,기타 - 기타,승용,남,73세,상해없음,보행자,남,63세,경상
2023051000100102,2023년 5월 10일 08시,수요일,충청남도 아산시 풍기동,경상사고,0,0,1,0,차대차 - 추돌,안전운전불이행,건조,맑음,교차로 - 교차로부근,승용,남,22세,상해없음,승용,남,54세,상해없음
2023051000100103,2023년 5월 10일 08시,수요일,충청남도 공주시 교동,중상사고,0,1,0,0,차대사람 - 횡단중,보행자보호의무위반,건조,맑음,교차로 - 교차로횡단보도내,화물,남,82세,상해없음,보행자,여,27세,중상
2023051000100104,2023년 5월 10일 08시,수요일,충청남도 예산군 예산읍,경상사고,0,0,1,0,차대차 - 정면충돌,교차로운행방법위반,건조,맑음,교차로 - 교차로안,화물,남,61세,상해없음,승합,남,57세,경상
2023051000100105,2023년 5월 10일 08시,수요일,충청남도 부여군 양화면,경상사고,0,0,1,0,차대차 - 측면충돌,중앙선침범,건조,맑음,단일로 - 기타,건설기계,남,68세,상해없음,승용,남,85세,경상
2023051000100106,2023년 5월 10일 08시,수요일,충청남도 부여군 석성면,경상사고,0,0,1,0,차대차 - 측면충돌,안전운전불이행,건조,맑음,단일로 - 기타,화물,남,65세,상해없음,승용,남,32세,경상
2023051000100154,2023년 5월 10일 09시,수요일,충청남도 논산시 내동,경상사고,0,0,1,0,차대차 - 측면충돌,안전운전불이행,건조,맑음,교차로 - 교차로부근,승용,남,66세,상해없음,승용,남,45세,경상
2023051000100155,2023년 5월 10일 09시,수요일,충청남도 부여군 내산면,경상사고,0,0,1,0,차대차 - 측면충돌,신호위반,건조,맑음,교차로 - 교차로안,승용,남,71세,경상,화물,남,55세,상해없음
2023051000100190,2023년 5월 10일 10시,수요일,충청남도 서천군 장항읍,경상사고,0,0,1,0,차대차 - 기타,직진우회전진행방해,건조,맑음,교차로 - 교차로안,자전거,여,64세,상해없음,자전거,남,84세,경상
2023051000100191,2023년 5월 10일 10시,수요일,충청남도 천안시 동남구 봉명동,경상사고,0,0,1,0,차대사람 - 횡단중,안전운전불이행,건조,맑음,주차장 - 주차장,승용,여,50세,상해없음,보행자,남,84세,경상
2023051000100258,2023년 5월 10일 12시,수요일,충청남도 홍성군 홍북읍,경상사고,0,0,1,0,차대차 - 측면충돌,중앙선침범,건조,맑음,교차로 - 교차로부근,승용,남,61세,상해없음,승용,남,30세,경상
2023051000100259,2023년 5월 10일 12시,수요일,충청남도 아산시 온천동,중상사고,0,1,0,0,차대사람 - 기타,안전운전불이행,건조,맑음,단일로 - 기타,승용,여,73세,상해없음,보행자,남,54세,중상
2023051000100260,2023년 5월 10일 12시,수요일,충청남도 아산시 인주면,경상사고,0,0,2,0,차대차 - 추돌,안전운전불이행,건조,맑음,단일로 - 기타,승합,남,70세,상해없음,승용,남,35세,경상
2023051000100288,2023년 5월 10일 13시,수요일,충청남도 태안군 고남면,경상사고,0,0,1,0,차대차 - 기타,안전운전불이행,건조,맑음,교차로 - 교차로부근,승용,여,29세,상해없음,승용,여,54세,경상
2023051000100363,2023년 5월 10일 15시,수요일,충청남도 아산시 염치읍,경상사고,0,0,1,0,차대차 - 측면충돌,신호위반,건조,맑음,교차로 - 교차로안,승용,남,58세,상해없음,승용,남,22세,경상
2023051000100404,2023년 5월 10일 16시,수요일,충청남도 천안시 서북구 두정동,경상사고,0,0,1,0,차대사람 - 차도통행중,안전운전불이행,건조,맑음,기타 - 기타,이륜,남,30세,기타불명,보행자,여,10세,경상
2023051000100405,2023년 5월 10일 16시,수요일,충청남도 아산시 온천동,경상사고,0,0,1,0,차대사람 - 보도통행중,안전운전불이행,건조,맑음,기타 - 기타,승용,남,60세,상해없음,보행자,여,62세,경상
2023051000100406,2023년 5월 10일 16시,수요일,충청남도 아산시 배방읍,경상사고,0,0,2,0,차대차 - 추돌,안전운전불이행,건조,맑음,교차로 - 교차로안,승용,여,49세,상해없음,승용,여,36세,경상
2023051000100407,2023년 5월 10일 16시,수요일,충청남도 천안시 동남구 신부동,경상사고,0,0,1,0,차대차 - 추돌,안전거리미확보,건조,맑음,단일로 - 기타,승용,남,38세,상해없음,화물,남,56세,경상
2023051000100465,2023년 5월 10일 17시,수요일,충청남도 천안시 서북구 두정동,부상신고사고,0,0,0,1,차대차 - 기타,안전운전불이행,건조,맑음,단일로 - 기타,이륜,남,18세,상해없음,개인형이동수단(PM),남,33세,부상신고
2023051000100466,2023년 5월 10일 17시,수요일,충청남도 아산시 둔포면,중상사고,0,1,0,0,차대차 - 추돌,안전운전불이행,건조,맑음,교차로 - 교차로부근,승용,남,64세,상해없음,승용,여,63세,중상
2023051000100542,2023년 5월 10일 19시,수요일,충청남도 아산시 신창면,경상사고,0,0,2,0,차대차 - 측면충돌,신호위반,건조,맑음,교차로 - 교차로안,승용,남,38세,상해없음,승용,여,32세,경상
2023051000100543,2023년 5월 10일 19시,수요일,충청남도 천안시 동남구 용곡동,중상사고,0,1,0,0,차대차 - 정면충돌,중앙선침범,건조,맑음,기타 - 기타,승용,남,47세,기타불명,승용,남,37세,중상
2023051000100602,2023년 5월 10일 21시,수요일,충청남도 아산시 염치읍,중상사고,0,1,0,0,차대차 - 추돌,안전운전불이행,건조,맑음,단일로 - 기타,승용,남,58세,상해없음,농기계,남,75세,상해없음
2023051000100628,2023년 5월 10일 22시,수요일,충청남도 서산시 동문동,경상사고,0,0,2,0,차대차 - 기타,차로위반,건조,맑음,교차로 - 교차로부근,승용,남,28세,상해없음,승용,남,64세,경상
2023051000100629,2023년 5월 10일 22시,수요일,충청남도 보령시 동대동,경상사고,0,0,1,0,차대사람 - 기타,안전운전불이행,건조,맑음,단일로 - 기타,승용,남,52세,상해없음,보행자,남,40세,경상
2023051000100647,2023년 5월 10일 23시,수요일,충청남도 천안시 동남구 신부동,경상사고,0,0,1,0,차대차 - 추돌,안전거리미확보,건조,맑음,교차로 - 교차로안,승용,남,49세,상해없음,승용,여,62세,경상
2023051100100040,2023년 5월 11일 06시,목요일,충청남도 공주시 우성면,사망사고,1,0,0,0,차량단독 - 도로외이탈 - 추락,안전운전불이행,건조,맑음,단일로 - 고가도로위,승용,남,59세,사망,,,,
2023051100100066,2023년 5월 11일 07시,목요일,충청남도 천안시 서북구 두정동,경상사고,0,0,1,0,차대차 - 추돌,안전거리미확보,건조,맑음,교차로 - 교차로부근,승용,남,31세,상해없음,승용,남,39세,경상
2023051100100067,2023년 5월 11일 07시,목요일,충청남도 서천군 장항읍,중상사고,0,2,0,0,차대차 - 측면충돌,기타,건조,맑음,교차로 - 교차로안,승용,남,67세,중상,승용,남,42세,중상
2023051100100113,2023년 5월 11일 08시,목요일,충청남도 천안시 서북구 백석동,경상사고,0,0,1,0,차대차 - 측면충돌,안전운전불이행,건조,맑음,교차로 - 교차로횡단보도내,승용,여,42세,상해없음,자전거,남,60세,경상
2023051100100114,2023년 5월 11일 08시,목요일,충청남도 부여군 부여읍,경상사고,0,0,1,0,차대차 - 추돌,안전운전불이행,건조,맑음,단일로 - 기타,화물,남,61세,상해없음,승용,여,51세,경상
2023051100100197,2023년 5월 11일 10시,목요일,충청남도 청양군 화성면,경상사고,0,0,1,0,차대사람 - 기타,안전운전불이행,건조,맑음,단일로 - 기타,화물,남,59세,상해없음,보행자,남,40세,경상
2023051100100225,2023년 5월 11일 11시,목요일,충청남도 천안시 서북구 불당동,중상사고,0,1,2,0,차대차 - 측면충돌,안전거리미확보,건조,맑음,단일로 - 기타,승용,남,34세,경상,승용,여,47세,중상
2023051100100226,2023년 5월 11일 11시,목요일,충청남도 아산시 신창면,경상사고,0,0,1,0,차대사람 - 기타,안전운전불이행,건조,맑음,단일로 - 기타,건설기계,남,60세,상해없음,보행자,남,61세,경상
2023051100100227,2023년 5월 11일 11시,목요일,충청남도 공주시 신풍면,중상사고,0,1,0,0,차대차 - 측면충돌,신호위반,건조,맑음,교차로 - 교차로안,화물,남,64세,기타불명,화물,남,74세,중상
2023051100100347,2023년 5월 11일 15시,목요일,충청남도 홍성군 홍북읍,경상사고,0,0,1,0,차대차 - 정면충돌,안전운전불이행,건조,맑음,교차로 - 교차로안,농기계,남,67세,상해없음,승용,여,62세,경상
2023051100100386,2023년 5월 11일 16시,목요일,충청남도 서산시 성연면,중상사고,0,2,2,0,차대차 - 기타,안전운전불이행,건조,맑음,교차로 - 교차로부근,승용,남,41세,상해없음,승용,남,53세,상해없음
2023051100100387,2023년 5월 11일 16시,목요일,충청남도 서천군 마산면,중상사고,0,1,0,0,차대차 - 기타,직진우회전진행방해,건조,맑음,교차로 - 교차로안,승용,여,73세,상해없음,이륜,남,80세,중상
2023051100100388,2023년 5월 11일 16시,목요일,충청남도 공주시 무릉동,중상사고,0,1,0,0,차대사람 - 기타,안전운전불이행,건조,맑음,단일로 - 기타,승용,여,37세,기타불명,보행자,남,62세,중상
2023051100100428,2023년 5월 11일 17시,목요일,충청남도 천안시 서북구 성거읍,경상사고,0,0,2,0,차대차 - 측면충돌,안전운전불이행,건조,맑음,단일로 - 기타,승용,남,66세,상해없음,승용,남,43세,경상
2023051100100480,2023년 5월 11일 18시,목요일,충청남도 논산시 은진면,중상사고,0,1,0,0,차대차 - 정면충돌,직진우회전진행방해,건조,맑음,교차로 - 교차로안,승용,남,51세,상해없음,자전거,남,37세,중상
2023051100100481,2023년 5월 11일 18시,목요일,충청남도 아산시 방축동,경상사고,0,0,1,0,차대차 - 측면충돌,신호위반,건조,맑음,교차로 - 교차로안,승용,남,26세,상해없음,승용,여,44세,경상
2023051100100482,2023년 5월 11일 18시,목요일,충청남도 아산시 탕정면,부상신고사고,0,0,0,2,차대차 - 측면충돌,안전운전불이행,건조,맑음,단일로 - 기타,승용,여,65세,상해없음,승용,여,29세,부상신고
2023051100100483,2023년 5월 11일 18시,목요일,충청남도 서천군 서천읍,경상사고,0,0,1,0,차대차 - 기타,안전거리미확보,건조,맑음,단일로 - 기타,화물,남,52세,상해없음,승용,여,39세,경상
2023051100100484,2023년 5월 11일 18시,목요일,충청남도 천안시 동남구 신부동,경상사고,0,0,1,0,차대차 - 측면충돌,안전운전불이행,건조,맑음,교차로 - 교차로안,승용,남,62세,상해없음,승용,남,30세,경상
2023051100100522,2023년 5월 11일 19시,목요일,충청남도 서산시 예천동,중상사고,0,1,0,0,차대사람 - 횡단중,안전운전불이행,건조,맑음,교차로 - 교차로부근,승용,여,49세,상해없음,보행자,남,8세,중상
2023051100100523,2023년 5월 11일 19시,목요일,충청남도 서산시 동문동,경상사고,0,0,1,0,차대사람 - 횡단중,보행자보호의무위반,건조,맑음,교차로 - 교차로안,승용,남,61세,상해없음,보행자,남,48세,경상
2023051100100563,2023년 5월 11일 20시,목요일,충청남도 천안시 서북구 쌍용동,경상사고,0,0,1,0,차대차 - 추돌,안전운전불이행,건조,맑음,단일로 - 기타,개인형이동수단(PM),남,13세,경상,승용,남,56세,상해없음
2023051100100594,2023년 5월 11일 22시,목요일,충청남도 서산시 인지면,경상사고,0,0,1,0,차대차 - 기타,안전운전불이행,건조,맑음,교차로 - 교차로안,승용,남,40세,상해없음,승용,남,36세,경상
2023051100100595,2023년 5월 11일 22시,목요일,충청남도 당진시 읍내동,경상사고,0,0,1,0,차대사람 - 횡단중,보행자보호의무위반,건조,맑음,단일로 - 기타,승용,남,32세,상해없음,보행자,남,44세,경상
2023051100100618,2023년 5월 11일 23시,목요일,충청남도 천안시 서북구 성정동,경상사고,0,0,1,0,차대차 - 측면충돌,안전운전불이행,건조,맑음,교차로 - 교차로안,승용,여,34세,상해없음,이륜,남,39세,경상
2023051200100024,2023년 5월 12일 03시,금요일,충청남도 아산시 음봉면,경상사고,0,0,1,0,차대차 - 기타,신호위반,건조,맑음,교차로 - 교차로안,화물,남,58세,상해없음,화물,남,52세,경상
2023051200100100,2023년 5월 12일 08시,금요일,충청남도 천안시 서북구 쌍용동,경상사고,0,0,1,0,차대사람 - 기타,기타,건조,맑음,단일로 - 기타,승합,남,48세,상해없음,보행자,여,26세,경상
2023051200100101,2023년 5월 12일 08시,금요일,충청남도 금산군 부리면,중상사고,0,1,0,0,차대차 - 측면충돌,중앙선침범,건조,맑음,교차로 - 교차로안,승합,남,57세,상해없음,승용,여,64세,중상
2023051200100143,2023년 5월 12일 09시,금요일,충청남도 천안시 서북구 성정동,경상사고,0,0,1,0,차량단독 - 기타,안전운전불이행,건조,맑음,단일로 - 기타,승합,남,56세,상해없음,,,,
2023051200100144,2023년 5월 12일 09시,금요일,충청남도 아산시 읍내동,경상사고,0,0,1,0,차대사람 - 기타,안전운전불이행,건조,맑음,기타 - 기타,승용,남,71세,상해없음,보행자,여,47세,경상
2023051200100145,2023년 5월 12일 09시,금요일,충청남도 공주시 정안면,중상사고,0,1,0,0,차대차 - 측면충돌,안전운전불이행,건조,맑음,교차로 - 교차로안,화물,남,45세,상해없음,승용,여,40세,중상
2023051200100172,2023년 5월 12일 10시,금요일,충청남도 청양군 장평면,중상사고,0,1,0,0,차대사람 - 기타,안전운전불이행,건조,맑음,교차로 - 교차로부근,화물,남,69세,상해없음,보행자,여,73세,중상
2023051200100242,2023년 5월 12일 12시,금요일,충청남도 천안시 서북구 성정동,중상사고,0,1,1,0,차대사람 - 횡단중,보행자보호의무위반,건조,맑음,교차로 - 교차로횡단보도내,원동기,남,75세,중상,보행자,남,70세,경상
2023051200100243,2023년 5월 12일 12시,금요일,충청남도 아산시 온천동,중상사고,0,1,0,0,차대사람 - 횡단중,보행자보호의무위반,건조,맑음,교차로 - 교차로횡단보도내,승용,남,62세,상해없음,보행자,남,77세,중상
2023051200100244,2023년 5월 12일 12시,금요일,충청남도 천안시 동남구 풍세면,경상사고,0,0,1,0,차대차 - 측면충돌,직진우회전진행방해,건조,맑음,단일로 - 기타,승용,남,67세,상해없음,승용,여,39세,경상
2023051200100279,2023년 5월 12일 13시,금요일,충청남도 천안시 서북구 직산읍,중상사고,0,1,0,0,차대사람 - 기타,안전운전불이행,건조,맑음,교차로 - 교차로안,화물,남,40세,상해없음,보행자,여,81세,중상
2023051200100280,2023년 5월 12일 13시,금요일,충청남도 예산군 봉산면,경상사고,0,0,1,0,차대사람 - 기타,안전운전불이행,건조,맑음,단일로 - 기타,승용,여,40세,상해없음,보행자,여,52세,경상
2023051200100316,2023년 5월 12일 14시,금요일,충청남도 부여군 홍산면,중상사고,0,1,0,0,차대사람 - 횡단중,보행자보호의무위반,건조,맑음,단일로 - 기타,화물,남,64세,상해없음,보행자,남,54세,중상
2023051200100360,2023년 5월 12일 15시,금요일,충청남도 아산시 음봉면,경상사고,0,0,1,0,차대차 - 측면충돌,안전운전불이행,건조,맑음,교차로 - 교차로안,승용,여,59세,기타불명,승용,남,43세,경상
2023051200100392,2023년 5월 12일 16시,금요일,충청남도 서산시 동문동,경상사고,0,0,1,0,차대사람 - 기타,안전운전불이행,건조,맑음,단일로 - 기타,화물,남,74세,상해없음,보행자,여,76세,경상
2023051200100444,2023년 5월 12일 17시,금요일,충청남도 천안시 서북구 불당동,부상신고사고,0,0,0,1,차대차 - 측면충돌,안전운전불이행,건조,맑음,교차로 - 교차로안,승용,여,53세,상해없음,승합,남,52세,상해없음
2023051200100445,2023년 5월 12일 17시,금요일,충청남도 예산군 예산읍,경상사고,0,0,1,0,차대사람 - 횡단중,보행자보호의무위반,건조,맑음,단일로 - 기타,승용,남,32세,상해없음,보행자,남,8세,경상
2023051200100496,2023년 5월 12일 18시,금요일,충청남도 천안시 서북구 쌍용동,경상사고,0,0,1,0,차대사람 - 차도통행중,안전운전불이행,건조,맑음,교차로 - 교차로안,자전거,남,13세,상해없음,보행자,여,71세,경상
2023051200100538,2023년 5월 12일 19시,금요일,충청남도 예산군 예산읍,경상사고,0,0,1,0,차대차 - 측면충돌,안전운전불이행,건조,흐림,교차로 - 교차로안,승용,남,26세,상해없음,이륜,남,75세,경상
2023051200100568,2023년 5월 12일 20시,금요일,충청남도 천안시 서북구 성정동,경상사고,0,0,1,0,차대차 - 기타,신호위반,건조,맑음,교차로 - 교차로안,이륜,남,41세,상해없음,승용,여,38세,경상
2023051200100617,2023년 5월 12일 22시,금요일,충청남도 아산시 배미동,경상사고,0,0,1,0,차대차 - 측면충돌,안전운전불이행,건조,맑음,주차장 - 주차장,승용,남,36세,상해없음,승용,여,32세,경상
2023051200100649,2023년 5월 12일 23시,금요일,충청남도 아산시 신동,경상사고,0,0,1,0,차대차 - 기타,안전운전불이행,건조,맑음,기타 - 기타,승용,여,39세,상해없음,승용,남,33세,경상
2023051300100016,2023년 5월 13일 01시,토요일,충청남도 아산시 온천동,중상사고,0,1,0,0,차대사람 - 기타,안전운전불이행,건조,맑음,기타 - 기타,승용,남,57세,상해없음,보행자,남,56세,중상
2023051300100037,2023년 5월 13일 03시,토요일,충청남도 천안시 서북구 쌍용동,중상사고,0,1,0,0,차대차 - 추돌,기타,건조,맑음,교차로 - 교차로부근,승용,남,28세,상해없음,이륜,남,46세,중상
2023051300100092,2023년 5월 13일 08시,토요일,충청남도 아산시 배방읍,경상사고,0,0,1,0,차대차 - 추돌,안전운전불이행,건조,맑음,교차로 - 교차로부근,승용,남,30세,상해없음,승용,여,48세,경상
2023051300100093,2023년 5월 13일 08시,토요일,충청남도 부여군 구룡면,중상사고,0,1,0,0,차대차 - 측면충돌,직진우회전진행방해,건조,맑음,교차로 - 교차로안,화물,남,65세,상해없음,승합,남,49세,상해없음
2023051300100118,2023년 5월 13일 09시,토요일,충청남도 천안시 서북구 직산읍,경상사고,0,0,1,0,차대차 - 측면충돌,안전운전불이행,건조,맑음,교차로 - 교차로안,화물,남,55세,상해없음,승용,남,67세,경상
2023051300100119,2023년 5월 13일 09시,토요일,충청남도 예산군 예산읍,중상사고,0,1,0,0,차대차 - 측면충돌,교차로운행방법위반,건조,맑음,교차로 - 교차로안,승용,남,65세,상해없음,원동기,남,80세,중상
2023051300100227,2023년 5월 13일 12시,토요일,충청남도 서산시 음암면,경상사고,0,0,4,1,차대차 - 추돌,안전거리미확보,건조,맑음,단일로 - 기타,승용,남,61세,경상,승용,남,29세,경상
2023051300100228,2023년 5월 13일 12시,토요일,충청남도 천안시 서북구 쌍용동,경상사고,0,0,1,0,차대차 - 추돌,안전운전불이행,건조,맑음,단일로 - 기타,승용,여,61세,상해없음,승용,남,33세,경상
2023051300100229,2023년 5월 13일 12시,토요일,충청남도 천안시 동남구 신부동,경상사고,0,0,1,0,차대사람 - 횡단중,보행자보호의무위반,건조,맑음,단일로 - 기타,승용,여,52세,상해없음,보행자,여,12세,경상
2023051300100317,2023년 5월 13일 14시,토요일,충청남도 천안시 서북구 두정동,경상사고,0,0,1,0,차대사람 - 기타,안전운전불이행,건조,맑음,단일로 - 기타,승합,남,54세,기타불명,보행자,여,62세,경상
2023051300100318,2023년 5월 13일 14시,토요일,충청남도 서천군 기산면,중상사고,0,1,0,0,차량단독 - 공작물충돌,안전운전불이행,건조,맑음,단일로 - 기타,승용,남,76세,중상,,,,
2023051300100364,2023년 5월 13일 15시,토요일,충청남도 서산시 동문동,경상사고,0,0,1,0,차대사람 - 기타,안전운전불이행,건조,맑음,교차로 - 교차로부근,승합,남,52세,상해없음,보행자,여,75세,경상
2023051300100365,2023년 5월 13일 15시,토요일,충청남도 천안시 서북구 불당동,경상사고,0,0,1,0,차대차 - 측면충돌,안전운전불이행,건조,맑음,교차로 - 교차로부근,승용,여,70세,상해없음,승용,여,53세,경상
2023051300100418,2023년 5월 13일 17시,토요일,충청남도 아산시 인주면,경상사고,0,0,1,0,차대차 - 기타,안전운전불이행,건조,맑음,교차로 - 교차로부근,화물,남,51세,상해없음,승합,남,60세,기타불명