사고번호,사고일시,요일,시군구,사고내용,사망자수,중상자수,경상자수,부상신고자수,사고유형,법규위반,노면상태,기상상태,도로형태,가해운전자 차종,가해운전자 성별,가해운전자 연령,가해운전자 상해정도,피해운전자 차종,피해운전자 성별,피해운전자 연령,피해운전자 상해정도
2023051800100114,2023년 5월 18일 08시,목요일,충청남도 당진시 채운동,경상사고,0,0,2,0,차대사람 - 차도통행중,안전운전불이행,젖음/습기,비,단일로 - 기타,화물,남,65세,상해없음,보행자,여,13세,경상
2023051800100115,2023년 5월 18일 08시,목요일,충청남도 천안시 동남구 원성동,경상사고,0,0,2,0,차대차 - 측면충돌,안전운전불이행,건조,맑음,교차로 - 교차로안,승용,여,47세,상해없음,승용,남,48세,경상
2023051800100324,2023년 5월 18일 14시,목요일,충청남도 천안시 서북구 성정동,경상사고,0,0,1,1,차대차 - 기타,교차로운행방법위반,건조,맑음,교차로 - 교차로안,승용,여,49세,상해없음,승용,남,55세,부상신고
2023051800100357,2023년 5월 18일 15시,목요일,충청남도 아산시 신창면,경상사고,0,0,1,0,차대차 - 기타,안전운전불이행,건조,맑음,기타 - 기타,승용,여,38세,경상,승용,남,47세,상해없음
2023051800100358,2023년 5월 18일 15시,목요일,충청남도 당진시 석문면,중상사고,0,1,0,0,차대사람 - 기타,안전운전불이행,건조,맑음,단일로 - 기타,승용,남,33세,상해없음,보행자,남,59세,중상
2023051800100403,2023년 5월 18일 16시,목요일,충청남도 천안시 서북구 쌍용동,경상사고,0,0,1,0,차대사람 - 횡단중,보행자보호의무위반,건조,맑음,교차로 - 교차로횡단보도내,승용,여,46세,기타불명,보행자,여,14세,경상
2023051800100446,2023년 5월 18일 17시,목요일,충청남도 천안시 서북구 성거읍,중상사고,0,1,0,0,차대차 - 추돌,안전거리미확보,건조,맑음,단일로 - 기타,승용,여,46세,상해없음,이륜,남,34세,중상
2023051800100447,2023년 5월 18일 17시,목요일,충청남도 천안시 서북구 직산읍,경상사고,0,0,1,0,차대차 - 추돌,안전거리미확보,건조,맑음,단일로 - 기타,승용,여,28세,상해없음,승용,남,30세,경상
2023051800100448,2023년 5월 18일 17시,목요일,충청남도 아산시 득산동,경상사고,0,0,1,0,차대사람 - 횡단중,안전운전불이행,건조,맑음,기타 - 기타,승용,남,29세,상해없음,보행자,남,8세,경상
2023051800100449,2023년 5월 18일 17시,목요일,충청남도 논산시 가야곡면,경상사고,0,0,1,0,차대차 - 추돌,기타,건조,맑음,기타 - 기타,화물,남,61세,상해없음,승용,남,32세,경상
2023051800100497,2023년 5월 18일 18시,목요일,충청남도 홍성군 금마면,중상사고,0,1,0,0,차대사람 - 기타,안전운전불이행,건조,맑음,단일로 - 기타,농기계,남,54세,상해없음,보행자,여,91세,중상
2023051800100498,2023년 5월 18일 18시,목요일,충청남도 천안시 동남구 성황동,경상사고,0,0,1,0,차대차 - 정면충돌,안전운전불이행,건조,맑음,단일로 - 지하차도(도로)내,승용,남,31세,상해없음,자전거,남,77세,경상
2023051800100499,2023년 5월 18일 18시,목요일,충청남도 천안시 동남구 성남면,경상사고,0,0,1,0,차대차 - 추돌,안전운전불이행,건조,맑음,기타 - 기타,화물,남,63세,기타불명,승용,남,43세,기타불명
2023051800100536,2023년 5월 18일 19시,목요일,충청남도 천안시 동남구 신부동,부상신고사고,0,0,0,1,차대사람 - 횡단중,보행자보호의무위반,건조,맑음,교차로 - 교차로안,승용,남,69세,상해없음,보행자,남,26세,부상신고
2023051800100562,2023년 5월 18일 20시,목요일,충청남도 천안시 서북구 두정동,부상신고사고,0,0,0,1,차대차 - 측면충돌,안전거리미확보,건조,맑음,단일로 - 기타,승용,남,67세,상해없음,승용,남,26세,부상신고
2023051800100606,2023년 5월 18일 22시,목요일,충청남도 천안시 동남구 구성동,경상사고,0,0,2,0,차대차 - 측면충돌,안전운전불이행,건조,맑음,교차로 - 교차로부근,승용,여,47세,경상,특수,남,63세,상해없음
2023051800100621,2023년 5월 18일 23시,목요일,충청남도 천안시 서북구 성정동,중상사고,0,1,0,0,차대차 - 기타,기타,건조,맑음,교차로 - 교차로안,이륜,남,63세,중상,승용,남,27세,상해없음
2023051900100020,2023년 5월 19일 02시,금요일,충청남도 보령시 신흑동,경상사고,0,0,2,0,차대차 - 측면충돌,기타,건조,맑음,교차로 - 교차로안,승용,남,23세,상해없음,승용,남,46세,경상
2023051900100038,2023년 5월 19일 05시,금요일,충청남도 홍성군 홍성읍,경상사고,0,0,2,0,차대차 - 측면충돌,안전운전불이행,건조,맑음,교차로 - 교차로안,승용,남,62세,경상,승용,남,65세,경상
2023051900100081,2023년 5월 19일 07시,금요일,충청남도 천안시 동남구 목천읍,경상사고,0,0,1,0,차대차 - 기타,신호위반,건조,맑음,교차로 - 교차로안,승용,남,27세,상해없음,승용,여,56세,경상
2023051900100119,2023년 5월 19일 08시,금요일,충청남도 천안시 서북구 불당동,경상사고,0,0,1,0,차대차 - 추돌,안전운전불이행,건조,맑음,단일로 - 기타,화물,남,59세,상해없음,승용,여,43세,경상
2023051900100120,2023년 5월 19일 08시,금요일,충청남도 홍성군 홍북읍,중상사고,0,1,0,0,차대차 - 측면충돌,신호위반,건조,맑음,교차로 - 교차로안,승용,남,59세,상해없음,승용,여,34세,중상
2023051900100121,2023년 5월 19일 08시,금요일,충청남도 아산시 둔포면,경상사고,0,0,2,0,차대차 - 추돌,안전운전불이행,건조,맑음,주차장 - 주차장,건설기계,남,43세,상해없음,화물,남,48세,경상
2023051900100122,2023년 5월 19일 08시,금요일,충청남도 태안군 근흥면,사망사고,1,0,1,0,차대차 - 정면충돌,중앙선침범,건조,맑음,교차로 - 교차로안,승용,남,59세,사망,화물,남,46세,경상
2023051900100123,2023년 5월 19일 08시,금요일,충청남도 태안군 태안읍,경상사고,0,0,1,0,차대차 - 추돌,안전운전불이행,건조,맑음,교차로 - 교차로안,승용,남,73세,상해없음,화물,남,55세,상해없음
2023051900100165,2023년 5월 19일 09시,금요일,충청남도 논산시 성동면,중상사고,0,2,0,0,차대차 - 정면충돌,중앙선침범,건조,맑음,단일로 - 기타,승용,여,48세,중상,화물,남,61세,중상
2023051900100211,2023년 5월 19일 10시,금요일,충청남도 천안시 동남구 삼룡동,경상사고,0,0,1,0,차대차 - 측면충돌,안전거리미확보,건조,맑음,단일로 - 기타,승용,남,49세,상해없음,승용,남,39세,경상
2023051900100297,2023년 5월 19일 12시,금요일,충청남도 천안시 서북구 부대동,중상사고,0,1,0,0,차대차 - 측면충돌,안전운전불이행,건조,맑음,단일로 - 기타,개인형이동수단(PM),남,23세,상해없음,자전거,남,26세,중상
2023051900100298,2023년 5월 19일 12시,금요일,충청남도 아산시 온천동,중상사고,0,1,0,1,차대사람 - 횡단중,보행자보호의무위반,건조,맑음,교차로 - 교차로안,승용,여,56세,상해없음,보행자,여,59세,중상
2023051900100457,2023년 5월 19일 16시,금요일,충청남도 천안시 서북구 성정동,부상신고사고,0,0,0,1,차대차 - 후진중충돌,안전운전불이행,건조,맑음,교차로 - 교차로부근,승용,남,53세,부상신고,승용,여,57세,상해없음
2023051900100458,2023년 5월 19일 16시,금요일,충청남도 공주시 금성동,경상사고,0,0,1,0,차대차 - 기타,교차로운행방법위반,건조,맑음,교차로 - 교차로안,승용,여,61세,상해없음,승용,여,49세,경상
2023051900100503,2023년 5월 19일 17시,금요일,충청남도 계룡시 엄사면,중상사고,0,1,2,0,차대차 - 측면충돌,안전운전불이행,건조,맑음,교차로 - 교차로안,승합,여,59세,상해없음,승용,여,58세,중상
2023051900100504,2023년 5월 19일 17시,금요일,충청남도 청양군 정산면,경상사고,0,0,2,0,차대차 - 측면충돌,신호위반,건조,맑음,교차로 - 교차로안,승용,남,50세,상해없음,승용,남,33세,경상
2023051900100561,2023년 5월 19일 18시,금요일,충청남도 천안시 서북구 성정동,중상사고,0,1,0,0,차대차 - 기타,안전운전불이행,건조,맑음,교차로 - 교차로횡단보도내,개인형이동수단(PM),남,25세,중상,승용,남,35세,상해없음
2023051900100562,2023년 5월 19일 18시,금요일,충청남도 아산시 모종동,부상신고사고,0,0,0,1,차대사람 - 횡단중,보행자보호의무위반,건조,맑음,교차로 - 교차로안,승용,여,61세,상해없음,보행자,남,10세,부상신고
2023051900100563,2023년 5월 19일 18시,금요일,충청남도 부여군 부여읍,중상사고,0,1,0,0,차대사람 - 기타,안전운전불이행,건조,맑음,단일로 - 기타,승용,여,67세,상해없음,보행자,여,69세,중상
2023051900100643,2023년 5월 19일 20시,금요일,충청남도 아산시 배방읍,경상사고,0,0,1,0,차대사람 - 횡단중,보행자보호의무위반,건조,맑음,교차로 - 교차로횡단보도내,승용,여,42세,상해없음,보행자,남,49세,경상
2023051900100670,2023년 5월 19일 21시,금요일,충청남도 천안시 서북구 성정동,경상사고,0,0,1,0,차대차 - 추돌,안전운전불이행,건조,흐림,교차로 - 교차로부근,승용,남,63세,상해없음,승합,남,46세,경상
2023051900100702,2023년 5월 19일 22시,금요일,충청남도 천안시 서북구 성거읍,경상사고,0,0,1,0,차대차 - 기타,신호위반,건조,맑음,교차로 - 교차로안,이륜,남,41세,상해없음,승용,여,38세,경상
2023051900100729,2023년 5월 19일 23시,금요일,충청남도 보령시 남포면,중상사고,0,1,0,0,차량단독 - 도로외이탈 - 추락,기타,건조,맑음,단일로 - 기타,승용,남,24세,상해없음,,,,
2023052000100006,2023년 5월 20일 00시,토요일,충청남도 태안군 태안읍,중상사고,0,1,0,0,차대사람 - 차도통행중,안전운전불이행,건조,맑음,교차로 - 교차로부근,화물,남,40세,상해없음,보행자,남,44세,중상
2023052000100065,2023년 5월 20일 06시,토요일,충청남도 홍성군 홍동면,경상사고,0,0,1,0,차대차 - 기타,안전운전불이행,건조,맑음,교차로 - 교차로안,건설기계,남,45세,상해없음,승용,여,58세,경상
2023052000100076,2023년 5월 20일 07시,토요일,충청남도 부여군 임천면,중상사고,0,1,0,0,차대차 - 기타,안전운전불이행,건조,맑음,단일로 - 기타,화물,남,30세,상해없음,승용,남,56세,중상
2023052000100077,2023년 5월 20일 07시,토요일,충청남도 금산군 금산읍,중상사고,0,1,1,0,차대차 - 측면충돌,교차로운행방법위반,건조,맑음,교차로 - 교차로안,승용,남,58세,상해없음,사륜오토바이(ATV),남,84세,경상
2023052000100093,2023년 5월 20일 08시,토요일,충청남도 아산시 배방읍,경상사고,0,0,2,0,차대차 - 측면충돌,신호위반,건조,맑음,교차로 - 교차로안,승용,남,62세,기타불명,승용,여,33세,경상
2023052000100118,2023년 5월 20일 09시,토요일,충청남도 당진시 합덕읍,중상사고,0,1,1,0,차대차 - 측면충돌,교차로운행방법위반,건조,맑음,교차로 - 교차로안,승용,남,27세,상해없음,승용,여,61세,경상
2023052000100157,2023년 5월 20일 10시,토요일,충청남도 천안시 서북구 백석동,경상사고,0,0,1,0,차대사람 - 횡단중,보행자보호의무위반,건조,맑음,교차로 - 교차로횡단보도내,승용,여,60세,상해없음,보행자,남,48세,경상
2023052000100158,2023년 5월 20일 10시,토요일,충청남도 논산시 연무읍,경상사고,0,0,1,0,차대차 - 추돌,안전운전불이행,건조,맑음,단일로 - 기타,이륜,남,26세,상해없음,이륜,남,70세,경상
2023052000100159,2023년 5월 20일 10시,토요일,충청남도 서천군 마서면,경상사고,0,0,1,0,차대차 - 측면충돌,신호위반,건조,맑음,교차로 - 교차로안,화물,남,53세,상해없음,화물,남,68세,경상
2023052000100160,2023년 5월 20일 10시,토요일,충청남도 공주시 반포면,중상사고,0,1,0,0,차대사람 - 기타,안전운전불이행,건조,맑음,단일로 - 기타,승용,남,62세,상해없음,보행자,남,29세,중상
2023052000100161,2023년 5월 20일 10시,토요일,충청남도 부여군 규암면,중상사고,0,1,0,0,차대사람 - 기타,안전운전불이행,건조,맑음,단일로 - 기타,농기계,남,72세,상해없음,보행자,여,72세,중상
2023052000100162,2023년 5월 20일 10시,토요일,충청남도 천안시 동남구 신부동,경상사고,0,0,1,0,차대차 - 추돌,안전운전불이행,건조,맑음,기타 - 기타,화물,남,64세,기타불명,승용,여,41세,경상
2023052000100203,2023년 5월 20일 11시,토요일,충청남도 천안시 서북구 두정동,경상사고,0,0,2,0,차대차 - 추돌,안전거리미확보,건조,맑음,기타 - 기타,승용,남,49세,상해없음,승용,남,30세,경상
2023052000100248,2023년 5월 20일 12시,토요일,충청남도 서산시 음암면,중상사고,0,1,1,0,차대차 - 측면충돌,교차로운행방법위반,건조,맑음,교차로 - 교차로안,승용,남,59세,상해없음,승용,남,65세,경상
2023052000100249,2023년 5월 20일 12시,토요일,충청남도 논산시 내동,경상사고,0,0,2,0,차대차 - 측면충돌,안전거리미확보,건조,맑음,단일로 - 기타,승용,남,75세,상해없음,승용,여,66세,경상
2023052000100250,2023년 5월 20일 12시,토요일,충청남도 천안시 동남구 수신면,경상사고,0,0,1,0,차대차 - 기타,안전운전불이행,건조,맑음,단일로 - 기타,승용,남,33세,상해없음,승용,여,27세,상해없음
2023052000100299,2023년 5월 20일 13시,토요일,충청남도 천안시 서북구 성환읍,경상사고,0,0,2,0,차대차 - 기타,안전거리미확보,건조,맑음,단일로 - 기타,승용,여,40세,상해없음,승용,여,31세,경상
2023052000100300,2023년 5월 20일 13시,토요일,충청남도 청양군 운곡면,중상사고,0,1,1,0,차대차 - 추돌,안전운전불이행,건조,맑음,교차로 - 교차로안,승용,여,21세,상해없음,승용,여,33세,경상
2023052000100301,2023년 5월 20일 13시,토요일,충청남도 천안시 동남구 봉명동,경상사고,0,0,1,0,차대차 - 추돌,안전운전불이행,건조,맑음,교차로 - 교차로안,승용,남,66세,상해없음,승용,남,28세,경상
2023052000100434,2023년 5월 20일 16시,토요일,충청남도 태안군 소원면,경상사고,0,0,1,0,차량단독 - 전도전복 - 전도,안전운전불이행,건조,맑음,교차로 - 교차로안,기타불명,남,60세,상해없음,,,,
2023052000100469,2023년 5월 20일 17시,토요일,충청남도 보령시 오천면,경상사고,0,0,1,0,차대사람 - 차도통행중,안전운전불이행,건조,맑음,단일로 - 기타,화물,남,63세,상해없음,보행자,남,69세,경상
2023052000100490,2023년 5월 20일 18시,토요일,충청남도 홍성군 홍북읍,경상사고,0,0,1,0,차대차 - 측면충돌,신호위반,건조,맑음,교차로 - 교차로안,승용,남,37세,상해없음,승용,남,44세,경상
2023052000100491,2023년 5월 20일 18시,토요일,충청남도 태안군 원북면,경상사고,0,0,1,0,차대차 - 정면충돌,중앙선침범,건조,맑음,단일로 - 기타,승용,남,74세,상해없음,승용,남,55세,경상
2023052000100492,2023년 5월 20일 18시,토요일,충청남도 태안군 원북면,경상사고,0,0,1,0,차대차 - 추돌,안전운전불이행,건조,맑음,주차장 - 주차장,화물,남,75세,상해없음,승용,남,34세,경상
2023052000100522,2023년 5월 20일 19시,토요일,충청남도 천안시 서북구 쌍용동,중상사고,0,1,0,0,차대차 - 측면충돌,기타,건조,맑음,교차로 - 교차로안,승용,남,62세,상해없음,원동기,남,53세,중상
2023052000100523,2023년 5월 20일 19시,토요일,충청남도 아산시 배방읍,경상사고,0,0,1,0,차대차 - 측면충돌,안전운전불이행,건조,맑음,기타 - 기타,승용,여,38세,상해없음,개인형이동수단(PM),여,30세,경상
2023052000100524,2023년 5월 20일 19시,토요일,충청남도 천안시 동남구 청수동,부상신고사고,0,0,0,1,차대차 - 측면충돌,직진우회전진행방해,건조,맑음,교차로 - 교차로안,승용,여,53세,상해없음,개인형이동수단(PM),남,17세,부상신고
2023052000100557,2023년 5월 20일 20시,토요일,충청남도 아산시 염치읍,경상사고,0,0,2,0,차대차 - 측면충돌,직진우회전진행방해,건조,맑음,기타 - 기타,자전거,남,70세,경상,자전거,남,40세,경상
2023052000100588,2023년 5월 20일 21시,토요일,충청남도 아산시 신동,경상사고,0,0,2,0,차대차 - 추돌,안전운전불이행,건조,맑음,단일로 - 교량,승용,남,22세,상해없음,승용,남,26세,경상
2023052000100589,2023년 5월 20일 21시,토요일,충청남도 서천군 서천읍,경상사고,0,0,1,0,차대사람 - 차도통행중,신호위반,건조,맑음,교차로 - 교차로횡단보도내,승용,여,49세,상해없음,보행자,여,55세,경상
2023052000100608,2023년 5월 20일 22시,토요일,충청남도 천안시 서북구 두정동,경상사고,0,0,1,0,차대사람 - 차도통행중,안전운전불이행,건조,맑음,단일로 - 기타,승용,남,22세,기타불명,보행자,남,27세,경상
2023052000100609,2023년 5월 20일 22시,토요일,충청남도 당진시 읍내동,경상사고,0,0,1,0,차대차 - 측면충돌,신호위반,건조,맑음,교차로 - 교차로안,승용,남,19세,상해없음,승용,남,25세,경상
2023052000100624,2023년 5월 20일 23시,토요일,충청남도 당진시 신평면,중상사고,0,3,1,0,차대차 - 측면충돌,교차로운행방법위반,건조,맑음,교차로 - 교차로안,승용,남,42세,중상,승용,남,47세,상해없음
2023052100100026,2023년 5월 21일 02시,일요일,충청남도 아산시 온천동,부상신고사고,0,0,0,1,차대차 - 추돌,안전운전불이행,건조,맑음,교차로 - 교차로부근,승용,남,57세,상해없음,승용,남,61세,상해없음
2023052100100060,2023년 5월 21일 08시,일요일,충청남도 부여군 부여읍,중상사고,0,1,3,0,차대차 - 추돌,안전운전불이행,건조,맑음,단일로 - 기타,승용,남,43세,중상,승용,남,47세,경상
2023052100100077,2023년 5월 21일 09시,일요일,충청남도 공주시 유구읍,중상사고,0,1,3,0,차대차 - 추돌,안전운전불이행,건조,맑음,교차로 - 교차로부근,승용,남,48세,경상,승용,여,42세,경상
2023052100100078,2023년 5월 21일 09시,일요일,충청남도 청양군 정산면,중상사고,0,1,1,0,차대차 - 측면충돌,안전운전불이행,건조,맑음,단일로 - 기타,승용,남,74세,경상,승용,남,54세,상해없음
2023052100100096,2023년 5월 21일 10시,일요일,충청남도 논산시 부창동,중상사고,0,1,1,0,차대차 - 측면충돌,신호위반,건조,맑음,교차로 - 교차로안,승용,남,42세,상해없음,승용,여,48세,경상
2023052100100150,2023년 5월 21일 12시,일요일,충청남도 예산군 신암면,중상사고,0,1,0,0,차대차 - 정면충돌,안전운전불이행,건조,맑음,교차로 - 교차로안,화물,남,59세,상해없음,이륜,남,73세,중상
2023052100100151,2023년 5월 21일 12시,일요일,충청남도 천안시 동남구 병천면,경상사고,0,0,1,0,차대사람 - 횡단중,보행자보호의무위반,건조,맑음,교차로 - 교차로횡단보도내,승용,여,69세,상해없음,보행자,여,70세,경상
2023052100100181,2023년 5월 21일 13시,일요일,충청남도 당진시 수청동,경상사고,0,0,2,0,차대차 - 측면충돌,신호위반,건조,맑음,교차로 - 교차로안,승용,남,48세,상해없음,승용,여,61세,경상
2023052100100210,2023년 5월 21일 14시,일요일,충청남도 천안시 서북구 두정동,경상사고,0,0,1,0,차대차 - 측면충돌,안전운전불이행,건조,맑음,단일로 - 기타,승용,남,60세,상해없음,승용,남,42세,경상
2023052100100211,2023년 5월 21일 14시,일요일,충청남도 아산시 염치읍,경상사고,0,0,1,0,차대차 - 측면충돌,기타,건조,맑음,교차로 - 교차로안,승용,남,54세,상해없음,승용,남,39세,경상
2023052100100239,2023년 5월 21일 15시,일요일,충청남도 서산시 대산읍,부상신고사고,0,0,0,2,차대차 - 추돌,안전거리미확보,건조,맑음,기타 - 기타,승용,남,59세,상해없음,승용,남,43세,부상신고
2023052100100240,2023년 5월 21일 15시,일요일,충청남도 서산시 읍내동,경상사고,0,0,1,0,차대차 - 정면충돌,중앙선침범,건조,맑음,기타 - 기타,승합,여,62세,상해없음,승용,여,49세,경상
2023052100100241,2023년 5월 21일 15시,일요일,충청남도 서산시 예천동,경상사고,0,0,1,0,차대차 - 기타,안전운전불이행,건조,맑음,교차로 - 교차로횡단보도내,이륜,남,42세,상해없음,자전거,남,16세,경상
2023052100100280,2023년 5월 21일 16시,일요일,충청남도 공주시 신관동,중상사고,0,1,0,0,차대사람 - 횡단중,안전운전불이행,건조,맑음,주차장 - 주차장,승용,남,65세,상해없음,보행자,여,59세,중상
2023052100100281,2023년 5월 21일 16시,일요일,충청남도 당진시 합덕읍,중상사고,0,1,0,0,차량단독 - 기타,안전운전불이행,건조,맑음,단일로 - 기타,화물,기타불명,미분류,기타불명,,,,
2023052100100282,2023년 5월 21일 16시,일요일,충청남도 천안시 동남구 수신면,경상사고,0,0,1,0,차대차 - 추돌,안전운전불이행,건조,맑음,단일로 - 기타,승용,여,31세,상해없음,승용,남,55세,경상
2023052100100309,2023년 5월 21일 17시,일요일,충청남도 서천군 서천읍,경상사고,0,0,3,0,차대차 - 후진중충돌,안전운전불이행,건조,맑음,단일로 - 기타,화물,남,36세,상해없음,승용,남,60세,경상
2023052100100341,2023년 5월 21일 18시,일요일,충청남도 천안시 동남구 청당동,경상사고,0,0,1,0,차대차 - 측면충돌,안전운전불이행,건조,맑음,단일로 - 기타,승용,여,27세,상해없음,이륜,남,22세,경상
2023052100100362,2023년 5월 21일 19시,일요일,충청남도 당진시 읍내동,경상사고,0,0,1,0,차대차 - 측면충돌,직진우회전진행방해,건조,맑음,교차로 - 교차로안,이륜,남,50세,경상,승용,남,42세,상해없음
2023052100100386,2023년 5월 21일 20시,일요일,충청남도 천안시 동남구 동면,경상사고,0,0,1,0,차대차 - 기타,안전운전불이행,건조,맑음,교차로 - 교차로부근,승용,여,61세,상해없음,승용,여,37세,경상
2023052100100387,2023년 5월 21일 20시,일요일,충청남도 천안시 동남구 원성동,경상사고,0,0,2,0,차대차 - 추돌,안전운전불이행,건조,맑음,기타 - 기타,이륜,남,32세,상해없음,승용,남,23세,경상
2023052200100077,2023년 5월 22일 08시,월요일,충청남도 서산시 동문동,사망사고,1,0,0,0,차대차 - 측면충돌,직진우회전진행방해,건조,흐림,교차로 - 교차로안,화물,남,47세,상해없음,이륜,남,87세,사망
2023052200100078,2023년 5월 22일 08시,월요일,충청남도 아산시 인주면,중상사고,0,1,0,0,차대차 - 측면충돌,신호위반,건조,맑음,교차로 - 교차로안,이륜,남,84세,중상,승용,남,64세,상해없음
2023052200100079,2023년 5월 22일 08시,월요일,충청남도 태안군 안면읍,경상사고,0,0,1,0,차대차 - 기타,안전운전불이행,건조,맑음,단일로 - 기타,건설기계,남,62세,상해없음,승용,남,64세,경상
2023052200100154,2023년 5월 22일 10시,월요일,충청남도 당진시 송악읍,중상사고,0,1,1,0,차대차 - 기타,안전운전불이행,건조,맑음,단일로 - 기타,화물,남,63세,상해없음,승용,여,62세,중상
2023052200100182,2023년 5월 22일 11시,월요일,충청남도 서산시 팔봉면,경상사고,0,0,1,0,차대사람 - 기타,안전운전불이행,건조,맑음,단일로 - 기타,화물,남,60세,상해없음,보행자,남,60세,경상
2023052200100183,2023년 5월 22일 11시,월요일,충청남도 예산군 예산읍,경상사고,0,0,1,0,차대차 - 측면충돌,교차로운행방법위반,건조,맑음,교차로 - 교차로안,화물,남,63세,상해없음,승용,남,68세,경상
2023052200100184,2023년 5월 22일 11시,월요일,충청남도 태안군 안면읍,경상사고,0,0,1,0,차대차 - 측면충돌,안전운전불이행,건조,맑음,단일로 - 기타,승합,남,52세,상해없음,승용,여,68세,경상
2023052200100286,2023년 5월 22일 14시,월요일,충청남도 청양군 청양읍,경상사고,0,0,1,0,차대차 - 측면충돌,안전거리미확보,건조,맑음,교차로 - 교차로부근,승용,남,58세,상해없음,자전거,여,75세,경상
2023052200100332,2023년 5월 22일 15시,월요일,충청남도 아산시 도고면,경상사고,0,0,1,0,차대차 - 측면충돌,차로위반,건조,맑음,단일로 - 기타,승용,남,26세,상해없음,승용,남,36세,경상
2023052200100371,2023년 5월 22일 16시,월요일,충청남도 천안시 서북구 성거읍,경상사고,0,0,1,0,차대사람 - 기타,안전운전불이행,건조,맑음,단일로 - 기타,승용,남,73세,상해없음,보행자,여,53세,경상
2023052200100372,2023년 5월 22일 16시,월요일,충청남도 천안시 서북구 백석동,경상사고,0,0,1,0,차대차 - 추돌,안전운전불이행,건조,맑음,단일로 - 기타,승용,남,70세,상해없음,승용,남,57세,경상
2023052200100418,2023년 5월 22일 17시,월요일,충청남도 청양군 청양읍,부상신고사고,0,0,0,1,차대사람 - 횡단중,안전운전불이행,건조,맑음,단일로 - 기타,승용,여,62세,상해없음,보행자,여,10세,부상신고
2023052200100465,2023년 5월 22일 18시,월요일,충청남도 천안시 서북구 백석동,경상사고,0,0,1,0,차대차 - 기타,안전운전불이행,건조,맑음,교차로 - 교차로안,화물,남,45세,상해없음,이륜,남,31세,경상
2023052200100466,2023년 5월 22일 18시,월요일,충청남도 태안군 태안읍,중상사고,0,1,0,0,차대차 - 측면충돌,안전운전불이행,건조,맑음,교차로 - 교차로부근,승합,남,54세,상해없음,승용,남,35세,중상
2023052200100505,2023년 5월 22일 19시,월요일,충청남도 공주시 신관동,중상사고,0,1,0,0,차대차 - 측면충돌,교차로운행방법위반,건조,맑음,교차로 - 교차로안,승용,남,59세,상해없음,이륜,남,40세,중상
2023052200100506,2023년 5월 22일 19시,월요일,충청남도 당진시 송산면,중상사고,0,1,0,0,차대차 - 기타,안전운전불이행,건조,맑음,단일로 - 기타,승용,남,45세,상해없음,이륜,남,74세,중상
2023052200100534,2023년 5월 22일 20시,월요일,충청남도 아산시 인주면,경상사고,0,0,5,0,차대차 - 측면충돌,안전운전불이행,건조,흐림,단일로 - 기타,승용,여,23세,상해없음,승용,남,25세,경상
2023052200100535,2023년 5월 22일 20시,월요일,충청남도 청양군 청양읍,중상사고,0,1,0,0,차대사람 - 횡단중,보행자보호의무위반,건조,맑음,교차로 - 교차로안,승용,여,48세,상해없음,보행자,남,44세,중상
2023052200100560,2023년 5월 22일 21시,월요일,충청남도 천안시 서북구 두정동,경상사고,0,0,1,0,차대차 - 기타,신호위반,건조,맑음,교차로 - 교차로부근,승용,남,34세,상해없음,이륜,남,31세,경상
2023052200100561,2023년 5월 22일 21시,월요일,충청남도 당진시 석문면,중상사고,0,2,1,0,차대차 - 측면충돌,교차로운행방법위반,건조,맑음,교차로 - 교차로안,승용,남,30세,경상,화물,남,59세,상해없음
2023052200100590,2023년 5월 22일 22시,월요일,충청남도 아산시 탕정면,경상사고,0,0,1,0,차대사람 - 기타,안전운전불이행,젖음/습기,비,단일로 - 기타,승용,남,57세,상해없음,보행자,남,46세,경상
2023052200100591,2023년 5월 22일 22시,월요일,충청남도 공주시 신관동,경상사고,0,0,1,0,차대차 - 측면충돌,안전운전불이행,건조,기타,교차로 - 교차로안,승용,여,61세,상해없음,승용,여,54세,경상
2023052300100018,2023년 5월 23일 03시,화요일,충청남도 천안시 서북구 불당동,경상사고,0,0,2,0,차대차 - 후진중충돌,안전운전불이행,건조,맑음,교차로 - 교차로횡단보도내,승용,남,31세,상해없음,승용,남,32세,경상
2023052300100032,2023년 5월 23일 06시,화요일,충청남도 예산군 오가면,경상사고,0,0,1,0,차대차 - 추돌,안전운전불이행,건조,맑음,단일로 - 기타,화물,남,42세,경상,화물,기타불명,미분류,기타불명
2023052300100091,2023년 5월 23일 08시,화요일,충청남도 천안시 서북구 직산읍,경상사고,0,0,1,0,차대차 - 측면충돌,신호위반,건조,맑음,단일로 - 기타,승용,남,68세,상해없음,승용,남,48세,경상
2023052300100092,2023년 5월 23일 08시,화요일,충청남도 천안시 서북구 불당동,경상사고,0,0,1,0,차대사람 - 보도통행중,안전운전불이행,건조,맑음,기타 - 기타,기타불명,기타불명,미분류,기타불명,보행자,남,7세,경상
2023052300100191,2023년 5월 23일 10시,화요일,충청남도 보령시 대천동,중상사고,0,1,0,0,차대사람 - 횡단중,보행자보호의무위반,건조,맑음,교차로 - 교차로안,화물,남,80세,상해없음,보행자,여,82세,중상