사고번호,사고일시,요일,시군구,사고내용,사망자수,중상자수,경상자수,부상신고자수,사고유형,법규위반,노면상태,기상상태,도로형태,가해운전자 차종,가해운전자 성별,가해운전자 연령,가해운전자 상해정도,피해운전자 차종,피해운전자 성별,피해운전자 연령,피해운전자 상해정도
2023052300100192,2023년 5월 23일 10시,화요일,충청남도 태안군 태안읍,경상사고,0,0,1,0,차대사람 - 차도통행중,안전운전불이행,건조,맑음,교차로 - 교차로부근,이륜,남,84세,상해없음,보행자,여,63세,경상
2023052300100227,2023년 5월 23일 11시,화요일,충청남도 논산시 강산동,중상사고,0,1,0,0,차대차 - 정면충돌,기타,건조,맑음,교차로 - 교차로안,화물,남,60세,상해없음,승용,여,72세,중상
2023052300100228,2023년 5월 23일 11시,화요일,충청남도 아산시 배방읍,경상사고,0,0,2,0,차대차 - 측면충돌,신호위반,건조,맑음,교차로 - 교차로안,승용,여,45세,상해없음,승용,남,56세,경상
2023052300100229,2023년 5월 23일 11시,화요일,충청남도 예산군 예산읍,경상사고,0,0,1,0,차대사람 - 기타,보행자보호의무위반,건조,맑음,주차장 - 주차장,화물,남,72세,상해없음,보행자,남,22세,경상
2023052300100262,2023년 5월 23일 12시,화요일,충청남도 아산시 음봉면,경상사고,0,0,2,0,차대차 - 기타,직진우회전진행방해,건조,맑음,교차로 - 교차로횡단보도내,화물,남,68세,상해없음,화물,남,52세,경상
2023052300100340,2023년 5월 23일 14시,화요일,충청남도 천안시 서북구 두정동,경상사고,0,0,1,0,차대차 - 추돌,안전운전불이행,건조,맑음,단일로 - 기타,승용,여,23세,상해없음,승용,남,31세,경상
2023052300100381,2023년 5월 23일 15시,화요일,충청남도 천안시 서북구 백석동,경상사고,0,0,2,0,차대차 - 측면충돌,안전운전불이행,건조,맑음,단일로 - 기타,승용,여,38세,상해없음,승용,남,68세,경상
2023052300100382,2023년 5월 23일 15시,화요일,충청남도 홍성군 갈산면,중상사고,0,4,14,0,차대차 - 정면충돌,교차로운행방법위반,건조,맑음,교차로 - 교차로안,승용,여,61세,경상,승합,남,58세,상해없음
2023052300100383,2023년 5월 23일 15시,화요일,충청남도 금산군 추부면,경상사고,0,0,1,0,차대차 - 측면충돌,교차로운행방법위반,건조,맑음,교차로 - 교차로안,승용,여,60세,상해없음,화물,여,69세,경상
2023052300100384,2023년 5월 23일 15시,화요일,충청남도 태안군 태안읍,경상사고,0,0,1,0,차대차 - 측면충돌,차로위반,건조,맑음,단일로 - 기타,승용,남,60세,상해없음,화물,남,62세,경상
2023052300100425,2023년 5월 23일 16시,화요일,충청남도 천안시 동남구 청당동,중상사고,0,2,0,0,차대차 - 기타,신호위반,건조,맑음,단일로 - 지하차도(도로)내,승용,여,62세,상해없음,승용,남,37세,중상
2023052300100479,2023년 5월 23일 17시,화요일,충청남도 서산시 대산읍,중상사고,0,1,0,0,차대사람 - 기타,안전운전불이행,건조,맑음,단일로 - 기타,화물,여,45세,상해없음,보행자,남,64세,중상
2023052300100480,2023년 5월 23일 17시,화요일,충청남도 서산시 동문동,경상사고,0,0,1,0,차대사람 - 횡단중,안전운전불이행,건조,맑음,단일로 - 기타,승용,여,25세,상해없음,보행자,여,83세,경상
2023052300100481,2023년 5월 23일 17시,화요일,충청남도 천안시 서북구 성성동,경상사고,0,0,2,0,차대차 - 기타,중앙선침범,건조,맑음,단일로 - 기타,이륜,남,48세,경상,승용,남,37세,경상
2023052300100482,2023년 5월 23일 17시,화요일,충청남도 천안시 동남구 청당동,경상사고,0,0,1,0,차대차 - 후진중충돌,안전운전불이행,건조,맑음,기타 - 기타,승용,남,61세,기타불명,승용,여,54세,경상
2023052400100051,2023년 5월 24일 06시,수요일,충청남도 당진시 송산면,경상사고,0,0,2,0,차대차 - 추돌,안전운전불이행,건조,맑음,단일로 - 지하차도(도로)내,건설기계,남,64세,상해없음,승용,남,41세,경상
2023052400100074,2023년 5월 24일 07시,수요일,충청남도 천안시 동남구 안서동,경상사고,0,0,1,0,차대차 - 측면충돌,안전거리미확보,건조,맑음,교차로 - 교차로부근,승용,여,66세,상해없음,승용,여,31세,경상
2023052400100116,2023년 5월 24일 08시,수요일,충청남도 서산시 석남동,경상사고,0,0,2,0,차대차 - 측면충돌,안전운전불이행,건조,맑음,교차로 - 교차로부근,승용,여,31세,상해없음,승용,남,43세,경상
2023052400100117,2023년 5월 24일 08시,수요일,충청남도 홍성군 홍성읍,중상사고,0,1,3,0,차대차 - 정면충돌,신호위반,건조,맑음,교차로 - 교차로안,이륜,남,16세,중상,승용,남,45세,경상
2023052400100118,2023년 5월 24일 08시,수요일,충청남도 천안시 동남구 원성동,경상사고,0,0,1,0,차대차 - 측면충돌,안전거리미확보,건조,맑음,단일로 - 기타,승용,남,47세,상해없음,승용,남,46세,경상
2023052400100196,2023년 5월 24일 10시,수요일,충청남도 서산시 잠홍동,중상사고,0,1,0,0,차량단독 - 공작물충돌,안전운전불이행,건조,맑음,단일로 - 기타,승용,여,31세,중상,,,,
2023052400100197,2023년 5월 24일 10시,수요일,충청남도 천안시 서북구 입장면,경상사고,0,0,2,0,차대차 - 측면충돌,교차로운행방법위반,건조,맑음,단일로 - 기타,화물,남,69세,상해없음,화물,남,34세,경상
2023052400100280,2023년 5월 24일 13시,수요일,충청남도 아산시 배방읍,경상사고,0,0,1,0,차대차 - 측면충돌,안전운전불이행,건조,맑음,주차장 - 주차장,승용,여,46세,상해없음,승용,남,41세,상해없음
2023052400100281,2023년 5월 24일 13시,수요일,충청남도 천안시 동남구 신방동,경상사고,0,0,1,0,차대차 - 추돌,안전운전불이행,건조,맑음,교차로 - 교차로부근,승용,여,43세,상해없음,승용,여,43세,경상
2023052400100317,2023년 5월 24일 14시,수요일,충청남도 아산시 탕정면,경상사고,0,0,2,0,차대차 - 기타,안전운전불이행,건조,맑음,기타 - 기타,승합,남,61세,기타불명,승용,여,32세,경상
2023052400100391,2023년 5월 24일 16시,수요일,충청남도 천안시 동남구 다가동,부상신고사고,0,0,0,1,차대사람 - 기타,안전운전불이행,건조,맑음,교차로 - 교차로부근,승용,남,61세,상해없음,보행자,남,4세,부상신고
2023052400100438,2023년 5월 24일 17시,수요일,충청남도 서산시 동문동,경상사고,0,0,1,0,차대사람 - 기타,안전운전불이행,건조,맑음,단일로 - 기타,승용,남,67세,상해없음,보행자,남,17세,경상
2023052400100439,2023년 5월 24일 17시,수요일,충청남도 천안시 서북구 쌍용동,중상사고,0,1,0,0,차대사람 - 횡단중,신호위반,건조,맑음,교차로 - 교차로부근,개인형이동수단(PM),남,15세,상해없음,보행자,남,16세,중상
2023052400100484,2023년 5월 24일 18시,수요일,충청남도 천안시 서북구 성성동,경상사고,0,0,1,0,차대차 - 측면충돌,신호위반,건조,맑음,교차로 - 교차로안,승용,여,25세,상해없음,승용,남,34세,경상
2023052400100485,2023년 5월 24일 18시,수요일,충청남도 보령시 대천동,경상사고,0,0,1,0,차대사람 - 횡단중,보행자보호의무위반,건조,맑음,교차로 - 교차로부근,승합,남,68세,상해없음,보행자,남,21세,경상
2023052400100513,2023년 5월 24일 19시,수요일,충청남도 아산시 도고면,중상사고,0,1,2,0,차대차 - 측면충돌,중앙선침범,건조,맑음,교차로 - 교차로부근,승용,남,22세,상해없음,승합,남,51세,경상
2023052400100534,2023년 5월 24일 20시,수요일,충청남도 예산군 예산읍,경상사고,0,0,3,0,차대차 - 추돌,안전운전불이행,건조,흐림,교차로 - 교차로안,승용,남,57세,상해없음,승용,남,44세,경상
2023052400100583,2023년 5월 24일 22시,수요일,충청남도 서산시 잠홍동,경상사고,0,0,4,0,차대차 - 추돌,안전운전불이행,건조,맑음,교차로 - 교차로부근,승용,남,40세,상해없음,승용,남,42세,경상
2023052400100584,2023년 5월 24일 22시,수요일,충청남도 예산군 대술면,경상사고,0,0,1,0,차대차 - 측면충돌,안전운전불이행,건조,흐림,단일로 - 기타,승용,남,60세,상해없음,화물,남,82세,기타불명
2023052400100594,2023년 5월 24일 23시,수요일,충청남도 서천군 장항읍,경상사고,0,0,2,0,차대차 - 측면충돌,기타,건조,맑음,교차로 - 교차로안,승용,남,21세,경상,승용,여,55세,경상
2023052500100004,2023년 5월 25일 00시,목요일,충청남도 천안시 서북구 불당동,중상사고,0,1,0,0,차대사람 - 횡단중,안전운전불이행,건조,맑음,교차로 - 교차로안,승용,여,37세,상해없음,보행자,남,53세,중상
2023052500100043,2023년 5월 25일 06시,목요일,충청남도 서산시 석림동,경상사고,0,0,1,0,차대차 - 측면충돌,신호위반,건조,맑음,교차로 - 교차로안,승용,남,61세,상해없음,승용,남,50세,경상
2023052500100044,2023년 5월 25일 06시,목요일,충청남도 논산시 내동,경상사고,0,0,2,0,차대차 - 측면충돌,신호위반,건조,맑음,교차로 - 교차로안,승합,남,67세,상해없음,승용,남,39세,경상
2023052500100045,2023년 5월 25일 06시,목요일,충청남도 천안시 동남구 광덕면,경상사고,0,0,1,0,차대차 - 기타,안전운전불이행,건조,맑음,교차로 - 교차로안,승용,남,35세,상해없음,승용,남,28세,경상
2023052500100064,2023년 5월 25일 07시,목요일,충청남도 서산시 석림동,중상사고,0,1,3,0,차대차 - 정면충돌,안전운전불이행,건조,맑음,교차로 - 교차로안,승용,여,49세,중상,농기계,남,47세,상해없음
2023052500100097,2023년 5월 25일 08시,목요일,충청남도 홍성군 홍성읍,사망사고,1,0,0,0,차대사람 - 횡단중,보행자보호의무위반,건조,맑음,교차로 - 교차로횡단보도내,화물,남,47세,상해없음,보행자,여,65세,사망
2023052500100098,2023년 5월 25일 08시,목요일,충청남도 아산시 염치읍,경상사고,0,0,1,0,차대차 - 추돌,안전운전불이행,건조,맑음,교차로 - 교차로부근,승용,여,62세,상해없음,승용,남,30세,경상
2023052500100099,2023년 5월 25일 08시,목요일,충청남도 청양군 목면,경상사고,0,0,1,0,차대차 - 측면충돌,중앙선침범,건조,맑음,단일로 - 기타,자전거,남,80세,경상,승용,여,45세,상해없음
2023052500100139,2023년 5월 25일 09시,목요일,충청남도 천안시 서북구 성정동,중상사고,0,1,0,0,차대사람 - 보도통행중,기타,건조,맑음,교차로 - 교차로부근,개인형이동수단(PM),남,21세,상해없음,보행자,여,70세,중상
2023052500100182,2023년 5월 25일 10시,목요일,충청남도 공주시 산성동,경상사고,0,0,1,0,차대사람 - 기타,안전운전불이행,건조,맑음,단일로 - 기타,승용,남,77세,상해없음,보행자,여,64세,경상
2023052500100269,2023년 5월 25일 13시,목요일,충청남도 천안시 동남구 청수동,경상사고,0,0,1,0,차대차 - 측면충돌,안전운전불이행,건조,맑음,교차로 - 교차로안,승용,남,62세,상해없음,이륜,남,53세,경상
2023052500100344,2023년 5월 25일 15시,목요일,충청남도 천안시 동남구 신방동,경상사고,0,0,1,0,차대차 - 추돌,안전운전불이행,건조,맑음,교차로 - 교차로안,승용,여,30세,상해없음,승용,남,40세,경상
2023052500100391,2023년 5월 25일 16시,목요일,충청남도 천안시 서북구 두정동,중상사고,0,1,0,0,차대차 - 측면충돌,신호위반,건조,맑음,교차로 - 교차로부근,승용,여,63세,상해없음,이륜,남,42세,중상
2023052500100392,2023년 5월 25일 16시,목요일,충청남도 논산시 취암동,경상사고,0,0,1,0,차대차 - 추돌,안전운전불이행,건조,맑음,단일로 - 기타,승용,남,39세,상해없음,승용,남,66세,경상
2023052500100393,2023년 5월 25일 16시,목요일,충청남도 아산시 배방읍,경상사고,0,0,1,0,차대차 - 기타,신호위반,건조,맑음,교차로 - 교차로부근,승용,여,34세,상해없음,승용,여,27세,경상
2023052500100468,2023년 5월 25일 18시,목요일,충청남도 당진시 읍내동,중상사고,0,1,0,0,차대차 - 정면충돌,교차로운행방법위반,건조,맑음,교차로 - 교차로안,승용,남,29세,상해없음,이륜,남,34세,중상
2023052500100571,2023년 5월 25일 21시,목요일,충청남도 천안시 서북구 성거읍,경상사고,0,0,1,0,차대차 - 추돌,안전운전불이행,건조,맑음,교차로 - 교차로부근,화물,남,55세,상해없음,승용,남,34세,경상
2023052500100572,2023년 5월 25일 21시,목요일,충청남도 천안시 동남구 풍세면,경상사고,0,0,3,0,차대차 - 추돌,안전거리미확보,건조,맑음,단일로 - 기타,화물,남,60세,상해없음,승용,남,33세,경상
2023052600100038,2023년 5월 26일 04시,금요일,충청남도 천안시 서북구 성성동,중상사고,0,1,0,0,차대차 - 기타,안전거리미확보,건조,맑음,단일로 - 기타,승용,남,27세,상해없음,개인형이동수단(PM),남,26세,중상
2023052600100064,2023년 5월 26일 07시,금요일,충청남도 천안시 서북구 두정동,경상사고,0,0,1,1,차대차 - 기타,안전거리미확보,건조,맑음,단일로 - 기타,승용,남,21세,상해없음,승합,남,60세,상해없음
2023052600100113,2023년 5월 26일 08시,금요일,충청남도 보령시 대천동,중상사고,0,1,0,0,차대차 - 기타,안전운전불이행,건조,맑음,단일로 - 기타,승용,여,40세,상해없음,자전거,남,12세,중상
2023052600100186,2023년 5월 26일 10시,금요일,충청남도 천안시 동남구 신방동,경상사고,0,0,1,0,차대차 - 추돌,기타,건조,맑음,단일로 - 지하차도(도로)내,승용,여,40세,상해없음,승용,남,65세,경상
2023052600100231,2023년 5월 26일 11시,금요일,충청남도 당진시 읍내동,경상사고,0,0,1,0,차대차 - 후진중충돌,안전운전불이행,건조,맑음,단일로 - 기타,승용,여,58세,상해없음,승용,남,23세,경상
2023052600100232,2023년 5월 26일 11시,금요일,충청남도 천안시 동남구 원성동,경상사고,0,0,1,0,차대차 - 측면충돌,교차로운행방법위반,건조,맑음,교차로 - 교차로안,승용,남,55세,상해없음,승용,여,49세,경상
2023052600100266,2023년 5월 26일 12시,금요일,충청남도 천안시 동남구 구성동,경상사고,0,0,1,0,차대차 - 추돌,안전운전불이행,건조,맑음,단일로 - 지하차도(도로)내,승용,남,38세,상해없음,승용,남,24세,경상
2023052600100267,2023년 5월 26일 12시,금요일,충청남도 천안시 서북구 입장면,경상사고,0,0,7,0,차대차 - 기타,안전운전불이행,건조,맑음,단일로 - 기타,승합,남,58세,상해없음,승용,남,44세,경상
2023052600100302,2023년 5월 26일 13시,금요일,충청남도 아산시 음봉면,경상사고,0,0,1,0,차대차 - 측면충돌,기타,건조,맑음,단일로 - 터널,화물,남,55세,상해없음,승용,남,39세,상해없음
2023052600100303,2023년 5월 26일 13시,금요일,충청남도 당진시 합덕읍,경상사고,0,0,1,0,차대차 - 추돌,신호위반,건조,맑음,교차로 - 교차로안,승용,남,75세,상해없음,화물,남,49세,경상
2023052600100304,2023년 5월 26일 13시,금요일,충청남도 청양군 청양읍,중상사고,0,1,0,0,차대차 - 추돌,안전운전불이행,건조,맑음,교차로 - 교차로부근,화물,남,55세,상해없음,승용,여,71세,중상
2023052600100305,2023년 5월 26일 13시,금요일,충청남도 천안시 동남구 청수동,경상사고,0,0,2,0,차대차 - 측면충돌,차로위반,건조,맑음,단일로 - 기타,이륜,남,26세,경상,승용,남,52세,경상
2023052600100340,2023년 5월 26일 14시,금요일,충청남도 홍성군 결성면,중상사고,0,1,0,0,차대차 - 정면충돌,안전운전불이행,건조,맑음,단일로 - 기타,화물,남,52세,상해없음,이륜,남,61세,중상
2023052600100341,2023년 5월 26일 14시,금요일,충청남도 아산시 탕정면,경상사고,0,0,1,0,차대차 - 측면충돌,중앙선침범,건조,맑음,단일로 - 기타,승용,남,69세,상해없음,승용,남,49세,경상
2023052600100342,2023년 5월 26일 14시,금요일,충청남도 공주시 이인면,중상사고,0,1,0,0,차대사람 - 차도통행중,안전운전불이행,건조,맑음,단일로 - 기타,화물,남,54세,상해없음,보행자,여,82세,중상
2023052600100379,2023년 5월 26일 15시,금요일,충청남도 아산시 배미동,경상사고,0,0,1,0,차대차 - 정면충돌,중앙선침범,건조,맑음,단일로 - 기타,승용,남,23세,상해없음,자전거,남,40세,경상
2023052600100380,2023년 5월 26일 15시,금요일,충청남도 공주시 정안면,경상사고,0,0,1,0,차대차 - 측면충돌,신호위반,건조,맑음,단일로 - 기타,승용,남,51세,기타불명,화물,남,40세,경상
2023052600100381,2023년 5월 26일 15시,금요일,충청남도 예산군 신암면,경상사고,0,0,1,0,차량단독 - 기타,안전운전불이행,건조,맑음,단일로 - 기타,자전거,남,83세,경상,,,,
2023052600100382,2023년 5월 26일 15시,금요일,충청남도 당진시 수청동,경상사고,0,0,1,0,차대차 - 추돌,안전운전불이행,건조,맑음,단일로 - 고가도로위,승용,남,83세,상해없음,승용,여,38세,경상
2023052600100477,2023년 5월 26일 17시,금요일,충청남도 서산시 인지면,중상사고,0,1,0,0,차대차 - 측면충돌,직진우회전진행방해,건조,맑음,교차로 - 교차로안,자전거,여,79세,중상,승용,여,60세,상해없음
2023052600100478,2023년 5월 26일 17시,금요일,충청남도 천안시 서북구 쌍용동,경상사고,0,0,1,0,차대차 - 측면충돌,안전운전불이행,건조,맑음,단일로 - 기타,이륜,남,58세,경상,승용,남,28세,상해없음
2023052600100479,2023년 5월 26일 17시,금요일,충청남도 공주시 금학동,경상사고,0,0,1,0,차대차 - 측면충돌,안전운전불이행,건조,맑음,교차로 - 교차로안,승용,여,58세,기타불명,승합,남,61세,경상
2023052600100480,2023년 5월 26일 17시,금요일,충청남도 당진시 읍내동,경상사고,0,0,1,0,차대사람 - 기타,안전운전불이행,건조,맑음,단일로 - 기타,승합,남,53세,상해없음,보행자,여,17세,경상
2023052600100481,2023년 5월 26일 17시,금요일,충청남도 천안시 동남구 신부동,중상사고,0,1,0,0,차대차 - 측면충돌,안전거리미확보,건조,맑음,단일로 - 지하차도(도로)내,승용,남,60세,상해없음,원동기,남,38세,중상
2023052600100482,2023년 5월 26일 17시,금요일,충청남도 태안군 태안읍,중상사고,0,2,0,0,차대차 - 기타,신호위반,건조,맑음,교차로 - 교차로안,승용,남,23세,상해없음,화물,남,61세,중상
2023052600100623,2023년 5월 26일 20시,금요일,충청남도 공주시 유구읍,사망사고,1,0,0,0,차대사람 - 길가장자리구역통행중,안전운전불이행,건조,맑음,단일로 - 기타,승용,여,67세,상해없음,보행자,남,79세,사망
2023052600100669,2023년 5월 26일 22시,금요일,충청남도 천안시 서북구 쌍용동,경상사고,0,0,1,0,차대사람 - 차도통행중,안전운전불이행,건조,맑음,단일로 - 기타,승용,남,54세,상해없음,보행자,남,32세,경상
2023052600100670,2023년 5월 26일 22시,금요일,충청남도 논산시 연무읍,경상사고,0,0,2,0,차대차 - 추돌,안전운전불이행,건조,맑음,교차로 - 교차로부근,승용,기타불명,미분류,기타불명,승용,여,37세,경상
2023052600100683,2023년 5월 26일 23시,금요일,충청남도 서산시 읍내동,중상사고,0,1,0,0,차대사람 - 차도통행중,안전운전불이행,건조,맑음,교차로 - 교차로부근,승용,여,49세,상해없음,보행자,남,21세,중상
2023052700100018,2023년 5월 27일 01시,토요일,충청남도 천안시 서북구 백석동,부상신고사고,0,0,0,1,차량단독 - 기타,안전운전불이행,건조,맑음,단일로 - 기타,승용,남,59세,상해없음,,,,
2023052700100028,2023년 5월 27일 02시,토요일,충청남도 당진시 석문면,중상사고,0,1,0,0,차대사람 - 차도통행중,안전운전불이행,건조,흐림,단일로 - 기타,승용,여,39세,상해없음,보행자,여,64세,중상
2023052700100050,2023년 5월 27일 05시,토요일,충청남도 아산시 둔포면,경상사고,0,0,1,0,차대차 - 추돌,신호위반,건조,맑음,교차로 - 교차로안,승용,남,33세,상해없음,승용,남,52세,경상
2023052700100058,2023년 5월 27일 06시,토요일,충청남도 서산시 대산읍,경상사고,0,0,1,0,차대차 - 정면충돌,안전운전불이행,젖음/습기,비,단일로 - 기타,원동기,남,61세,경상,승용,남,71세,상해없음
2023052700100108,2023년 5월 27일 09시,토요일,충청남도 아산시 실옥동,경상사고,0,0,2,0,차대차 - 측면충돌,안전거리미확보,젖음/습기,비,단일로 - 기타,승용,남,40세,상해없음,승용,남,26세,경상
2023052700100168,2023년 5월 27일 11시,토요일,충청남도 천안시 서북구 성성동,중상사고,0,1,0,0,차대차 - 측면충돌,중앙선침범,젖음/습기,비,기타 - 기타,승용,여,40세,상해없음,이륜,남,65세,중상
2023052700100169,2023년 5월 27일 11시,토요일,충청남도 천안시 서북구 성성동,경상사고,0,0,1,0,차대차 - 측면충돌,안전운전불이행,건조,흐림,기타 - 기타,승용,여,35세,상해없음,자전거,남,12세,경상
2023052700100170,2023년 5월 27일 11시,토요일,충청남도 천안시 동남구 신부동,부상신고사고,0,0,0,1,차대차 - 추돌,안전운전불이행,젖음/습기,비,단일로 - 기타,승용,남,36세,상해없음,승용,남,24세,부상신고
2023052700100216,2023년 5월 27일 12시,토요일,충청남도 천안시 서북구 불당동,경상사고,0,0,1,0,차대차 - 측면충돌,안전운전불이행,젖음/습기,비,단일로 - 기타,화물,남,55세,상해없음,승용,여,25세,경상
2023052700100217,2023년 5월 27일 12시,토요일,충청남도 예산군 삽교읍,경상사고,0,0,1,0,차대차 - 측면충돌,직진우회전진행방해,젖음/습기,비,교차로 - 교차로안,승용,남,68세,상해없음,화물,남,60세,경상
2023052700100218,2023년 5월 27일 12시,토요일,충청남도 예산군 덕산면,경상사고,0,0,3,0,차대차 - 기타,중앙선침범,젖음/습기,비,단일로 - 기타,승용,남,70세,상해없음,승용,남,34세,경상
2023052700100258,2023년 5월 27일 13시,토요일,충청남도 홍성군 홍성읍,경상사고,0,0,4,0,차대차 - 측면충돌,교차로운행방법위반,젖음/습기,흐림,교차로 - 교차로안,승용,남,74세,상해없음,승용,남,39세,경상
2023052700100259,2023년 5월 27일 13시,토요일,충청남도 당진시 정미면,중상사고,0,1,1,0,차대차 - 추돌,안전운전불이행,젖음/습기,비,단일로 - 기타,승용,남,76세,경상,화물,남,50세,상해없음
2023052700100289,2023년 5월 27일 14시,토요일,충청남도 아산시 염치읍,경상사고,0,0,3,0,차대차 - 측면충돌,기타,젖음/습기,비,단일로 - 기타,승용,남,21세,경상,승용,여,67세,경상
2023052700100326,2023년 5월 27일 15시,토요일,충청남도 서산시 인지면,중상사고,0,1,0,0,차대사람 - 차도통행중,안전운전불이행,젖음/습기,비,단일로 - 기타,화물,남,65세,상해없음,보행자,남,56세,중상
2023052700100327,2023년 5월 27일 15시,토요일,충청남도 천안시 서북구 두정동,경상사고,0,0,1,0,차대사람 - 보도통행중,안전운전불이행,젖음/습기,비,단일로 - 기타,승용,남,71세,상해없음,보행자,남,65세,경상
2023052700100328,2023년 5월 27일 15시,토요일,충청남도 아산시 풍기동,경상사고,0,0,1,0,차대차 - 추돌,안전운전불이행,젖음/습기,비,교차로 - 교차로부근,승용,남,51세,상해없음,승용,여,62세,경상
2023052700100329,2023년 5월 27일 15시,토요일,충청남도 천안시 동남구 신방동,경상사고,0,0,2,0,차대차 - 측면충돌,안전운전불이행,젖음/습기,비,교차로 - 교차로부근,승용,남,54세,기타불명,승용,남,30세,경상
2023052700100462,2023년 5월 27일 19시,토요일,충청남도 아산시 배방읍,경상사고,0,0,1,1,차대차 - 측면충돌,안전운전불이행,젖음/습기,비,교차로 - 교차로안,이륜,남,50세,상해없음,승용,여,51세,경상
2023052700100463,2023년 5월 27일 19시,토요일,충청남도 천안시 동남구 목천읍,중상사고,0,1,0,0,차대사람 - 기타,안전운전불이행,젖음/습기,비,단일로 - 기타,승용,여,41세,기타불명,보행자,여,65세,중상
2023052700100505,2023년 5월 27일 20시,토요일,충청남도 서산시 읍내동,경상사고,0,0,2,0,차대차 - 측면충돌,직진우회전진행방해,건조,맑음,교차로 - 교차로안,승용,남,34세,상해없음,승용,남,25세,경상
2023052700100506,2023년 5월 27일 20시,토요일,충청남도 아산시 온천동,경상사고,0,0,1,0,차대차 - 측면충돌,교차로운행방법위반,건조,맑음,교차로 - 교차로안,승용,여,33세,경상,승용,남,43세,상해없음
2023052700100549,2023년 5월 27일 21시,토요일,충청남도 공주시 금학동,경상사고,0,0,2,0,차대차 - 측면충돌,차로위반,건조,맑음,교차로 - 교차로안,화물,남,64세,상해없음,승용,남,69세,경상
2023052700100578,2023년 5월 27일 22시,토요일,충청남도 천안시 서북구 성환읍,부상신고사고,0,0,0,1,차량단독 - 공작물충돌,안전운전불이행,젖음/습기,비,단일로 - 기타,승합,남,37세,부상신고,,,,
2023052700100579,2023년 5월 27일 22시,토요일,충청남도 공주시 금성동,중상사고,0,1,0,0,차대사람 - 보도통행중,안전운전불이행,젖음/습기,흐림,단일로 - 기타,개인형이동수단(PM),남,23세,상해없음,보행자,남,60세,중상
2023052800100014,2023년 5월 28일 00시,일요일,충청남도 천안시 동남구 성황동,경상사고,0,0,2,0,차대차 - 기타,신호위반,젖음/습기,흐림,교차로 - 교차로안,승용,남,38세,경상,승용,남,28세,경상
2023052800100112,2023년 5월 28일 10시,일요일,충청남도 천안시 서북구 성정동,경상사고,0,0,1,0,차대차 - 기타,직진우회전진행방해,젖음/습기,비,교차로 - 교차로안,승용,남,44세,기타불명,이륜,남,29세,경상
2023052800100132,2023년 5월 28일 11시,일요일,충청남도 아산시 배방읍,경상사고,0,0,1,0,차대차 - 측면충돌,안전운전불이행,건조,맑음,기타 - 기타,승용,남,37세,상해없음,승용,여,48세,경상
2023052800100133,2023년 5월 28일 11시,일요일,충청남도 보령시 성주면,경상사고,0,0,3,0,차대차 - 측면충돌,안전거리미확보,젖음/습기,비,단일로 - 기타,승용,여,42세,상해없음,승용,남,56세,경상
2023052800100180,2023년 5월 28일 13시,일요일,충청남도 계룡시 엄사면,경상사고,0,0,4,0,차대차 - 정면충돌,안전운전불이행,젖음/습기,비,교차로 - 교차로부근,승용,남,77세,경상,승용,여,50세,경상
2023052800100181,2023년 5월 28일 13시,일요일,충청남도 부여군 부여읍,경상사고,0,0,2,0,차대차 - 측면충돌,안전운전불이행,젖음/습기,비,교차로 - 교차로부근,승용,남,60세,상해없음,승용,남,69세,경상
2023052800100217,2023년 5월 28일 14시,일요일,충청남도 태안군 태안읍,경상사고,0,0,1,0,차대차 - 측면충돌,안전운전불이행,젖음/습기,비,교차로 - 교차로안,승용,여,52세,상해없음,승용,여,20세,경상
2023052800100246,2023년 5월 28일 15시,일요일,충청남도 예산군 오가면,경상사고,0,0,4,0,차대차 - 측면충돌,안전거리미확보,젖음/습기,비,단일로 - 기타,승용,남,58세,상해없음,승용,남,68세,경상
2023052800100281,2023년 5월 28일 16시,일요일,충청남도 천안시 서북구 성성동,중상사고,0,1,2,0,차량단독 - 기타,안전운전불이행,젖음/습기,비,단일로 - 기타,승용,남,60세,경상,,,,
2023052800100282,2023년 5월 28일 16시,일요일,충청남도 천안시 서북구 성환읍,경상사고,0,0,4,0,차대차 - 측면충돌,안전거리미확보,젖음/습기,비,단일로 - 기타,승용,여,18세,상해없음,승용,남,40세,경상
2023052800100283,2023년 5월 28일 16시,일요일,충청남도 공주시 반포면,경상사고,0,0,1,0,차대차 - 기타,안전거리미확보,젖음/습기,비,단일로 - 기타,승용,남,20세,상해없음,승용,여,27세,경상
2023052800100300,2023년 5월 28일 17시,일요일,충청남도 아산시 모종동,경상사고,0,0,1,0,차대차 - 측면충돌,안전운전불이행,젖음/습기,비,교차로 - 교차로안,승용,남,49세,상해없음,승용,남,55세,경상
2023052800100376,2023년 5월 28일 20시,일요일,충청남도 청양군 청남면,중상사고,0,1,0,0,차대사람 - 기타,안전운전불이행,젖음/습기,비,교차로 - 교차로부근,화물,남,74세,상해없음,보행자,남,58세,중상
2023052800100416,2023년 5월 28일 21시,일요일,충청남도 천안시 서북구 성정동,경상사고,0,0,2,0,차대차 - 측면충돌,안전거리미확보,젖음/습기,비,단일로 - 기타,승용,여,28세,상해없음,승용,여,47세,경상