사고번호,사고일시,요일,시군구,사고내용,사망자수,중상자수,경상자수,부상신고자수,사고유형,법규위반,노면상태,기상상태,도로형태,가해운전자 차종,가해운전자 성별,가해운전자 연령,가해운전자 상해정도,피해운전자 차종,피해운전자 성별,피해운전자 연령,피해운전자 상해정도
2023052800100417,2023년 5월 28일 21시,일요일,충청남도 홍성군 광천읍,경상사고,0,0,1,0,차대사람 - 차도통행중,안전운전불이행,젖음/습기,비,교차로 - 교차로부근,승용,남,43세,상해없음,보행자,여,80세,경상
2023052800100440,2023년 5월 28일 22시,일요일,충청남도 당진시 송악읍,경상사고,0,0,2,0,차대차 - 측면충돌,안전거리미확보,젖음/습기,비,단일로 - 기타,승용,남,37세,상해없음,승용,남,44세,경상
2023052800100461,2023년 5월 28일 23시,일요일,충청남도 서산시 동문동,중상사고,0,1,2,0,차대차 - 측면충돌,신호위반,젖음/습기,비,교차로 - 교차로안,승용,남,23세,경상,승합,남,37세,중상
2023052900100009,2023년 5월 29일 00시,월요일,충청남도 천안시 서북구 두정동,경상사고,0,0,1,0,차대차 - 추돌,안전운전불이행,젖음/습기,비,교차로 - 교차로부근,승용,남,53세,상해없음,이륜,남,32세,경상
2023052900100010,2023년 5월 29일 00시,월요일,충청남도 천안시 서북구 성정동,경상사고,0,0,4,0,차대차 - 기타,안전거리미확보,젖음/습기,비,단일로 - 기타,승용,남,71세,상해없음,승용,남,21세,경상
2023052900100011,2023년 5월 29일 00시,월요일,충청남도 논산시 은진면,경상사고,0,0,1,0,차대사람 - 보도통행중,안전운전불이행,젖음/습기,비,교차로 - 교차로안,이륜,남,27세,상해없음,보행자,여,21세,경상
2023052900100071,2023년 5월 29일 08시,월요일,충청남도 천안시 서북구 두정동,중상사고,0,1,1,0,차대차 - 정면충돌,신호위반,젖음/습기,비,교차로 - 교차로안,승용,여,61세,상해없음,승용,남,54세,경상
2023052900100072,2023년 5월 29일 08시,월요일,충청남도 천안시 동남구 신방동,경상사고,0,0,1,0,차대사람 - 횡단중,보행자보호의무위반,젖음/습기,비,교차로 - 교차로부근,승용,남,43세,상해없음,보행자,남,48세,경상
2023052900100148,2023년 5월 29일 12시,월요일,충청남도 서산시 동문동,중상사고,0,1,0,0,차대사람 - 횡단중,보행자보호의무위반,건조,흐림,교차로 - 교차로횡단보도내,승용,남,80세,상해없음,보행자,여,85세,중상
2023052900100170,2023년 5월 29일 13시,월요일,충청남도 천안시 서북구 불당동,중상사고,0,1,0,0,차대차 - 측면충돌,중앙선침범,젖음/습기,비,단일로 - 기타,승용,남,24세,상해없음,이륜,남,23세,중상
2023052900100171,2023년 5월 29일 13시,월요일,충청남도 아산시 신창면,중상사고,0,1,0,0,차대사람 - 횡단중,중앙선침범,젖음/습기,맑음,단일로 - 기타,자전거,남,14세,상해없음,보행자,남,5세,중상
2023052900100172,2023년 5월 29일 13시,월요일,충청남도 부여군 부여읍,사망사고,1,0,0,0,차대사람 - 횡단중,신호위반,젖음/습기,비,교차로 - 교차로횡단보도내,승합,남,60세,상해없음,보행자,여,62세,사망
2023052900100206,2023년 5월 29일 14시,월요일,충청남도 부여군 세도면,사망사고,1,0,0,0,차대차 - 측면충돌,직진우회전진행방해,젖음/습기,비,교차로 - 교차로안,이륜,남,81세,사망,승용,남,80세,상해없음
2023052900100277,2023년 5월 29일 16시,월요일,충청남도 천안시 서북구 성환읍,부상신고사고,0,0,0,1,차대사람 - 기타,안전운전불이행,젖음/습기,흐림,단일로 - 기타,승합,남,54세,상해없음,보행자,남,60세,부상신고
2023052900100278,2023년 5월 29일 16시,월요일,충청남도 논산시 연무읍,경상사고,0,0,2,0,차대차 - 측면충돌,안전운전불이행,젖음/습기,비,단일로 - 기타,화물,남,67세,상해없음,승용,여,55세,경상
2023052900100358,2023년 5월 29일 18시,월요일,충청남도 공주시 중동,중상사고,0,1,0,0,차대사람 - 차도통행중,안전운전불이행,건조,맑음,단일로 - 기타,승용,남,58세,상해없음,보행자,남,41세,중상
2023052900100393,2023년 5월 29일 19시,월요일,충청남도 천안시 서북구 입장면,경상사고,0,0,1,1,차대차 - 정면충돌,안전운전불이행,건조,맑음,단일로 - 기타,원동기,남,62세,부상신고,승용,여,51세,경상
2023052900100413,2023년 5월 29일 20시,월요일,충청남도 서산시 운산면,중상사고,0,1,0,0,차대차 - 추돌,안전운전불이행,건조,맑음,단일로 - 기타,화물,남,43세,중상,농기계,남,71세,상해없음
2023052900100414,2023년 5월 29일 20시,월요일,충청남도 천안시 서북구 쌍용동,경상사고,0,0,2,0,차대차 - 측면충돌,안전운전불이행,건조,맑음,단일로 - 기타,이륜,남,54세,상해없음,승용,남,64세,경상
2023052900100453,2023년 5월 29일 22시,월요일,충청남도 천안시 서북구 두정동,경상사고,0,0,1,0,차대사람 - 차도통행중,안전운전불이행,건조,맑음,교차로 - 교차로안,승용,남,58세,기타불명,보행자,여,18세,경상
2023052900100454,2023년 5월 29일 22시,월요일,충청남도 아산시 탕정면,경상사고,0,0,1,0,차대사람 - 기타,기타,건조,맑음,기타 - 기타,이륜,남,33세,상해없음,보행자,남,38세,경상
2023053000100003,2023년 5월 30일 00시,화요일,충청남도 천안시 서북구 불당동,경상사고,0,0,1,0,차대차 - 정면충돌,신호위반,건조,맑음,단일로 - 기타,승용,남,50세,상해없음,승용,남,20세,경상
2023053000100014,2023년 5월 30일 02시,화요일,충청남도 당진시 송악읍,경상사고,0,0,1,0,차대차 - 추돌,안전운전불이행,젖음/습기,안개,단일로 - 기타,승용,남,33세,상해없음,승용,남,39세,경상
2023053000100019,2023년 5월 30일 03시,화요일,충청남도 천안시 서북구 두정동,경상사고,0,0,1,0,차대차 - 정면충돌,신호위반,건조,맑음,교차로 - 교차로안,승용,남,23세,상해없음,승용,남,83세,경상
2023053000100087,2023년 5월 30일 08시,화요일,충청남도 천안시 서북구 성정동,경상사고,0,0,1,0,차대차 - 측면충돌,안전운전불이행,건조,맑음,단일로 - 기타,승용,남,63세,상해없음,승용,여,53세,경상
2023053000100088,2023년 5월 30일 08시,화요일,충청남도 논산시 연산면,경상사고,0,0,1,0,차대차 - 측면충돌,신호위반,건조,맑음,교차로 - 교차로횡단보도내,승용,남,50세,상해없음,승용,남,27세,경상
2023053000100089,2023년 5월 30일 08시,화요일,충청남도 홍성군 홍성읍,경상사고,0,0,1,0,차대차 - 정면충돌,교차로운행방법위반,건조,맑음,교차로 - 교차로안,승용,여,27세,기타불명,승용,여,68세,경상
2023053000100090,2023년 5월 30일 08시,화요일,충청남도 홍성군 홍성읍,경상사고,0,0,2,0,차대차 - 정면충돌,안전운전불이행,건조,맑음,단일로 - 기타,승용,여,49세,기타불명,승용,남,49세,경상
2023053000100091,2023년 5월 30일 08시,화요일,충청남도 예산군 고덕면,경상사고,0,0,1,0,차대차 - 기타,안전운전불이행,건조,맑음,단일로 - 기타,승용,여,48세,상해없음,승용,남,34세,경상
2023053000100140,2023년 5월 30일 09시,화요일,충청남도 논산시 채운면,경상사고,0,0,2,0,차대차 - 기타,안전운전불이행,건조,맑음,단일로 - 기타,화물,남,57세,상해없음,승용,남,51세,경상
2023053000100206,2023년 5월 30일 11시,화요일,충청남도 홍성군 홍북읍,경상사고,0,0,1,0,차대차 - 정면충돌,안전운전불이행,건조,맑음,단일로 - 기타,승용,여,47세,상해없음,승용,남,25세,경상
2023053000100207,2023년 5월 30일 11시,화요일,충청남도 예산군 예산읍,중상사고,0,1,0,0,차대차 - 정면충돌,안전운전불이행,건조,맑음,교차로 - 교차로안,승용,남,70세,상해없음,이륜,남,70세,중상
2023053000100248,2023년 5월 30일 12시,화요일,충청남도 천안시 동남구 원성동,부상신고사고,0,0,0,1,차대차 - 측면충돌,안전거리미확보,건조,맑음,교차로 - 교차로부근,승용,여,60세,상해없음,화물,남,78세,상해없음
2023053000100280,2023년 5월 30일 13시,화요일,충청남도 아산시 배방읍,중상사고,0,1,0,0,차대차 - 추돌,안전운전불이행,건조,맑음,교차로 - 교차로부근,화물,남,44세,상해없음,이륜,남,42세,중상
2023053000100281,2023년 5월 30일 13시,화요일,충청남도 청양군 장평면,부상신고사고,0,0,0,1,차량단독 - 공작물충돌,안전운전불이행,건조,맑음,단일로 - 기타,화물,남,83세,부상신고,,,,
2023053000100354,2023년 5월 30일 15시,화요일,충청남도 천안시 서북구 쌍용동,경상사고,0,0,1,0,차대차 - 기타,안전거리미확보,건조,맑음,단일로 - 기타,승용,여,56세,상해없음,승합,남,45세,상해없음
2023053000100355,2023년 5월 30일 15시,화요일,충청남도 공주시 신관동,경상사고,0,0,1,0,차대차 - 측면충돌,신호위반,건조,맑음,교차로 - 교차로안,화물,남,53세,상해없음,승용,여,62세,경상
2023053000100392,2023년 5월 30일 16시,화요일,충청남도 서산시 해미면,경상사고,0,0,1,0,차대사람 - 기타,안전운전불이행,건조,맑음,단일로 - 기타,화물,남,52세,상해없음,보행자,여,74세,경상
2023053000100393,2023년 5월 30일 16시,화요일,충청남도 예산군 예산읍,부상신고사고,0,0,0,1,차량단독 - 전도전복 - 전도,안전운전불이행,건조,맑음,교차로 - 교차로부근,개인형이동수단(PM),남,58세,부상신고,,,,
2023053000100433,2023년 5월 30일 17시,화요일,충청남도 천안시 서북구 성환읍,경상사고,0,0,1,0,차대사람 - 횡단중,보행자보호의무위반,건조,맑음,교차로 - 교차로횡단보도내,승용,남,36세,상해없음,보행자,남,9세,경상
2023053000100434,2023년 5월 30일 17시,화요일,충청남도 부여군 부여읍,중상사고,0,1,0,0,차대차 - 기타,안전운전불이행,건조,맑음,교차로 - 교차로안,승용,남,74세,상해없음,이륜,남,30세,중상
2023053000100555,2023년 5월 30일 21시,화요일,충청남도 논산시 내동,중상사고,0,1,0,0,차대사람 - 횡단중,신호위반,건조,맑음,교차로 - 교차로횡단보도내,승용,남,50세,상해없음,보행자,남,81세,중상
2023053000100556,2023년 5월 30일 21시,화요일,충청남도 홍성군 홍북읍,부상신고사고,0,0,0,1,차대차 - 측면충돌,중앙선침범,건조,맑음,단일로 - 기타,승용,남,41세,상해없음,이륜,남,30세,부상신고
2023053000100557,2023년 5월 30일 21시,화요일,충청남도 아산시 배방읍,경상사고,0,0,1,0,차대차 - 추돌,안전운전불이행,건조,맑음,단일로 - 기타,승용,남,43세,상해없음,승용,여,50세,경상
2023053000100576,2023년 5월 30일 22시,화요일,충청남도 천안시 서북구 두정동,경상사고,0,0,1,0,차대차 - 측면충돌,안전운전불이행,건조,맑음,기타 - 기타,승용,여,42세,상해없음,승용,남,27세,경상
2023053100100012,2023년 5월 31일 01시,수요일,충청남도 홍성군 홍성읍,경상사고,0,0,1,0,차대차 - 측면충돌,중앙선침범,건조,맑음,교차로 - 교차로안,승용,남,22세,상해없음,승용,남,53세,경상
2023053100100016,2023년 5월 31일 02시,수요일,충청남도 천안시 서북구 쌍용동,부상신고사고,0,0,0,1,차대차 - 추돌,안전운전불이행,건조,맑음,교차로 - 교차로부근,승용,남,34세,상해없음,이륜,남,32세,부상신고
2023053100100027,2023년 5월 31일 05시,수요일,충청남도 아산시 배방읍,경상사고,0,0,1,0,차대차 - 추돌,신호위반,건조,맑음,교차로 - 교차로안,승용,남,68세,상해없음,승용,여,51세,경상
2023053100100126,2023년 5월 31일 09시,수요일,충청남도 당진시 순성면,사망사고,1,1,0,0,차대차 - 정면충돌,교차로운행방법위반,건조,맑음,교차로 - 교차로안,화물,남,75세,상해없음,이륜,남,78세,사망
2023053100100213,2023년 5월 31일 12시,수요일,충청남도 부여군 외산면,중상사고,0,1,0,0,차대사람 - 기타,안전운전불이행,건조,맑음,단일로 - 기타,승용,여,47세,상해없음,보행자,여,92세,중상
2023053100100246,2023년 5월 31일 13시,수요일,충청남도 천안시 동남구 신부동,경상사고,0,0,1,0,차대차 - 측면충돌,안전거리미확보,건조,맑음,단일로 - 기타,승용,남,79세,상해없음,승용,여,36세,경상
2023053100100287,2023년 5월 31일 14시,수요일,충청남도 아산시 온천동,경상사고,0,0,1,0,차대차 - 측면충돌,안전운전불이행,건조,맑음,교차로 - 교차로횡단보도내,개인형이동수단(PM),여,20세,경상,승용,남,62세,상해없음
2023053100100288,2023년 5월 31일 14시,수요일,충청남도 아산시 배방읍,중상사고,0,1,0,0,차대차 - 측면충돌,교차로운행방법위반,건조,맑음,교차로 - 교차로안,화물,남,40세,상해없음,원동기,남,19세,중상
2023053100100289,2023년 5월 31일 14시,수요일,충청남도 아산시 탕정면,중상사고,0,1,0,0,차대사람 - 횡단중,보행자보호의무위반,건조,맑음,교차로 - 교차로횡단보도내,승용,여,69세,상해없음,보행자,남,11세,중상
2023053100100327,2023년 5월 31일 15시,수요일,충청남도 공주시 신관동,중상사고,0,1,0,0,차대사람 - 보도통행중,기타,건조,맑음,기타 - 기타,승용,여,56세,상해없음,보행자,여,64세,중상
2023053100100369,2023년 5월 31일 16시,수요일,충청남도 아산시 온천동,중상사고,0,1,0,0,차대사람 - 보도통행중,기타,건조,맑음,교차로 - 교차로부근,승용,남,19세,상해없음,보행자,남,64세,중상
2023053100100370,2023년 5월 31일 16시,수요일,충청남도 태안군 근흥면,중상사고,0,1,1,0,차대차 - 측면충돌,교차로운행방법위반,건조,맑음,교차로 - 교차로안,승용,남,64세,경상,승용,남,66세,중상
2023053100100371,2023년 5월 31일 16시,수요일,충청남도 천안시 동남구 풍세면,경상사고,0,0,1,0,차대차 - 측면충돌,안전거리미확보,건조,맑음,단일로 - 기타,화물,남,22세,상해없음,특수,남,32세,경상
2023053100100460,2023년 5월 31일 18시,수요일,충청남도 아산시 실옥동,경상사고,0,0,1,0,차대차 - 측면충돌,교차로운행방법위반,건조,맑음,교차로 - 교차로안,승용,남,56세,상해없음,자전거,남,15세,경상
2023053100100461,2023년 5월 31일 18시,수요일,충청남도 보령시 대천동,중상사고,0,2,0,0,차대사람 - 횡단중,보행자보호의무위반,건조,맑음,교차로 - 교차로안,승용,남,27세,상해없음,보행자,여,71세,중상
2023053100100509,2023년 5월 31일 19시,수요일,충청남도 부여군 부여읍,중상사고,0,1,0,0,차대차 - 측면충돌,안전운전불이행,건조,맑음,교차로 - 교차로안,승용,여,63세,상해없음,자전거,남,83세,중상
2023053100100510,2023년 5월 31일 19시,수요일,충청남도 천안시 동남구 신부동,경상사고,0,0,1,0,차대차 - 측면충돌,안전운전불이행,건조,맑음,단일로 - 기타,자전거,남,40세,경상,화물,남,36세,상해없음
2023053100100526,2023년 5월 31일 20시,수요일,충청남도 천안시 서북구 쌍용동,경상사고,0,0,1,0,차대차 - 기타,안전운전불이행,건조,맑음,단일로 - 기타,승용,남,52세,상해없음,자전거,여,34세,경상
2023053100100556,2023년 5월 31일 21시,수요일,충청남도 공주시 의당면,경상사고,0,0,3,0,차대차 - 추돌,안전운전불이행,건조,흐림,단일로 - 기타,승용,남,52세,상해없음,화물,남,63세,상해없음
2023053100100577,2023년 5월 31일 22시,수요일,충청남도 공주시 신관동,경상사고,0,0,1,0,차대사람 - 차도통행중,안전운전불이행,건조,흐림,교차로 - 교차로부근,승용,여,41세,상해없음,보행자,여,35세,경상
2023060100100014,2023년 6월 1일 01시,목요일,충청남도 천안시 서북구 성정동,중상사고,0,1,0,0,차대차 - 후진중충돌,안전운전불이행,건조,흐림,단일로 - 기타,승용,남,27세,상해없음,이륜,남,47세,중상
2023060100100052,2023년 6월 1일 07시,목요일,충청남도 천안시 서북구 성환읍,경상사고,0,0,1,0,차대차 - 추돌,안전운전불이행,건조,맑음,단일로 - 기타,승용,남,51세,상해없음,승용,여,29세,경상
2023060100100086,2023년 6월 1일 08시,목요일,충청남도 천안시 서북구 성환읍,경상사고,0,0,3,0,차대차 - 측면충돌,신호위반,건조,맑음,교차로 - 교차로안,승용,여,30세,경상,승용,남,29세,경상
2023060100100136,2023년 6월 1일 10시,목요일,충청남도 아산시 둔포면,경상사고,0,0,1,0,차대차 - 측면충돌,안전거리미확보,건조,맑음,기타 - 기타,승용,여,66세,기타불명,화물,남,29세,경상
2023060100100137,2023년 6월 1일 10시,목요일,충청남도 천안시 동남구 봉명동,경상사고,0,0,1,0,차대차 - 측면충돌,차로위반,건조,맑음,단일로 - 기타,건설기계,남,47세,상해없음,승용,여,50세,경상
2023060100100158,2023년 6월 1일 11시,목요일,충청남도 천안시 서북구 불당동,경상사고,0,0,1,0,차대차 - 기타,안전운전불이행,건조,맑음,단일로 - 기타,승용,여,50세,기타불명,승용,여,26세,경상
2023060100100182,2023년 6월 1일 12시,목요일,충청남도 서산시 해미면,경상사고,0,0,1,0,차대차 - 후진중충돌,안전운전불이행,건조,맑음,단일로 - 기타,승용,남,63세,상해없음,승용,남,29세,경상
2023060100100183,2023년 6월 1일 12시,목요일,충청남도 계룡시 엄사면,경상사고,0,0,1,0,차대차 - 측면충돌,안전운전불이행,건조,맑음,주차장 - 주차장,승용,여,25세,상해없음,승용,여,40세,경상
2023060100100220,2023년 6월 1일 13시,목요일,충청남도 예산군 덕산면,중상사고,0,2,0,0,차량단독 - 공작물충돌,안전운전불이행,건조,맑음,단일로 - 기타,승용,남,79세,중상,,,,
2023060100100221,2023년 6월 1일 13시,목요일,충청남도 천안시 동남구 봉명동,중상사고,0,1,0,0,차대차 - 추돌,안전운전불이행,건조,맑음,단일로 - 기타,자전거,남,84세,중상,승용,여,55세,상해없음
2023060100100222,2023년 6월 1일 13시,목요일,충청남도 천안시 동남구 목천읍,경상사고,0,0,1,0,차대차 - 추돌,안전운전불이행,건조,맑음,교차로 - 교차로부근,승용,남,72세,상해없음,승용,남,72세,경상
2023060100100248,2023년 6월 1일 14시,목요일,충청남도 부여군 임천면,중상사고,0,2,0,0,차대차 - 기타,안전운전불이행,건조,맑음,단일로 - 기타,승용,남,68세,중상,승합,남,73세,중상
2023060100100281,2023년 6월 1일 15시,목요일,충청남도 아산시 둔포면,경상사고,0,0,3,0,차대차 - 추돌,안전운전불이행,건조,맑음,단일로 - 기타,특수,남,59세,기타불명,승용,남,59세,경상
2023060100100400,2023년 6월 1일 18시,목요일,충청남도 홍성군 홍북읍,중상사고,0,1,0,0,차량단독 - 공작물충돌,안전운전불이행,건조,맑음,단일로 - 기타,화물,남,47세,상해없음,,,,
2023060100100401,2023년 6월 1일 18시,목요일,충청남도 예산군 예산읍,경상사고,0,0,1,0,차대차 - 추돌,안전거리미확보,건조,맑음,단일로 - 기타,승용,남,25세,상해없음,승용,여,25세,경상
2023060100100402,2023년 6월 1일 18시,목요일,충청남도 예산군 예산읍,경상사고,0,0,1,0,차대사람 - 기타,안전운전불이행,건조,맑음,단일로 - 기타,승용,남,23세,상해없음,보행자,남,51세,경상
2023060100100447,2023년 6월 1일 20시,목요일,충청남도 당진시 채운동,경상사고,0,0,1,0,차대사람 - 차도통행중,안전운전불이행,건조,맑음,단일로 - 지하차도(도로)내,승합,남,45세,상해없음,보행자,남,15세,경상
2023060100100448,2023년 6월 1일 20시,목요일,충청남도 천안시 동남구 다가동,경상사고,0,0,1,0,차대차 - 측면충돌,안전운전불이행,건조,맑음,교차로 - 교차로횡단보도내,승용,남,51세,상해없음,자전거,남,44세,경상
2023060100100476,2023년 6월 1일 21시,목요일,충청남도 공주시 이인면,중상사고,0,1,0,0,차대차 - 기타,안전운전불이행,건조,맑음,단일로 - 기타,화물,남,59세,상해없음,화물,남,51세,중상
2023060100100502,2023년 6월 1일 22시,목요일,충청남도 서산시 성연면,경상사고,0,0,2,0,차대차 - 기타,기타,건조,맑음,단일로 - 기타,화물,남,66세,상해없음,승용,여,52세,경상
2023060200100009,2023년 6월 2일 00시,금요일,충청남도 천안시 동남구 목천읍,경상사고,0,0,3,0,차대차 - 추돌,안전운전불이행,건조,맑음,단일로 - 기타,승용,남,61세,상해없음,승용,여,54세,경상
2023060200100021,2023년 6월 2일 01시,금요일,충청남도 당진시 신평면,중상사고,0,1,4,0,차량단독 - 공작물충돌,안전운전불이행,건조,맑음,교차로 - 교차로안,승용,남,16세,경상,,,,
2023060200100046,2023년 6월 2일 06시,금요일,충청남도 서산시 예천동,경상사고,0,0,1,0,차대차 - 기타,신호위반,건조,맑음,교차로 - 교차로부근,승용,남,32세,상해없음,승합,남,54세,경상
2023060200100047,2023년 6월 2일 06시,금요일,충청남도 아산시 온천동,경상사고,0,0,2,0,차대차 - 측면충돌,신호위반,건조,맑음,교차로 - 교차로안,승용,여,29세,기타불명,승용,남,68세,경상
2023060200100102,2023년 6월 2일 08시,금요일,충청남도 천안시 서북구 백석동,중상사고,0,1,0,0,차대차 - 측면충돌,신호위반,건조,맑음,교차로 - 교차로안,승용,남,35세,상해없음,이륜,남,32세,중상
2023060200100103,2023년 6월 2일 08시,금요일,충청남도 아산시 염치읍,중상사고,0,1,0,0,차량단독 - 기타,기타,건조,맑음,기타 - 기타,승합,남,56세,상해없음,,,,
2023060200100104,2023년 6월 2일 08시,금요일,충청남도 공주시 신관동,중상사고,0,1,0,0,차대사람 - 보도통행중,안전운전불이행,건조,맑음,단일로 - 기타,개인형이동수단(PM),남,17세,상해없음,보행자,여,67세,중상
2023060200100105,2023년 6월 2일 08시,금요일,충청남도 부여군 구룡면,중상사고,0,1,0,0,차대차 - 정면충돌,중앙선침범,건조,맑음,단일로 - 기타,승용,여,50세,상해없음,승용,여,44세,중상
2023060200100133,2023년 6월 2일 09시,금요일,충청남도 보령시 동대동,중상사고,0,1,1,0,차대차 - 기타,안전운전불이행,건조,맑음,단일로 - 기타,승용,여,43세,경상,승용,남,35세,중상
2023060200100134,2023년 6월 2일 09시,금요일,충청남도 공주시 중동,경상사고,0,0,1,0,차대차 - 측면충돌,안전운전불이행,건조,맑음,교차로 - 교차로안,개인형이동수단(PM),여,19세,경상,승용,남,42세,상해없음
2023060200100135,2023년 6월 2일 09시,금요일,충청남도 천안시 동남구 삼룡동,경상사고,0,0,1,0,차대차 - 측면충돌,안전거리미확보,건조,맑음,단일로 - 기타,승합,남,49세,기타불명,건설기계,남,41세,경상
2023060200100198,2023년 6월 2일 11시,금요일,충청남도 예산군 예산읍,경상사고,0,0,1,0,차대차 - 추돌,안전거리미확보,건조,맑음,단일로 - 기타,화물,남,54세,상해없음,이륜,남,72세,경상
2023060200100231,2023년 6월 2일 12시,금요일,충청남도 서천군 서천읍,경상사고,0,0,1,0,차대사람 - 차도통행중,안전운전불이행,건조,맑음,교차로 - 교차로안,원동기,남,75세,상해없음,보행자,여,72세,경상
2023060200100232,2023년 6월 2일 12시,금요일,충청남도 천안시 동남구 목천읍,중상사고,0,1,0,0,차대차 - 측면충돌,안전운전불이행,건조,맑음,단일로 - 기타,승용,남,69세,상해없음,승용,남,41세,중상
2023060200100299,2023년 6월 2일 14시,금요일,충청남도 부여군 부여읍,경상사고,0,0,1,0,차대차 - 측면충돌,중앙선침범,건조,맑음,단일로 - 기타,승용,남,55세,상해없음,특수,남,42세,경상
2023060200100341,2023년 6월 2일 15시,금요일,충청남도 당진시 원당동,경상사고,0,0,1,0,차대차 - 추돌,안전운전불이행,건조,맑음,교차로 - 교차로안,승합,남,62세,상해없음,승용,여,56세,경상
2023060200100386,2023년 6월 2일 16시,금요일,충청남도 서산시 지곡면,경상사고,0,0,1,0,차대차 - 후진중충돌,안전운전불이행,건조,맑음,단일로 - 기타,화물,남,61세,상해없음,사륜오토바이(ATV),여,82세,경상
2023060200100387,2023년 6월 2일 16시,금요일,충청남도 천안시 서북구 성거읍,부상신고사고,0,0,0,1,차대차 - 측면충돌,안전운전불이행,건조,맑음,단일로 - 기타,화물,남,59세,상해없음,자전거,남,47세,부상신고
2023060200100388,2023년 6월 2일 16시,금요일,충청남도 천안시 서북구 두정동,부상신고사고,0,0,0,1,차대차 - 측면충돌,안전운전불이행,건조,맑음,교차로 - 교차로안,개인형이동수단(PM),남,26세,부상신고,승용,여,44세,상해없음
2023060200100389,2023년 6월 2일 16시,금요일,충청남도 천안시 서북구 두정동,경상사고,0,0,1,0,차대차 - 기타,안전거리미확보,건조,맑음,단일로 - 기타,승합,남,66세,상해없음,승합,남,38세,경상
2023060200100390,2023년 6월 2일 16시,금요일,충청남도 계룡시 금암동,경상사고,0,0,1,0,차대차 - 측면충돌,중앙선침범,건조,맑음,단일로 - 기타,승용,여,62세,상해없음,승용,남,62세,경상
2023060200100504,2023년 6월 2일 18시,금요일,충청남도 예산군 예산읍,경상사고,0,0,2,0,차대차 - 추돌,안전운전불이행,건조,맑음,단일로 - 기타,승용,여,21세,상해없음,승용,여,21세,경상
2023060200100547,2023년 6월 2일 19시,금요일,충청남도 천안시 서북구 쌍용동,경상사고,0,0,1,0,차대차 - 측면충돌,안전운전불이행,건조,맑음,단일로 - 기타,승용,여,56세,상해없음,승용,여,62세,경상
2023060200100548,2023년 6월 2일 19시,금요일,충청남도 예산군 오가면,경상사고,0,0,1,0,차대차 - 기타,차로위반,건조,맑음,단일로 - 기타,승용,남,73세,상해없음,승용,여,55세,경상
2023060200100584,2023년 6월 2일 20시,금요일,충청남도 아산시 온천동,경상사고,0,0,1,0,차대차 - 측면충돌,신호위반,건조,맑음,교차로 - 교차로안,승용,여,45세,상해없음,승용,남,58세,경상
2023060200100611,2023년 6월 2일 21시,금요일,충청남도 예산군 예산읍,경상사고,0,0,1,0,차대사람 - 차도통행중,안전운전불이행,건조,맑음,단일로 - 기타,승용,여,61세,상해없음,보행자,여,66세,경상
2023060200100612,2023년 6월 2일 21시,금요일,충청남도 청양군 장평면,경상사고,0,0,1,0,차대차 - 추돌,안전운전불이행,건조,맑음,기타 - 기타,승용,여,54세,경상,승합,남,69세,기타불명
2023060200100656,2023년 6월 2일 23시,금요일,충청남도 서산시 동문동,경상사고,0,0,1,0,차대차 - 측면충돌,신호위반,건조,맑음,교차로 - 교차로안,승용,여,61세,상해없음,이륜,남,25세,경상
2023060300100005,2023년 6월 3일 00시,토요일,충청남도 천안시 서북구 쌍용동,경상사고,0,0,1,0,차대차 - 추돌,안전운전불이행,건조,맑음,교차로 - 교차로부근,승용,남,31세,상해없음,승용,남,26세,경상
2023060300100010,2023년 6월 3일 01시,토요일,충청남도 천안시 서북구 두정동,경상사고,0,0,5,1,차대차 - 측면충돌,불법유턴,건조,맑음,기타 - 기타,승용,남,27세,경상,승용,남,19세,경상
2023060300100056,2023년 6월 3일 06시,토요일,충청남도 태안군 안면읍,중상사고,0,1,0,0,차대차 - 정면충돌,안전운전불이행,건조,맑음,단일로 - 기타,승용,여,61세,상해없음,이륜,남,75세,중상
2023060300100080,2023년 6월 3일 08시,토요일,충청남도 부여군 부여읍,중상사고,0,1,1,0,차대사람 - 횡단중,보행자보호의무위반,건조,맑음,단일로 - 기타,이륜,여,54세,경상,보행자,여,74세,중상
2023060300100165,2023년 6월 3일 11시,토요일,충청남도 천안시 서북구 업성동,경상사고,0,0,1,0,차대차 - 측면충돌,안전거리미확보,건조,맑음,교차로 - 교차로안,승용,남,72세,상해없음,승용,남,23세,경상
2023060300100166,2023년 6월 3일 11시,토요일,충청남도 천안시 서북구 두정동,경상사고,0,0,1,0,차대차 - 측면충돌,안전거리미확보,건조,맑음,단일로 - 기타,승용,여,59세,상해없음,승합,남,36세,경상
2023060300100167,2023년 6월 3일 11시,토요일,충청남도 논산시 은진면,중상사고,0,1,3,0,차대차 - 측면충돌,직진우회전진행방해,건조,맑음,교차로 - 교차로안,승용,여,72세,중상,승용,남,37세,경상
2023060300100218,2023년 6월 3일 12시,토요일,충청남도 서산시 오남동,경상사고,0,0,3,0,차대차 - 측면충돌,안전운전불이행,건조,맑음,단일로 - 기타,화물,남,65세,경상,승용,남,64세,경상
2023060300100219,2023년 6월 3일 12시,토요일,충청남도 서산시 음암면,경상사고,0,0,4,0,차대차 - 측면충돌,안전운전불이행,건조,맑음,교차로 - 교차로부근,화물,남,51세,상해없음,승용,남,28세,경상