사고번호,사고일시,요일,시군구,사고내용,사망자수,중상자수,경상자수,부상신고자수,사고유형,법규위반,노면상태,기상상태,도로형태,가해운전자 차종,가해운전자 성별,가해운전자 연령,가해운전자 상해정도,피해운전자 차종,피해운전자 성별,피해운전자 연령,피해운전자 상해정도
2023060300100220,2023년 6월 3일 12시,토요일,충청남도 서천군 서면,경상사고,0,0,2,0,차대차 - 추돌,안전운전불이행,건조,맑음,주차장 - 주차장,승용,남,70세,상해없음,승용,여,54세,경상
2023060300100256,2023년 6월 3일 13시,토요일,충청남도 천안시 동남구 구성동,경상사고,0,0,1,0,차대차 - 후진중충돌,안전운전불이행,건조,맑음,교차로 - 교차로부근,승용,남,55세,상해없음,승용,남,69세,경상
2023060300100257,2023년 6월 3일 13시,토요일,충청남도 태안군 근흥면,경상사고,0,0,2,0,차대차 - 후진중충돌,안전운전불이행,건조,맑음,단일로 - 기타,승용,남,69세,상해없음,화물,남,54세,경상
2023060300100289,2023년 6월 3일 14시,토요일,충청남도 아산시 탕정면,경상사고,0,0,1,0,차대차 - 측면충돌,안전운전불이행,건조,맑음,교차로 - 교차로안,승합,남,57세,상해없음,승용,여,31세,경상
2023060300100333,2023년 6월 3일 15시,토요일,충청남도 서산시 동문동,경상사고,0,0,1,0,차대차 - 측면충돌,안전운전불이행,건조,맑음,단일로 - 기타,승용,남,58세,상해없음,원동기,남,41세,경상
2023060300100334,2023년 6월 3일 15시,토요일,충청남도 홍성군 구항면,경상사고,0,0,3,0,차대차 - 정면충돌,안전운전불이행,건조,맑음,교차로 - 교차로안,승용,남,77세,경상,승용,여,62세,경상
2023060300100335,2023년 6월 3일 15시,토요일,충청남도 천안시 동남구 구성동,부상신고사고,0,0,0,1,차대차 - 후진중충돌,안전운전불이행,건조,맑음,단일로 - 기타,승용,여,64세,상해없음,승용,남,38세,부상신고
2023060300100398,2023년 6월 3일 17시,토요일,충청남도 예산군 예산읍,경상사고,0,0,2,0,차대차 - 추돌,안전운전불이행,건조,맑음,교차로 - 교차로부근,승용,여,22세,상해없음,화물,남,58세,경상
2023060300100399,2023년 6월 3일 17시,토요일,충청남도 천안시 동남구 신부동,경상사고,0,0,2,0,차대차 - 측면충돌,안전운전불이행,건조,맑음,단일로 - 고가도로위,이륜,남,32세,상해없음,승용,남,38세,경상
2023060300100440,2023년 6월 3일 18시,토요일,충청남도 천안시 서북구 성성동,경상사고,0,0,1,0,차대차 - 기타,신호위반,건조,맑음,교차로 - 교차로안,승용,여,32세,상해없음,승용,남,65세,상해없음
2023060300100441,2023년 6월 3일 18시,토요일,충청남도 천안시 서북구 성환읍,중상사고,0,2,1,0,차대차 - 측면충돌,신호위반,건조,맑음,교차로 - 교차로안,승용,남,30세,상해없음,승용,남,50세,경상
2023060300100442,2023년 6월 3일 18시,토요일,충청남도 논산시 취암동,경상사고,0,0,1,1,차대차 - 추돌,안전운전불이행,건조,맑음,교차로 - 교차로부근,승용,남,55세,상해없음,승용,여,43세,경상
2023060300100443,2023년 6월 3일 18시,토요일,충청남도 보령시 천북면,중상사고,0,1,2,0,차대차 - 측면충돌,중앙선침범,건조,맑음,교차로 - 교차로부근,승용,남,33세,상해없음,승용,남,34세,경상
2023060300100473,2023년 6월 3일 19시,토요일,충청남도 천안시 서북구 성거읍,경상사고,0,0,3,0,차대차 - 측면충돌,안전운전불이행,건조,맑음,단일로 - 기타,이륜,남,33세,경상,승용,여,46세,경상
2023060300100474,2023년 6월 3일 19시,토요일,충청남도 천안시 동남구 청당동,경상사고,0,0,1,0,차대차 - 기타,직진우회전진행방해,건조,맑음,교차로 - 교차로안,승용,남,24세,기타불명,자전거,남,79세,경상
2023060300100498,2023년 6월 3일 20시,토요일,충청남도 천안시 서북구 쌍용동,경상사고,0,0,3,0,차대차 - 추돌,안전운전불이행,건조,맑음,단일로 - 기타,승용,남,56세,상해없음,승용,남,66세,경상
2023060300100499,2023년 6월 3일 20시,토요일,충청남도 금산군 금산읍,경상사고,0,0,1,0,차대사람 - 횡단중,안전운전불이행,건조,맑음,교차로 - 교차로안,승용,남,20세,상해없음,보행자,여,61세,경상
2023060300100547,2023년 6월 3일 22시,토요일,충청남도 천안시 서북구 성성동,경상사고,0,0,2,0,차대차 - 측면충돌,안전운전불이행,건조,맑음,교차로 - 교차로부근,승용,남,39세,상해없음,승용,남,66세,경상
2023060400100036,2023년 6월 4일 04시,일요일,충청남도 아산시 배방읍,사망사고,1,0,0,0,차량단독 - 전도전복 - 전도,안전운전불이행,건조,맑음,단일로 - 기타,이륜,남,21세,사망,,,,
2023060400100057,2023년 6월 4일 07시,일요일,충청남도 천안시 동남구 구성동,사망사고,1,0,2,0,차대차 - 기타,안전운전불이행,건조,맑음,단일로 - 기타,승용,여,78세,사망,화물,남,66세,경상
2023060400100058,2023년 6월 4일 07시,일요일,충청남도 부여군 규암면,경상사고,0,0,1,0,차대차 - 추돌,안전운전불이행,건조,맑음,기타 - 기타,승용,여,40세,상해없음,승용,남,42세,경상
2023060400100070,2023년 6월 4일 08시,일요일,충청남도 천안시 서북구 쌍용동,경상사고,0,0,1,0,차대사람 - 기타,안전운전불이행,건조,맑음,기타 - 기타,승용,여,56세,상해없음,보행자,남,43세,경상
2023060400100089,2023년 6월 4일 09시,일요일,충청남도 천안시 동남구 광덕면,중상사고,0,1,0,0,차대차 - 측면충돌,안전운전불이행,건조,맑음,단일로 - 기타,사륜오토바이(ATV),여,72세,중상,승용,여,47세,상해없음
2023060400100090,2023년 6월 4일 09시,일요일,충청남도 천안시 동남구 구성동,중상사고,0,2,0,0,차대차 - 추돌,안전운전불이행,건조,맑음,단일로 - 기타,승용,남,26세,상해없음,승용,남,31세,중상
2023060400100116,2023년 6월 4일 10시,일요일,충청남도 서산시 잠홍동,경상사고,0,0,4,0,차대차 - 추돌,안전운전불이행,건조,맑음,단일로 - 기타,화물,남,56세,상해없음,승용,남,44세,경상
2023060400100117,2023년 6월 4일 10시,일요일,충청남도 홍성군 갈산면,중상사고,0,2,2,0,차대차 - 정면충돌,안전거리미확보,건조,맑음,교차로 - 교차로부근,승용,여,63세,상해없음,이륜,남,29세,상해없음
2023060400100118,2023년 6월 4일 10시,일요일,충청남도 청양군 남양면,경상사고,0,0,2,0,차대차 - 측면충돌,기타,건조,맑음,교차로 - 교차로안,승용,여,26세,경상,승용,남,45세,경상
2023060400100138,2023년 6월 4일 11시,일요일,충청남도 당진시 송악읍,경상사고,0,0,3,0,차대차 - 정면충돌,신호위반,건조,흐림,교차로 - 교차로부근,승용,여,41세,상해없음,승용,남,44세,경상
2023060400100164,2023년 6월 4일 12시,일요일,충청남도 공주시 반포면,경상사고,0,0,1,0,차대차 - 측면충돌,안전운전불이행,건조,맑음,교차로 - 교차로안,승용,남,63세,기타불명,이륜,남,69세,경상
2023060400100201,2023년 6월 4일 13시,일요일,충청남도 아산시 염치읍,중상사고,0,1,2,0,차대차 - 추돌,안전운전불이행,건조,맑음,단일로 - 기타,승용,남,54세,상해없음,이륜,남,41세,중상
2023060400100239,2023년 6월 4일 14시,일요일,충청남도 당진시 합덕읍,경상사고,0,0,1,0,차대차 - 정면충돌,안전운전불이행,건조,맑음,교차로 - 교차로안,승용,여,71세,상해없음,승용,남,80세,경상
2023060400100240,2023년 6월 4일 14시,일요일,충청남도 태안군 안면읍,경상사고,0,0,2,0,차대차 - 측면충돌,안전운전불이행,건조,맑음,교차로 - 교차로안,승용,여,64세,상해없음,승용,여,25세,경상
2023060400100272,2023년 6월 4일 15시,일요일,충청남도 아산시 인주면,중상사고,0,1,0,0,차대차 - 측면충돌,안전운전불이행,건조,맑음,단일로 - 기타,승용,여,55세,상해없음,이륜,남,38세,중상
2023060400100273,2023년 6월 4일 15시,일요일,충청남도 예산군 예산읍,경상사고,0,0,2,0,차대차 - 추돌,안전운전불이행,건조,맑음,단일로 - 기타,승용,여,51세,상해없음,승합,남,59세,경상
2023060400100274,2023년 6월 4일 15시,일요일,충청남도 천안시 동남구 대흥동,경상사고,0,0,1,0,차대차 - 추돌,불법유턴,건조,맑음,단일로 - 기타,승용,남,39세,상해없음,승용,남,26세,경상
2023060400100275,2023년 6월 4일 15시,일요일,충청남도 당진시 순성면,경상사고,0,0,1,0,차대차 - 추돌,안전운전불이행,건조,맑음,단일로 - 기타,승용,남,49세,상해없음,승용,남,53세,경상
2023060400100307,2023년 6월 4일 16시,일요일,충청남도 천안시 동남구 청당동,중상사고,0,1,0,0,차대차 - 추돌,안전운전불이행,건조,맑음,단일로 - 기타,이륜,남,25세,중상,건설기계,남,52세,상해없음
2023060400100349,2023년 6월 4일 17시,일요일,충청남도 천안시 서북구 성환읍,경상사고,0,0,1,0,차대사람 - 횡단중,안전운전불이행,건조,맑음,단일로 - 기타,개인형이동수단(PM),남,39세,상해없음,보행자,여,69세,경상
2023060400100350,2023년 6월 4일 17시,일요일,충청남도 천안시 서북구 두정동,부상신고사고,0,0,0,1,차량단독 - 기타,안전운전불이행,건조,맑음,기타 - 기타,승용,남,51세,상해없음,,,,
2023060400100351,2023년 6월 4일 17시,일요일,충청남도 아산시 배방읍,경상사고,0,0,1,0,차대차 - 측면충돌,안전운전불이행,건조,맑음,교차로 - 교차로안,승용,남,35세,상해없음,승용,남,26세,경상
2023060400100352,2023년 6월 4일 17시,일요일,충청남도 청양군 운곡면,경상사고,0,0,2,0,차대차 - 정면충돌,안전운전불이행,건조,맑음,교차로 - 교차로안,화물,남,26세,상해없음,승용,남,63세,경상
2023060400100442,2023년 6월 4일 21시,일요일,충청남도 당진시 송악읍,경상사고,0,0,2,0,차대차 - 측면충돌,안전운전불이행,건조,맑음,단일로 - 기타,승용,남,71세,상해없음,승용,여,27세,경상
2023060400100470,2023년 6월 4일 23시,일요일,충청남도 공주시 정안면,경상사고,0,0,2,0,차대차 - 추돌,안전운전불이행,건조,맑음,단일로 - 기타,승용,남,20세,상해없음,승용,여,50세,경상
2023060500100182,2023년 6월 5일 11시,월요일,충청남도 홍성군 홍성읍,경상사고,0,0,1,0,차대사람 - 횡단중,보행자보호의무위반,건조,맑음,교차로 - 교차로횡단보도내,승용,남,60세,상해없음,보행자,남,76세,경상
2023060500100217,2023년 6월 5일 12시,월요일,충청남도 천안시 서북구 불당동,경상사고,0,0,3,0,차대차 - 기타,중앙선침범,건조,맑음,단일로 - 기타,승용,여,42세,경상,이륜,남,16세,경상
2023060500100218,2023년 6월 5일 12시,월요일,충청남도 아산시 음봉면,경상사고,0,0,2,0,차대차 - 측면충돌,안전운전불이행,건조,맑음,교차로 - 교차로안,승용,남,61세,상해없음,승용,남,58세,경상
2023060500100253,2023년 6월 5일 13시,월요일,충청남도 논산시 양촌면,중상사고,0,5,1,0,차대차 - 정면충돌,중앙선침범,건조,맑음,단일로 - 교량,화물,남,67세,중상,승용,남,75세,중상
2023060500100254,2023년 6월 5일 13시,월요일,충청남도 금산군 진산면,중상사고,0,1,0,0,차량단독 - 도로외이탈 - 추락,안전운전불이행,건조,흐림,단일로 - 기타,승용,남,71세,중상,,,,
2023060500100255,2023년 6월 5일 13시,월요일,충청남도 천안시 동남구 신방동,경상사고,0,0,1,0,차대차 - 측면충돌,불법유턴,건조,맑음,단일로 - 기타,승용,남,64세,상해없음,승용,남,26세,경상
2023060500100290,2023년 6월 5일 14시,월요일,충청남도 천안시 서북구 불당동,경상사고,0,0,1,0,차대차 - 측면충돌,안전거리미확보,건조,맑음,단일로 - 기타,화물,남,62세,상해없음,승용,여,50세,경상
2023060500100291,2023년 6월 5일 14시,월요일,충청남도 천안시 서북구 백석동,경상사고,0,0,1,0,차대차 - 측면충돌,안전거리미확보,건조,맑음,단일로 - 기타,승용,여,67세,상해없음,승용,남,67세,경상
2023060500100292,2023년 6월 5일 14시,월요일,충청남도 당진시 합덕읍,중상사고,0,1,0,0,차대사람 - 차도통행중,보행자보호의무위반,건조,맑음,교차로 - 교차로안,화물,남,63세,상해없음,보행자,남,81세,중상
2023060500100333,2023년 6월 5일 15시,월요일,충청남도 천안시 서북구 입장면,경상사고,0,0,2,0,차대차 - 추돌,안전거리미확보,건조,맑음,기타 - 기타,화물,남,56세,상해없음,승용,남,54세,경상
2023060500100334,2023년 6월 5일 15시,월요일,충청남도 홍성군 홍성읍,중상사고,0,1,0,0,차대사람 - 횡단중,안전운전불이행,건조,맑음,기타 - 기타,승용,여,45세,상해없음,보행자,남,6세,중상
2023060500100335,2023년 6월 5일 15시,월요일,충청남도 아산시 배방읍,경상사고,0,0,1,0,차대차 - 기타,기타,건조,맑음,단일로 - 기타,화물,남,48세,상해없음,승용,남,30세,경상
2023060500100379,2023년 6월 5일 16시,월요일,충청남도 부여군 부여읍,중상사고,0,1,0,0,차대차 - 측면충돌,안전운전불이행,건조,맑음,단일로 - 기타,화물,남,62세,상해없음,원동기,남,91세,중상
2023060500100418,2023년 6월 5일 17시,월요일,충청남도 천안시 서북구 불당동,경상사고,0,0,1,0,차대차 - 기타,안전운전불이행,건조,맑음,교차로 - 교차로부근,승용,여,36세,상해없음,승용,여,39세,경상
2023060500100419,2023년 6월 5일 17시,월요일,충청남도 홍성군 홍성읍,경상사고,0,0,1,0,차대사람 - 기타,안전운전불이행,건조,맑음,기타 - 기타,승합,남,62세,상해없음,보행자,여,81세,경상
2023060500100535,2023년 6월 5일 20시,월요일,충청남도 천안시 서북구 성거읍,경상사고,0,0,5,0,차대차 - 추돌,안전운전불이행,건조,맑음,기타 - 기타,승용,여,23세,기타불명,승용,남,56세,경상
2023060500100600,2023년 6월 5일 22시,월요일,충청남도 공주시 월송동,경상사고,0,0,1,0,차대차 - 추돌,안전운전불이행,건조,맑음,단일로 - 기타,승용,남,36세,경상,승합,기타불명,미분류,기타불명
2023060500100601,2023년 6월 5일 22시,월요일,충청남도 공주시 정안면,사망사고,1,0,0,0,차대사람 - 차도통행중,기타,건조,맑음,단일로 - 기타,승용,남,29세,상해없음,보행자,남,51세,사망
2023060500100627,2023년 6월 5일 23시,월요일,충청남도 보령시 신흑동,경상사고,0,0,5,0,차대차 - 측면충돌,신호위반,건조,맑음,교차로 - 교차로안,승용,남,19세,상해없음,승용,남,60세,경상
2023060600100015,2023년 6월 6일 01시,화요일,충청남도 천안시 서북구 성정동,경상사고,0,0,1,0,차대차 - 측면충돌,안전운전불이행,건조,맑음,기타 - 기타,승용,남,29세,상해없음,승용,여,62세,경상
2023060600100030,2023년 6월 6일 03시,화요일,충청남도 천안시 서북구 두정동,부상신고사고,0,0,0,1,차량단독 - 공작물충돌,안전운전불이행,건조,맑음,단일로 - 기타,개인형이동수단(PM),남,43세,부상신고,,,,
2023060600100052,2023년 6월 6일 06시,화요일,충청남도 천안시 서북구 성환읍,경상사고,0,0,1,2,차대차 - 추돌,안전운전불이행,건조,맑음,교차로 - 교차로부근,승용,남,31세,경상,승합,남,62세,부상신고
2023060600100091,2023년 6월 6일 09시,화요일,충청남도 천안시 서북구 쌍용동,경상사고,0,0,1,0,차대사람 - 횡단중,안전운전불이행,건조,맑음,교차로 - 교차로안,승용,남,56세,상해없음,보행자,여,81세,경상
2023060600100092,2023년 6월 6일 09시,화요일,충청남도 금산군 추부면,중상사고,0,1,0,0,차대차 - 측면충돌,직진우회전진행방해,건조,맑음,교차로 - 교차로안,화물,남,60세,상해없음,이륜,남,54세,중상
2023060600100093,2023년 6월 6일 09시,화요일,충청남도 태안군 안면읍,중상사고,0,1,0,0,차대차 - 추돌,안전거리미확보,건조,맑음,단일로 - 기타,승용,남,76세,상해없음,승용,남,74세,중상
2023060600100114,2023년 6월 6일 10시,화요일,충청남도 보령시 대천동,중상사고,0,1,0,0,차대사람 - 기타,안전운전불이행,건조,맑음,기타 - 기타,원동기,남,45세,상해없음,보행자,여,73세,중상
2023060600100270,2023년 6월 6일 15시,화요일,충청남도 서산시 대산읍,경상사고,0,0,1,0,차대차 - 측면충돌,기타,건조,맑음,교차로 - 교차로안,이륜,남,55세,경상,승용,남,49세,상해없음
2023060600100303,2023년 6월 6일 16시,화요일,충청남도 천안시 동남구 영성동,경상사고,0,0,1,0,차대사람 - 기타,안전운전불이행,건조,맑음,단일로 - 기타,승합,남,41세,상해없음,보행자,남,68세,경상
2023060600100339,2023년 6월 6일 17시,화요일,충청남도 서산시 수석동,경상사고,0,0,3,0,차대차 - 추돌,안전운전불이행,건조,맑음,단일로 - 기타,화물,남,53세,상해없음,승용,여,64세,경상
2023060600100340,2023년 6월 6일 17시,화요일,충청남도 홍성군 홍성읍,경상사고,0,0,1,0,차대차 - 측면충돌,안전운전불이행,건조,맑음,교차로 - 교차로안,승용,여,41세,상해없음,화물,남,36세,경상
2023060600100341,2023년 6월 6일 17시,화요일,충청남도 아산시 초사동,경상사고,0,0,1,0,차대차 - 기타,안전운전불이행,건조,맑음,교차로 - 교차로안,화물,남,44세,상해없음,이륜,남,52세,경상
2023060600100380,2023년 6월 6일 18시,화요일,충청남도 아산시 둔포면,경상사고,0,0,2,0,차대차 - 기타,안전운전불이행,건조,맑음,교차로 - 교차로안,승용,남,43세,상해없음,승용,여,34세,경상
2023060600100381,2023년 6월 6일 18시,화요일,충청남도 공주시 정안면,경상사고,0,0,7,0,차대차 - 측면충돌,안전거리미확보,건조,맑음,교차로 - 교차로부근,승용,남,44세,상해없음,승합,남,67세,경상
2023060600100382,2023년 6월 6일 18시,화요일,충청남도 예산군 오가면,경상사고,0,0,2,0,차대차 - 측면충돌,기타,건조,맑음,단일로 - 교량,승용,남,55세,상해없음,승용,남,41세,경상
2023060600100412,2023년 6월 6일 19시,화요일,충청남도 당진시 신평면,경상사고,0,0,1,0,차대차 - 측면충돌,안전운전불이행,건조,맑음,교차로 - 교차로안,승용,남,45세,상해없음,승용,여,42세,경상
2023060600100431,2023년 6월 6일 20시,화요일,충청남도 천안시 서북구 쌍용동,부상신고사고,0,0,0,1,차대사람 - 횡단중,안전운전불이행,건조,맑음,교차로 - 교차로안,개인형이동수단(PM),남,22세,부상신고,보행자,여,33세,상해없음
2023060700100008,2023년 6월 7일 00시,수요일,충청남도 태안군 안면읍,중상사고,0,1,0,0,차대차 - 추돌,안전운전불이행,건조,맑음,단일로 - 기타,승용,남,31세,상해없음,화물,남,73세,중상
2023060700100027,2023년 6월 7일 05시,수요일,충청남도 천안시 동남구 신방동,경상사고,0,0,1,0,차대차 - 추돌,안전운전불이행,건조,맑음,단일로 - 기타,승용,남,43세,상해없음,승합,남,58세,경상
2023060700100032,2023년 6월 7일 06시,수요일,충청남도 천안시 서북구 성성동,경상사고,0,0,1,0,차대차 - 측면충돌,안전거리미확보,건조,맑음,단일로 - 기타,승용,남,33세,상해없음,승용,남,37세,경상
2023060700100052,2023년 6월 7일 07시,수요일,충청남도 천안시 동남구 영성동,중상사고,0,1,0,0,차대사람 - 횡단중,보행자보호의무위반,건조,맑음,교차로 - 교차로횡단보도내,승용,남,24세,상해없음,보행자,여,61세,중상
2023060700100053,2023년 6월 7일 07시,수요일,충청남도 천안시 동남구 원성동,경상사고,0,0,1,0,차대차 - 측면충돌,안전운전불이행,건조,맑음,교차로 - 교차로부근,승용,여,46세,상해없음,승용,남,49세,경상
2023060700100086,2023년 6월 7일 08시,수요일,충청남도 아산시 신창면,경상사고,0,0,1,0,차대차 - 기타,안전운전불이행,건조,맑음,교차로 - 교차로안,승용,여,47세,상해없음,승용,여,26세,경상
2023060700100087,2023년 6월 7일 08시,수요일,충청남도 공주시 유구읍,경상사고,0,0,1,0,차대차 - 정면충돌,중앙선침범,건조,맑음,단일로 - 기타,승용,남,32세,상해없음,화물,남,57세,경상
2023060700100088,2023년 6월 7일 08시,수요일,충청남도 홍성군 갈산면,경상사고,0,0,1,0,차대차 - 추돌,안전운전불이행,건조,맑음,단일로 - 기타,건설기계,남,63세,상해없음,건설기계,남,47세,경상
2023060700100133,2023년 6월 7일 09시,수요일,충청남도 부여군 부여읍,중상사고,0,2,0,0,차대차 - 추돌,안전운전불이행,건조,맑음,단일로 - 기타,승용,남,52세,상해없음,화물,남,61세,중상
2023060700100134,2023년 6월 7일 09시,수요일,충청남도 태안군 태안읍,경상사고,0,0,1,0,차대차 - 측면충돌,안전운전불이행,건조,흐림,교차로 - 교차로부근,승용,여,66세,상해없음,승합,남,53세,경상
2023060700100304,2023년 6월 7일 14시,수요일,충청남도 금산군 군북면,중상사고,0,1,0,0,차대사람 - 기타,안전운전불이행,건조,맑음,단일로 - 기타,건설기계,남,58세,상해없음,보행자,남,63세,중상
2023060700100341,2023년 6월 7일 15시,수요일,충청남도 천안시 서북구 불당동,부상신고사고,0,0,0,1,차대차 - 측면충돌,안전운전불이행,건조,맑음,단일로 - 기타,승합,여,45세,상해없음,이륜,남,38세,부상신고
2023060700100342,2023년 6월 7일 15시,수요일,충청남도 천안시 서북구 쌍용동,경상사고,0,0,1,0,차대차 - 측면충돌,안전거리미확보,건조,맑음,교차로 - 교차로안,승용,남,84세,상해없음,승용,남,42세,경상
2023060700100389,2023년 6월 7일 16시,수요일,충청남도 천안시 동남구 신부동,경상사고,0,0,1,0,차대차 - 측면충돌,안전운전불이행,건조,맑음,단일로 - 지하차도(도로)내,화물,남,55세,상해없음,승용,남,50세,경상
2023060700100434,2023년 6월 7일 17시,수요일,충청남도 아산시 풍기동,경상사고,0,0,1,0,차대차 - 추돌,안전운전불이행,건조,맑음,교차로 - 교차로부근,화물,남,68세,상해없음,승용,여,40세,경상
2023060700100471,2023년 6월 7일 18시,수요일,충청남도 천안시 서북구 백석동,경상사고,0,0,1,0,차대차 - 추돌,안전거리미확보,건조,맑음,단일로 - 기타,승용,여,65세,상해없음,승용,남,32세,경상
2023060700100472,2023년 6월 7일 18시,수요일,충청남도 논산시 화지동,부상신고사고,0,0,0,1,차대사람 - 횡단중,교차로운행방법위반,건조,맑음,교차로 - 교차로안,이륜,남,46세,상해없음,보행자,여,5세,부상신고
2023060700100512,2023년 6월 7일 19시,수요일,충청남도 논산시 강산동,경상사고,0,0,1,0,차대차 - 측면충돌,안전운전불이행,건조,맑음,단일로 - 기타,승용,남,46세,상해없음,승용,남,48세,경상
2023060700100513,2023년 6월 7일 19시,수요일,충청남도 공주시 옥룡동,경상사고,0,0,1,0,차대차 - 후진중충돌,안전운전불이행,건조,맑음,단일로 - 기타,승용,남,28세,상해없음,이륜,남,39세,경상
2023060700100514,2023년 6월 7일 19시,수요일,충청남도 천안시 동남구 구성동,경상사고,0,0,1,0,차대차 - 정면충돌,교차로운행방법위반,건조,맑음,교차로 - 교차로안,화물,남,43세,기타불명,승용,남,27세,경상
2023060700100540,2023년 6월 7일 20시,수요일,충청남도 천안시 서북구 성정동,중상사고,0,1,0,0,차대사람 - 횡단중,안전운전불이행,건조,맑음,단일로 - 기타,승용,여,27세,상해없음,보행자,남,38세,중상
2023060700100565,2023년 6월 7일 21시,수요일,충청남도 천안시 서북구 불당동,부상신고사고,0,0,0,2,차대차 - 정면충돌,안전운전불이행,건조,맑음,기타 - 기타,개인형이동수단(PM),남,21세,부상신고,자전거,남,42세,부상신고
2023060700100566,2023년 6월 7일 21시,수요일,충청남도 공주시 유구읍,경상사고,0,0,1,0,차량단독 - 전도전복 - 전도,안전운전불이행,건조,맑음,단일로 - 기타,이륜,남,65세,경상,,,,
2023060700100590,2023년 6월 7일 22시,수요일,충청남도 천안시 동남구 신부동,경상사고,0,0,1,0,차대차 - 기타,안전운전불이행,건조,맑음,기타 - 기타,화물,남,61세,상해없음,화물,남,40세,경상
2023060700100611,2023년 6월 7일 23시,수요일,충청남도 천안시 서북구 성정동,경상사고,0,0,1,0,차대차 - 기타,기타,건조,맑음,단일로 - 기타,승용,남,55세,상해없음,개인형이동수단(PM),남,23세,경상
2023060800100035,2023년 6월 8일 04시,목요일,충청남도 보령시 궁촌동,중상사고,0,1,0,0,차량단독 - 공작물충돌,안전운전불이행,건조,맑음,단일로 - 기타,원동기,남,23세,중상,,,,
2023060800100041,2023년 6월 8일 05시,목요일,충청남도 서산시 지곡면,경상사고,0,0,2,0,차대차 - 추돌,안전운전불이행,건조,맑음,교차로 - 교차로안,특수,남,40세,상해없음,승용,여,62세,경상
2023060800100102,2023년 6월 8일 08시,목요일,충청남도 천안시 서북구 쌍용동,중상사고,0,1,0,0,차대차 - 기타,차로위반,건조,맑음,단일로 - 기타,승합,남,49세,상해없음,승합,남,51세,상해없음
2023060800100103,2023년 6월 8일 08시,목요일,충청남도 부여군 부여읍,중상사고,0,2,0,0,차대차 - 추돌,안전운전불이행,건조,맑음,단일로 - 기타,승용,남,69세,상해없음,승용,여,44세,중상
2023060800100137,2023년 6월 8일 09시,목요일,충청남도 천안시 동남구 신부동,경상사고,0,0,2,0,차대차 - 기타,직진우회전진행방해,건조,맑음,교차로 - 교차로안,승용,남,58세,경상,승용,남,74세,경상
2023060800100224,2023년 6월 8일 12시,목요일,충청남도 홍성군 홍북읍,경상사고,0,0,2,0,차대차 - 측면충돌,안전운전불이행,건조,맑음,단일로 - 기타,승용,여,30세,상해없음,승용,남,39세,경상
2023060800100284,2023년 6월 8일 14시,목요일,충청남도 천안시 서북구 불당동,경상사고,0,0,1,0,차대차 - 측면충돌,안전운전불이행,건조,맑음,교차로 - 교차로안,승용,여,56세,상해없음,원동기,남,23세,경상
2023060800100285,2023년 6월 8일 14시,목요일,충청남도 청양군 화성면,경상사고,0,0,1,0,차대차 - 추돌,안전운전불이행,건조,맑음,단일로 - 기타,승용,남,21세,상해없음,승용,기타불명,미분류,기타불명
2023060800100286,2023년 6월 8일 14시,목요일,충청남도 천안시 동남구 구성동,부상신고사고,0,0,0,3,차대차 - 측면충돌,안전거리미확보,건조,맑음,단일로 - 기타,승용,남,69세,상해없음,승용,여,43세,부상신고
2023060800100313,2023년 6월 8일 15시,목요일,충청남도 천안시 서북구 쌍용동,경상사고,0,0,1,0,차대차 - 측면충돌,안전거리미확보,건조,맑음,교차로 - 교차로부근,승용,남,62세,기타불명,승용,남,26세,경상
2023060800100314,2023년 6월 8일 15시,목요일,충청남도 공주시 유구읍,경상사고,0,0,1,0,차대차 - 기타,안전거리미확보,건조,맑음,단일로 - 기타,이륜,남,91세,경상,승용,남,20세,상해없음
2023060800100348,2023년 6월 8일 16시,목요일,충청남도 천안시 서북구 쌍용동,경상사고,0,0,2,0,차대차 - 추돌,안전운전불이행,건조,맑음,교차로 - 교차로부근,승용,남,62세,기타불명,승용,남,57세,경상
2023060800100385,2023년 6월 8일 17시,목요일,충청남도 공주시 신관동,경상사고,0,0,1,0,차대차 - 추돌,안전운전불이행,건조,맑음,교차로 - 교차로안,승용,남,29세,기타불명,승용,여,34세,경상
2023060800100386,2023년 6월 8일 17시,목요일,충청남도 부여군 부여읍,중상사고,0,1,0,0,차대차 - 추돌,안전운전불이행,건조,맑음,교차로 - 교차로안,화물,남,78세,상해없음,승용,여,61세,중상
2023060800100422,2023년 6월 8일 18시,목요일,충청남도 당진시 송악읍,경상사고,0,0,1,0,차대사람 - 횡단중,보행자보호의무위반,건조,맑음,교차로 - 교차로부근,이륜,남,52세,상해없음,보행자,남,9세,경상
2023060800100482,2023년 6월 8일 20시,목요일,충청남도 천안시 서북구 두정동,경상사고,0,0,1,0,차대차 - 측면충돌,안전운전불이행,건조,맑음,단일로 - 기타,승용,남,42세,상해없음,원동기,남,30세,경상
2023060800100546,2023년 6월 8일 22시,목요일,충청남도 천안시 서북구 불당동,경상사고,0,0,1,0,차대차 - 측면충돌,교차로운행방법위반,젖음/습기,비,교차로 - 교차로안,승용,남,49세,상해없음,이륜,남,37세,경상
2023060800100547,2023년 6월 8일 22시,목요일,충청남도 천안시 서북구 두정동,경상사고,0,0,1,0,차대사람 - 기타,안전운전불이행,젖음/습기,비,단일로 - 기타,이륜,남,42세,기타불명,보행자,여,24세,경상