사고번호,사고일시,요일,시군구,사고내용,사망자수,중상자수,경상자수,부상신고자수,사고유형,법규위반,노면상태,기상상태,도로형태,가해운전자 차종,가해운전자 성별,가해운전자 연령,가해운전자 상해정도,피해운전자 차종,피해운전자 성별,피해운전자 연령,피해운전자 상해정도
2023070300100515,2023년 7월 3일 20시,월요일,충청남도 논산시 부창동,중상사고,0,1,0,0,차대사람 - 횡단중,안전운전불이행,건조,맑음,교차로 - 교차로부근,승용,남,20세,상해없음,보행자,남,72세,중상
2023070300100534,2023년 7월 3일 21시,월요일,충청남도 천안시 동남구 영성동,경상사고,0,0,1,0,차대차 - 추돌,안전운전불이행,건조,맑음,교차로 - 교차로부근,승합,남,58세,상해없음,승용,여,69세,경상
2023070300100551,2023년 7월 3일 22시,월요일,충청남도 천안시 서북구 백석동,중상사고,0,1,0,0,차대차 - 기타,안전운전불이행,건조,맑음,단일로 - 기타,승용,남,82세,상해없음,승용,여,42세,중상
2023070300100552,2023년 7월 3일 22시,월요일,충청남도 당진시 송산면,사망사고,1,0,0,0,차대차 - 추돌,기타,건조,맑음,단일로 - 기타,승용,남,31세,상해없음,개인형이동수단(PM),남,52세,사망
2023070400100031,2023년 7월 4일 03시,화요일,충청남도 천안시 서북구 불당동,경상사고,0,0,1,0,차대차 - 기타,안전운전불이행,건조,맑음,단일로 - 기타,승용,남,31세,상해없음,승용,남,68세,경상
2023070400100081,2023년 7월 4일 07시,화요일,충청남도 서산시 지곡면,사망사고,1,1,0,0,차대차 - 측면충돌,안전운전불이행,젖음/습기,비,교차로 - 교차로안,승용,남,74세,상해없음,승용,남,41세,기타불명
2023070400100113,2023년 7월 4일 08시,화요일,충청남도 아산시 좌부동,경상사고,0,0,1,0,차대차 - 측면충돌,안전운전불이행,건조,맑음,교차로 - 교차로안,승용,남,24세,기타불명,승용,여,57세,경상
2023070400100186,2023년 7월 4일 10시,화요일,충청남도 서산시 석림동,부상신고사고,0,0,0,1,차대차 - 측면충돌,안전운전불이행,건조,맑음,교차로 - 교차로안,화물,남,35세,상해없음,화물,남,52세,부상신고
2023070400100187,2023년 7월 4일 10시,화요일,충청남도 천안시 동남구 청당동,경상사고,0,0,1,0,차대차 - 측면충돌,교차로운행방법위반,건조,맑음,교차로 - 교차로안,승용,여,43세,상해없음,승용,여,60세,경상
2023070400100212,2023년 7월 4일 11시,화요일,충청남도 서천군 마서면,경상사고,0,0,1,0,차대차 - 추돌,안전운전불이행,젖음/습기,비,단일로 - 기타,승용,여,37세,상해없음,승합,남,37세,경상
2023070400100213,2023년 7월 4일 11시,화요일,충청남도 서천군 장항읍,경상사고,0,0,1,0,차대차 - 추돌,안전거리미확보,젖음/습기,비,교차로 - 교차로부근,화물,남,56세,상해없음,승용,남,42세,경상
2023070400100234,2023년 7월 4일 12시,화요일,충청남도 보령시 궁촌동,경상사고,0,0,1,0,차대사람 - 횡단중,보행자보호의무위반,젖음/습기,비,교차로 - 교차로횡단보도내,이륜,남,66세,상해없음,보행자,여,72세,경상
2023070400100235,2023년 7월 4일 12시,화요일,충청남도 공주시 신관동,중상사고,0,2,1,0,차대차 - 측면충돌,신호위반,젖음/습기,비,교차로 - 교차로안,이륜,남,75세,중상,승용,여,52세,경상
2023070400100324,2023년 7월 4일 15시,화요일,충청남도 아산시 영인면,경상사고,0,0,1,0,차대차 - 기타,안전운전불이행,젖음/습기,맑음,단일로 - 기타,화물,남,31세,상해없음,승용,남,62세,상해없음
2023070400100325,2023년 7월 4일 15시,화요일,충청남도 당진시 석문면,경상사고,0,0,1,0,차대차 - 측면충돌,안전운전불이행,젖음/습기,비,단일로 - 기타,승용,남,63세,상해없음,특수,남,38세,경상
2023070400100364,2023년 7월 4일 16시,화요일,충청남도 천안시 서북구 쌍용동,경상사고,0,0,1,0,차대차 - 측면충돌,안전운전불이행,젖음/습기,흐림,교차로 - 교차로부근,승용,남,62세,상해없음,승합,여,42세,경상
2023070400100401,2023년 7월 4일 17시,화요일,충청남도 서천군 기산면,경상사고,0,0,1,0,차대차 - 추돌,안전운전불이행,건조,맑음,교차로 - 교차로안,승합,남,71세,상해없음,승용,남,37세,경상
2023070400100402,2023년 7월 4일 17시,화요일,충청남도 보령시 명천동,경상사고,0,0,1,0,차대차 - 기타,신호위반,건조,맑음,단일로 - 기타,승용,여,51세,상해없음,승용,남,31세,경상
2023070400100450,2023년 7월 4일 18시,화요일,충청남도 천안시 서북구 두정동,경상사고,0,0,1,0,차대차 - 측면충돌,중앙선침범,젖음/습기,비,교차로 - 교차로부근,건설기계,남,33세,상해없음,승용,여,38세,경상
2023070400100493,2023년 7월 4일 19시,화요일,충청남도 천안시 서북구 백석동,경상사고,0,0,1,0,차대차 - 측면충돌,신호위반,젖음/습기,비,교차로 - 교차로안,승용,여,53세,상해없음,승용,여,49세,경상
2023070400100494,2023년 7월 4일 19시,화요일,충청남도 천안시 서북구 쌍용동,경상사고,0,0,1,0,차대차 - 측면충돌,안전운전불이행,젖음/습기,비,교차로 - 교차로안,화물,남,36세,상해없음,승용,여,42세,경상
2023070400100495,2023년 7월 4일 19시,화요일,충청남도 홍성군 홍성읍,사망사고,1,0,2,0,차대사람 - 기타,기타,젖음/습기,비,기타 - 기타,승용,여,57세,사망,보행자,남,73세,경상
2023070400100496,2023년 7월 4일 19시,화요일,충청남도 공주시 신관동,경상사고,0,0,1,0,차대차 - 측면충돌,교차로운행방법위반,젖음/습기,비,교차로 - 교차로안,승용,남,59세,상해없음,승용,여,49세,경상
2023070400100497,2023년 7월 4일 19시,화요일,충청남도 금산군 금산읍,중상사고,0,1,0,0,차대사람 - 횡단중,보행자보호의무위반,젖음/습기,비,교차로 - 교차로횡단보도내,승용,여,74세,상해없음,보행자,남,68세,중상
2023070400100534,2023년 7월 4일 20시,화요일,충청남도 당진시 합덕읍,경상사고,0,0,1,0,차대사람 - 기타,안전운전불이행,젖음/습기,비,교차로 - 교차로안,화물,남,61세,상해없음,보행자,남,54세,경상
2023070400100535,2023년 7월 4일 20시,화요일,충청남도 당진시 송악읍,중상사고,0,1,0,0,차대사람 - 기타,안전운전불이행,건조,맑음,교차로 - 교차로안,승용,남,60세,상해없음,보행자,남,53세,중상
2023070400100536,2023년 7월 4일 20시,화요일,충청남도 청양군 정산면,중상사고,0,2,0,0,차량단독 - 공작물충돌,안전운전불이행,젖음/습기,비,단일로 - 기타,승용,남,51세,중상,,,,
2023070400100568,2023년 7월 4일 21시,화요일,충청남도 천안시 서북구 성환읍,중상사고,0,1,0,0,차량단독 - 공작물충돌,기타,젖음/습기,비,단일로 - 기타,승용,남,34세,상해없음,,,,
2023070500100084,2023년 7월 5일 08시,수요일,충청남도 천안시 동남구 청당동,경상사고,0,0,1,0,차대차 - 기타,안전운전불이행,건조,맑음,단일로 - 기타,승용,남,33세,상해없음,승용,남,33세,경상
2023070500100125,2023년 7월 5일 09시,수요일,충청남도 예산군 예산읍,경상사고,0,0,1,0,차대사람 - 기타,안전운전불이행,건조,맑음,주차장 - 주차장,승용,남,55세,상해없음,보행자,여,64세,경상
2023070500100158,2023년 7월 5일 10시,수요일,충청남도 금산군 금산읍,중상사고,0,1,0,0,차대차 - 측면충돌,신호위반,건조,맑음,교차로 - 교차로안,개인형이동수단(PM),여,16세,중상,승용,남,41세,상해없음
2023070500100195,2023년 7월 5일 11시,수요일,충청남도 금산군 금산읍,경상사고,0,0,1,0,차대차 - 측면충돌,안전운전불이행,건조,맑음,단일로 - 기타,화물,여,46세,상해없음,승합,남,48세,경상
2023070500100196,2023년 7월 5일 11시,수요일,충청남도 천안시 동남구 사직동,중상사고,0,1,0,0,차대사람 - 횡단중,보행자보호의무위반,건조,맑음,교차로 - 교차로안,화물,남,56세,상해없음,보행자,여,83세,중상
2023070500100256,2023년 7월 5일 13시,수요일,충청남도 천안시 서북구 백석동,경상사고,0,0,1,0,차대차 - 측면충돌,안전운전불이행,건조,맑음,교차로 - 교차로부근,이륜,남,32세,상해없음,이륜,남,42세,경상
2023070500100257,2023년 7월 5일 13시,수요일,충청남도 서천군 서천읍,경상사고,0,0,1,0,차량단독 - 공작물충돌,안전운전불이행,건조,맑음,단일로 - 기타,승용,남,65세,경상,,,,
2023070500100258,2023년 7월 5일 13시,수요일,충청남도 공주시 반포면,중상사고,0,1,1,0,차대차 - 측면충돌,차로위반,건조,맑음,교차로 - 교차로부근,승용,여,47세,경상,승용,남,76세,중상
2023070500100259,2023년 7월 5일 13시,수요일,충청남도 예산군 예산읍,경상사고,0,0,1,0,차대차 - 측면충돌,안전운전불이행,건조,맑음,교차로 - 교차로안,승용,여,36세,상해없음,승용,남,64세,경상
2023070500100322,2023년 7월 5일 15시,수요일,충청남도 천안시 동남구 신부동,경상사고,0,0,1,0,차대차 - 추돌,안전운전불이행,건조,맑음,교차로 - 교차로부근,특수,남,46세,기타불명,승용,여,49세,경상
2023070500100357,2023년 7월 5일 16시,수요일,충청남도 서천군 서천읍,경상사고,0,0,1,0,차대차 - 측면충돌,안전운전불이행,건조,맑음,단일로 - 기타,승용,여,56세,상해없음,승용,여,39세,경상
2023070500100405,2023년 7월 5일 17시,수요일,충청남도 천안시 서북구 성환읍,경상사고,0,0,1,0,차대사람 - 길가장자리구역통행중,기타,건조,맑음,단일로 - 기타,승용,여,60세,상해없음,보행자,남,9세,경상
2023070500100406,2023년 7월 5일 17시,수요일,충청남도 아산시 염치읍,경상사고,0,0,2,0,차대차 - 측면충돌,안전운전불이행,건조,맑음,단일로 - 기타,화물,남,63세,상해없음,승용,남,39세,경상
2023070500100407,2023년 7월 5일 17시,수요일,충청남도 천안시 동남구 신방동,경상사고,0,0,1,0,차대차 - 추돌,안전운전불이행,건조,맑음,단일로 - 기타,승용,남,58세,상해없음,승용,여,44세,경상
2023070500100443,2023년 7월 5일 18시,수요일,충청남도 홍성군 홍성읍,경상사고,0,0,1,0,차대차 - 정면충돌,안전운전불이행,건조,맑음,교차로 - 교차로안,화물,남,67세,상해없음,승용,남,69세,경상
2023070500100444,2023년 7월 5일 18시,수요일,충청남도 공주시 월송동,경상사고,0,0,1,0,차대차 - 추돌,안전운전불이행,건조,맑음,단일로 - 기타,승용,남,63세,상해없음,승용,남,48세,경상
2023070500100501,2023년 7월 5일 20시,수요일,충청남도 아산시 배방읍,경상사고,0,0,1,0,차대차 - 추돌,안전운전불이행,건조,맑음,교차로 - 교차로안,승용,남,20세,상해없음,승용,남,30세,경상
2023070500100527,2023년 7월 5일 21시,수요일,충청남도 서산시 지곡면,경상사고,0,0,1,0,차대차 - 추돌,안전운전불이행,건조,맑음,교차로 - 교차로부근,특수,남,56세,상해없음,화물,남,43세,경상
2023070500100528,2023년 7월 5일 21시,수요일,충청남도 아산시 인주면,중상사고,0,1,0,0,차대사람 - 횡단중,안전운전불이행,건조,맑음,단일로 - 기타,승용,남,44세,상해없음,보행자,남,62세,중상
2023070500100551,2023년 7월 5일 22시,수요일,충청남도 당진시 고대면,중상사고,0,1,1,0,차대차 - 측면충돌,신호위반,건조,맑음,교차로 - 교차로안,승용,남,24세,중상,승용,여,40세,경상
2023070600100045,2023년 7월 6일 06시,목요일,충청남도 천안시 서북구 백석동,경상사고,0,0,2,0,차대차 - 측면충돌,안전거리미확보,건조,맑음,단일로 - 기타,승용,남,33세,상해없음,승용,남,34세,경상
2023070600100196,2023년 7월 6일 10시,목요일,충청남도 아산시 신창면,경상사고,0,0,1,0,차대차 - 측면충돌,신호위반,건조,맑음,교차로 - 교차로안,승용,남,27세,상해없음,자전거,남,32세,경상
2023070600100233,2023년 7월 6일 11시,목요일,충청남도 서산시 수석동,경상사고,0,0,1,0,차대차 - 측면충돌,차로위반,건조,맑음,단일로 - 기타,화물,남,58세,상해없음,승용,남,57세,경상
2023070600100261,2023년 7월 6일 12시,목요일,충청남도 태안군 근흥면,중상사고,0,2,4,0,차대차 - 추돌,교차로운행방법위반,건조,맑음,교차로 - 교차로안,승용,여,44세,경상,승용,여,39세,중상
2023070600100284,2023년 7월 6일 13시,목요일,충청남도 천안시 서북구 성환읍,경상사고,0,0,1,0,차대차 - 측면충돌,안전운전불이행,건조,맑음,기타 - 기타,화물,여,66세,상해없음,승합,남,47세,경상
2023070600100285,2023년 7월 6일 13시,목요일,충청남도 당진시 합덕읍,경상사고,0,0,1,0,차대차 - 추돌,안전운전불이행,건조,맑음,단일로 - 기타,화물,남,87세,상해없음,승용,여,39세,경상
2023070600100315,2023년 7월 6일 14시,목요일,충청남도 아산시 둔포면,경상사고,0,0,1,0,차대차 - 후진중충돌,안전운전불이행,건조,맑음,교차로 - 교차로안,화물,남,63세,상해없음,승용,여,60세,경상
2023070600100342,2023년 7월 6일 15시,목요일,충청남도 청양군 비봉면,중상사고,0,1,0,0,차대사람 - 기타,안전운전불이행,건조,맑음,교차로 - 교차로안,화물,남,59세,상해없음,보행자,남,61세,중상
2023070600100382,2023년 7월 6일 16시,목요일,충청남도 천안시 동남구 봉명동,경상사고,0,0,3,0,차대차 - 추돌,안전운전불이행,건조,맑음,단일로 - 기타,승용,남,67세,상해없음,승용,남,54세,경상
2023070600100383,2023년 7월 6일 16시,목요일,충청남도 천안시 동남구 원성동,경상사고,0,0,1,0,차대차 - 기타,직진우회전진행방해,건조,맑음,교차로 - 교차로안,승용,여,24세,상해없음,승용,여,65세,경상
2023070600100462,2023년 7월 6일 18시,목요일,충청남도 공주시 유구읍,중상사고,0,1,0,0,차대차 - 측면충돌,중앙선침범,건조,맑음,단일로 - 기타,화물,남,41세,상해없음,이륜,남,28세,중상
2023070600100463,2023년 7월 6일 18시,목요일,충청남도 부여군 구룡면,경상사고,0,0,1,0,차대차 - 측면충돌,중앙선침범,건조,맑음,단일로 - 기타,승용,남,54세,상해없음,승용,남,32세,경상
2023070700100008,2023년 7월 7일 01시,금요일,충청남도 천안시 서북구 불당동,경상사고,0,0,2,0,차대차 - 측면충돌,안전운전불이행,건조,맑음,단일로 - 기타,승용,남,36세,상해없음,승용,남,57세,경상
2023070700100009,2023년 7월 7일 01시,금요일,충청남도 천안시 서북구 성성동,경상사고,0,0,1,0,차대차 - 측면충돌,안전운전불이행,건조,맑음,단일로 - 기타,승용,남,51세,상해없음,승용,남,23세,경상
2023070700100010,2023년 7월 7일 01시,금요일,충청남도 아산시 배방읍,경상사고,0,0,2,0,차대차 - 측면충돌,안전운전불이행,건조,흐림,교차로 - 교차로부근,승용,남,34세,상해없음,원동기,남,17세,경상
2023070700100022,2023년 7월 7일 03시,금요일,충청남도 아산시 온천동,경상사고,0,0,1,0,차대차 - 추돌,안전운전불이행,건조,맑음,단일로 - 기타,이륜,여,17세,상해없음,승용,남,22세,경상
2023070700100033,2023년 7월 7일 05시,금요일,충청남도 서천군 장항읍,중상사고,0,2,0,0,차대차 - 정면충돌,신호위반,건조,맑음,교차로 - 교차로안,승용,남,68세,중상,승용,남,62세,중상
2023070700100063,2023년 7월 7일 07시,금요일,충청남도 천안시 서북구 차암동,중상사고,0,1,0,0,차대차 - 측면충돌,직진우회전진행방해,건조,맑음,교차로 - 교차로안,화물,남,64세,상해없음,승용,여,72세,중상
2023070700100064,2023년 7월 7일 07시,금요일,충청남도 아산시 온천동,경상사고,0,0,1,0,차대차 - 측면충돌,중앙선침범,건조,흐림,단일로 - 기타,승용,남,34세,상해없음,화물,남,71세,경상
2023070700100104,2023년 7월 7일 08시,금요일,충청남도 천안시 서북구 쌍용동,경상사고,0,0,1,0,차대차 - 측면충돌,안전운전불이행,건조,맑음,단일로 - 기타,승용,남,64세,상해없음,자전거,남,25세,경상
2023070700100134,2023년 7월 7일 09시,금요일,충청남도 천안시 서북구 부대동,경상사고,0,0,1,0,차대차 - 측면충돌,교차로운행방법위반,건조,맑음,교차로 - 교차로안,화물,남,52세,상해없음,승용,남,77세,경상
2023070700100135,2023년 7월 7일 09시,금요일,충청남도 아산시 배방읍,경상사고,0,0,1,0,차대차 - 추돌,안전운전불이행,건조,맑음,기타 - 기타,승용,남,38세,상해없음,승용,여,54세,경상
2023070700100136,2023년 7월 7일 09시,금요일,충청남도 서천군 화양면,중상사고,0,1,0,0,차량단독 - 공작물충돌,안전운전불이행,젖음/습기,비,단일로 - 기타,이륜,남,74세,중상,,,,
2023070700100162,2023년 7월 7일 10시,금요일,충청남도 당진시 읍내동,경상사고,0,0,1,0,차대차 - 측면충돌,안전운전불이행,건조,맑음,교차로 - 교차로안,승용,여,60세,상해없음,개인형이동수단(PM),남,36세,경상
2023070700100163,2023년 7월 7일 10시,금요일,충청남도 천안시 동남구 신방동,경상사고,0,0,1,0,차대차 - 측면충돌,불법유턴,건조,맑음,단일로 - 기타,화물,남,30세,기타불명,승용,남,63세,경상
2023070700100164,2023년 7월 7일 10시,금요일,충청남도 천안시 동남구 영성동,경상사고,0,0,2,0,차대차 - 측면충돌,안전운전불이행,건조,맑음,교차로 - 교차로부근,승용,여,62세,상해없음,승용,남,44세,경상
2023070700100204,2023년 7월 7일 11시,금요일,충청남도 아산시 음봉면,경상사고,0,0,1,0,차대차 - 추돌,안전운전불이행,건조,맑음,단일로 - 터널,화물,남,49세,기타불명,화물,남,55세,경상
2023070700100205,2023년 7월 7일 11시,금요일,충청남도 아산시 온천동,중상사고,0,1,0,0,차대사람 - 보도통행중,안전운전불이행,건조,맑음,교차로 - 교차로횡단보도내,승합,남,54세,상해없음,보행자,여,77세,중상
2023070700100206,2023년 7월 7일 11시,금요일,충청남도 태안군 안면읍,경상사고,0,0,2,0,차대차 - 측면충돌,안전운전불이행,건조,흐림,교차로 - 교차로안,화물,남,68세,상해없음,승용,남,25세,경상
2023070700100239,2023년 7월 7일 12시,금요일,충청남도 천안시 서북구 쌍용동,경상사고,0,0,1,0,차대차 - 측면충돌,안전거리미확보,건조,맑음,단일로 - 기타,승용,남,72세,상해없음,화물,남,51세,경상
2023070700100240,2023년 7월 7일 12시,금요일,충청남도 공주시 반포면,중상사고,0,2,0,1,차량단독 - 공작물충돌,안전운전불이행,젖음/습기,비,교차로 - 교차로부근,승용,남,60세,중상,,,,
2023070700100277,2023년 7월 7일 13시,금요일,충청남도 천안시 서북구 성정동,경상사고,0,0,1,0,차대차 - 기타,직진우회전진행방해,건조,맑음,교차로 - 교차로안,승용,남,56세,상해없음,자전거,남,60세,경상
2023070700100278,2023년 7월 7일 13시,금요일,충청남도 아산시 남동,경상사고,0,0,2,0,차대차 - 측면충돌,안전운전불이행,젖음/습기,비,단일로 - 기타,화물,남,62세,상해없음,승용,여,24세,경상
2023070700100279,2023년 7월 7일 13시,금요일,충청남도 서천군 장항읍,경상사고,0,0,1,0,차대차 - 측면충돌,안전운전불이행,젖음/습기,비,단일로 - 기타,승용,여,62세,상해없음,승용,남,63세,경상
2023070700100280,2023년 7월 7일 13시,금요일,충청남도 청양군 대치면,중상사고,0,2,0,0,차량단독 - 공작물충돌,안전운전불이행,젖음/습기,비,단일로 - 기타,승합,남,50세,중상,,,,
2023070700100281,2023년 7월 7일 13시,금요일,충청남도 천안시 동남구 목천읍,중상사고,0,2,1,0,차대차 - 추돌,안전운전불이행,젖음/습기,비,단일로 - 교량,승용,남,27세,중상,화물,남,58세,경상
2023070700100282,2023년 7월 7일 13시,금요일,충청남도 천안시 서북구 입장면,경상사고,0,0,1,0,차대차 - 기타,안전운전불이행,건조,맑음,단일로 - 기타,승용,남,23세,상해없음,승용,남,40세,경상
2023070700100317,2023년 7월 7일 14시,금요일,충청남도 천안시 서북구 백석동,경상사고,0,0,1,0,차대차 - 기타,안전거리미확보,젖음/습기,흐림,교차로 - 교차로부근,기타불명,기타불명,미분류,기타불명,이륜,남,34세,경상
2023070700100351,2023년 7월 7일 15시,금요일,충청남도 천안시 서북구 신당동,사망사고,1,0,4,1,차대차 - 정면충돌,중앙선침범,젖음/습기,비,단일로 - 기타,화물,남,74세,부상신고,승합,남,33세,경상
2023070700100352,2023년 7월 7일 15시,금요일,충청남도 공주시 반포면,경상사고,0,0,1,0,차대차 - 측면충돌,중앙선침범,젖음/습기,비,교차로 - 교차로부근,승용,여,54세,상해없음,승용,남,38세,경상
2023070700100398,2023년 7월 7일 16시,금요일,충청남도 서천군 서천읍,중상사고,0,1,0,0,차량단독 - 기타,안전운전불이행,젖음/습기,비,주차장 - 주차장,승용,여,38세,중상,,,,
2023070700100399,2023년 7월 7일 16시,금요일,충청남도 공주시 신관동,경상사고,0,0,1,0,차대차 - 기타,교차로운행방법위반,젖음/습기,비,교차로 - 교차로안,승용,여,31세,상해없음,이륜,남,36세,경상
2023070700100400,2023년 7월 7일 16시,금요일,충청남도 천안시 동남구 병천면,경상사고,0,0,1,0,차대차 - 측면충돌,중앙선침범,젖음/습기,비,단일로 - 기타,승용,남,57세,상해없음,화물,남,61세,기타불명
2023070700100464,2023년 7월 7일 17시,금요일,충청남도 서천군 서천읍,중상사고,0,2,1,0,차대차 - 측면충돌,안전운전불이행,젖음/습기,비,단일로 - 기타,승용,남,44세,상해없음,화물,남,50세,중상
2023070700100515,2023년 7월 7일 18시,금요일,충청남도 천안시 서북구 차암동,경상사고,0,0,1,0,차대사람 - 횡단중,보행자보호의무위반,건조,맑음,교차로 - 교차로횡단보도내,승용,남,58세,상해없음,보행자,남,40세,경상
2023070700100516,2023년 7월 7일 18시,금요일,충청남도 공주시 금성동,경상사고,0,0,1,0,차대차 - 측면충돌,신호위반,젖음/습기,비,교차로 - 교차로안,승용,여,30세,기타불명,승용,남,69세,상해없음
2023070700100555,2023년 7월 7일 19시,금요일,충청남도 천안시 서북구 성거읍,경상사고,0,0,1,0,차대차 - 측면충돌,안전운전불이행,건조,맑음,교차로 - 교차로안,승용,기타불명,미분류,기타불명,승용,여,56세,경상
2023070700100581,2023년 7월 7일 20시,금요일,충청남도 부여군 부여읍,경상사고,0,0,1,0,차대차 - 정면충돌,안전운전불이행,젖음/습기,비,교차로 - 교차로안,승용,남,61세,상해없음,화물,남,40세,경상
2023070700100582,2023년 7월 7일 20시,금요일,충청남도 천안시 동남구 청당동,경상사고,0,0,1,0,차대차 - 추돌,안전운전불이행,건조,맑음,단일로 - 기타,승용,남,53세,상해없음,승용,남,64세,경상
2023070700100612,2023년 7월 7일 21시,금요일,충청남도 천안시 서북구 두정동,중상사고,0,1,0,0,차대차 - 추돌,신호위반,젖음/습기,흐림,교차로 - 교차로안,승용,남,28세,상해없음,이륜,남,58세,중상
2023070700100613,2023년 7월 7일 21시,금요일,충청남도 아산시 배방읍,중상사고,0,1,0,0,차대사람 - 횡단중,보행자보호의무위반,젖음/습기,비,교차로 - 교차로안,이륜,남,18세,상해없음,보행자,여,55세,중상
2023070700100614,2023년 7월 7일 21시,금요일,충청남도 천안시 동남구 대흥동,경상사고,0,0,2,0,차대차 - 측면충돌,신호위반,젖음/습기,비,교차로 - 교차로부근,승합,남,54세,상해없음,승합,남,74세,경상
2023070700100641,2023년 7월 7일 22시,금요일,충청남도 천안시 서북구 성정동,중상사고,0,1,0,0,차대차 - 측면충돌,중앙선침범,젖음/습기,비,교차로 - 교차로부근,승용,여,33세,상해없음,원동기,남,54세,중상
2023070700100642,2023년 7월 7일 22시,금요일,충청남도 천안시 서북구 두정동,중상사고,0,1,0,0,차대사람 - 차도통행중,안전운전불이행,젖음/습기,맑음,단일로 - 기타,승용,남,44세,상해없음,보행자,여,40세,중상
2023070700100643,2023년 7월 7일 22시,금요일,충청남도 아산시 음봉면,경상사고,0,0,1,0,차대차 - 정면충돌,중앙선침범,젖음/습기,비,교차로 - 교차로부근,승용,남,56세,상해없음,화물,남,50세,경상
2023070800100007,2023년 7월 8일 00시,토요일,충청남도 천안시 서북구 쌍용동,경상사고,0,0,1,0,차대차 - 기타,안전운전불이행,건조,맑음,단일로 - 기타,이륜,남,25세,상해없음,승용,남,45세,경상
2023070800100008,2023년 7월 8일 00시,토요일,충청남도 천안시 동남구 청당동,경상사고,0,0,1,0,차대차 - 추돌,안전운전불이행,젖음/습기,비,단일로 - 기타,승용,남,29세,상해없음,승용,남,23세,경상
2023070800100027,2023년 7월 8일 01시,토요일,충청남도 천안시 서북구 성환읍,중상사고,0,1,0,0,차대차 - 기타,신호위반,건조,맑음,교차로 - 교차로안,승용,남,34세,상해없음,승용,여,47세,중상
2023070800100090,2023년 7월 8일 08시,토요일,충청남도 천안시 동남구 영성동,경상사고,0,0,2,0,차대차 - 추돌,안전거리미확보,건조,맑음,단일로 - 기타,승용,남,76세,상해없음,화물,남,68세,경상
2023070800100117,2023년 7월 8일 09시,토요일,충청남도 천안시 서북구 성정동,부상신고사고,0,0,0,1,차대차 - 기타,안전운전불이행,건조,맑음,교차로 - 교차로부근,자전거,여,65세,부상신고,화물,남,76세,상해없음
2023070800100170,2023년 7월 8일 11시,토요일,충청남도 천안시 동남구 신방동,경상사고,0,0,1,0,차대차 - 기타,안전운전불이행,건조,맑음,교차로 - 교차로부근,승용,남,80세,상해없음,승용,남,45세,경상
2023070800100201,2023년 7월 8일 12시,토요일,충청남도 서산시 음암면,중상사고,0,1,0,0,차대차 - 추돌,안전거리미확보,건조,맑음,교차로 - 교차로부근,화물,남,42세,상해없음,원동기,남,25세,중상
2023070800100202,2023년 7월 8일 12시,토요일,충청남도 부여군 부여읍,중상사고,0,1,0,0,차대사람 - 횡단중,안전운전불이행,건조,맑음,교차로 - 교차로부근,승용,여,38세,상해없음,보행자,남,74세,중상
2023070800100242,2023년 7월 8일 13시,토요일,충청남도 천안시 서북구 두정동,경상사고,0,0,2,0,차대차 - 추돌,안전운전불이행,건조,맑음,단일로 - 기타,승용,여,32세,상해없음,화물,남,77세,경상
2023070800100277,2023년 7월 8일 14시,토요일,충청남도 청양군 남양면,중상사고,0,1,0,0,차대차 - 측면충돌,직진우회전진행방해,건조,맑음,교차로 - 교차로안,승용,남,64세,상해없음,농기계,남,64세,중상
2023070800100306,2023년 7월 8일 15시,토요일,충청남도 천안시 서북구 두정동,경상사고,0,0,1,0,차대차 - 추돌,안전운전불이행,건조,맑음,단일로 - 기타,승용,남,32세,상해없음,이륜,남,37세,경상
2023070800100307,2023년 7월 8일 15시,토요일,충청남도 아산시 둔포면,경상사고,0,0,2,0,차대차 - 기타,안전운전불이행,건조,맑음,단일로 - 기타,승용,남,65세,상해없음,승용,남,37세,경상
2023070800100338,2023년 7월 8일 16시,토요일,충청남도 천안시 서북구 성성동,경상사고,0,0,1,0,차대차 - 측면충돌,안전운전불이행,건조,맑음,단일로 - 기타,승용,남,31세,상해없음,승용,남,26세,경상
2023070800100339,2023년 7월 8일 16시,토요일,충청남도 공주시 유구읍,경상사고,0,0,1,0,차대차 - 후진중충돌,안전운전불이행,건조,맑음,주차장 - 주차장,승용,남,70세,상해없음,승용,여,31세,상해없음
2023070800100405,2023년 7월 8일 18시,토요일,충청남도 홍성군 홍성읍,경상사고,0,0,1,0,차대차 - 정면충돌,안전운전불이행,건조,맑음,교차로 - 교차로안,승용,여,47세,상해없음,승용,남,62세,경상
2023070800100406,2023년 7월 8일 18시,토요일,충청남도 아산시 배방읍,경상사고,0,0,1,0,차대차 - 기타,안전운전불이행,건조,맑음,교차로 - 교차로안,기타불명,기타불명,미분류,기타불명,이륜,남,18세,경상
2023070800100407,2023년 7월 8일 18시,토요일,충청남도 부여군 규암면,중상사고,0,1,0,0,차량단독 - 도로외이탈 - 기타,안전운전불이행,건조,맑음,교차로 - 교차로안,사륜오토바이(ATV),남,64세,중상,,,,
2023070800100436,2023년 7월 8일 19시,토요일,충청남도 천안시 서북구 불당동,경상사고,0,0,1,0,차대차 - 추돌,기타,건조,맑음,교차로 - 교차로부근,승용,남,22세,상해없음,승용,여,23세,경상
2023070800100454,2023년 7월 8일 20시,토요일,충청남도 천안시 서북구 성정동,중상사고,0,1,0,0,차대차 - 측면충돌,안전거리미확보,건조,맑음,단일로 - 기타,이륜,남,37세,상해없음,이륜,남,30세,중상