사고번호,사고일시,요일,시군구,사고내용,사망자수,중상자수,경상자수,부상신고자수,사고유형,법규위반,노면상태,기상상태,도로형태,가해운전자 차종,가해운전자 성별,가해운전자 연령,가해운전자 상해정도,피해운전자 차종,피해운전자 성별,피해운전자 연령,피해운전자 상해정도
2023070800100455,2023년 7월 8일 20시,토요일,충청남도 아산시 배방읍,경상사고,0,0,1,0,차대차 - 기타,신호위반,건조,맑음,교차로 - 교차로안,특수,남,44세,상해없음,이륜,남,28세,경상
2023070800100532,2023년 7월 8일 23시,토요일,충청남도 천안시 서북구 성정동,경상사고,0,0,1,0,차대차 - 측면충돌,중앙선침범,건조,맑음,교차로 - 교차로부근,승용,남,54세,상해없음,이륜,남,19세,경상
2023070900100008,2023년 7월 9일 00시,일요일,충청남도 천안시 서북구 성거읍,부상신고사고,0,0,0,1,차량단독 - 공작물충돌,안전운전불이행,건조,맑음,단일로 - 기타,이륜,남,42세,부상신고,,,,
2023070900100026,2023년 7월 9일 02시,일요일,충청남도 천안시 서북구 두정동,중상사고,0,1,0,0,차대차 - 측면충돌,신호위반,건조,맑음,교차로 - 교차로안,이륜,남,28세,중상,승용,남,37세,상해없음
2023070900100027,2023년 7월 9일 02시,일요일,충청남도 예산군 삽교읍,경상사고,0,0,1,0,차량단독 - 전도전복 - 전도,안전운전불이행,건조,맑음,단일로 - 기타,이륜,남,17세,상해없음,,,,
2023070900100036,2023년 7월 9일 04시,일요일,충청남도 천안시 동남구 목천읍,경상사고,0,0,2,0,차대차 - 정면충돌,안전운전불이행,건조,맑음,단일로 - 기타,승용,여,62세,상해없음,승용,여,55세,경상
2023070900100055,2023년 7월 9일 07시,일요일,충청남도 천안시 서북구 백석동,경상사고,0,0,3,0,차대차 - 측면충돌,교차로운행방법위반,건조,맑음,교차로 - 교차로안,승용,여,47세,상해없음,승용,남,49세,경상
2023070900100061,2023년 7월 9일 08시,일요일,충청남도 천안시 서북구 불당동,경상사고,0,0,1,0,차대차 - 측면충돌,안전운전불이행,건조,맑음,교차로 - 교차로안,승용,여,44세,상해없음,승용,남,32세,경상
2023070900100062,2023년 7월 9일 08시,일요일,충청남도 아산시 신창면,경상사고,0,0,1,0,차대차 - 기타,안전운전불이행,건조,맑음,단일로 - 지하차도(도로)내,승합,남,35세,상해없음,승용,남,65세,경상
2023070900100063,2023년 7월 9일 08시,일요일,충청남도 금산군 금성면,중상사고,0,1,0,0,차량단독 - 공작물충돌,안전운전불이행,건조,맑음,단일로 - 기타,농기계,남,82세,중상,,,,
2023070900100093,2023년 7월 9일 10시,일요일,충청남도 계룡시 신도안면,경상사고,0,0,1,0,차대차 - 측면충돌,신호위반,건조,맑음,교차로 - 교차로안,승용,남,24세,기타불명,승용,여,38세,경상
2023070900100094,2023년 7월 9일 10시,일요일,충청남도 아산시 둔포면,경상사고,0,0,1,0,차대차 - 정면충돌,신호위반,건조,맑음,교차로 - 교차로안,승용,남,32세,상해없음,이륜,남,39세,경상
2023070900100095,2023년 7월 9일 10시,일요일,충청남도 아산시 송악면,경상사고,0,0,1,0,차대차 - 측면충돌,안전운전불이행,건조,맑음,기타 - 기타,화물,남,72세,경상,승용,여,59세,상해없음
2023070900100118,2023년 7월 9일 11시,일요일,충청남도 아산시 배방읍,중상사고,0,1,0,0,차대차 - 추돌,중앙선침범,건조,맑음,교차로 - 교차로부근,승용,남,57세,상해없음,이륜,남,21세,중상
2023070900100119,2023년 7월 9일 11시,일요일,충청남도 아산시 권곡동,중상사고,0,1,2,0,차대차 - 측면충돌,안전운전불이행,건조,맑음,교차로 - 교차로안,승용,남,72세,경상,승용,여,42세,경상
2023070900100120,2023년 7월 9일 11시,일요일,충청남도 천안시 동남구 신방동,경상사고,0,0,1,0,차대차 - 정면충돌,안전운전불이행,건조,맑음,교차로 - 교차로안,승용,남,25세,기타불명,승용,남,26세,경상
2023070900100196,2023년 7월 9일 14시,일요일,충청남도 천안시 서북구 성거읍,부상신고사고,0,0,0,1,차대사람 - 기타,안전운전불이행,젖음/습기,흐림,단일로 - 기타,승용,남,48세,상해없음,보행자,남,25세,부상신고
2023070900100197,2023년 7월 9일 14시,일요일,충청남도 금산군 금산읍,경상사고,0,0,2,0,차대차 - 정면충돌,교차로운행방법위반,건조,맑음,교차로 - 교차로부근,승용,여,46세,상해없음,승용,남,56세,경상
2023070900100280,2023년 7월 9일 17시,일요일,충청남도 천안시 서북구 성정동,경상사고,0,0,1,0,차대차 - 측면충돌,안전운전불이행,건조,맑음,단일로 - 기타,이륜,남,27세,경상,승용,여,37세,상해없음
2023070900100281,2023년 7월 9일 17시,일요일,충청남도 보령시 남곡동,중상사고,0,1,1,0,차량단독 - 공작물충돌,안전운전불이행,건조,맑음,단일로 - 지하차도(도로)내,이륜,남,39세,경상,,,,
2023070900100305,2023년 7월 9일 18시,일요일,충청남도 태안군 안면읍,중상사고,0,3,1,0,차대차 - 정면충돌,중앙선침범,건조,맑음,단일로 - 기타,승용,여,36세,상해없음,승용,남,61세,중상
2023070900100362,2023년 7월 9일 21시,일요일,충청남도 천안시 서북구 성정동,경상사고,0,0,1,0,차대차 - 측면충돌,안전운전불이행,건조,맑음,단일로 - 기타,승용,남,22세,상해없음,승용,남,63세,상해없음
2023070900100363,2023년 7월 9일 21시,일요일,충청남도 서산시 갈산동,경상사고,0,0,1,0,차대차 - 기타,안전운전불이행,건조,맑음,단일로 - 기타,기타불명,기타불명,미분류,기타불명,승용,여,53세,경상
2023070900100383,2023년 7월 9일 22시,일요일,충청남도 천안시 동남구 원성동,경상사고,0,0,2,0,차대차 - 측면충돌,신호위반,건조,맑음,교차로 - 교차로안,승용,남,45세,상해없음,승합,여,42세,경상
2023071000100044,2023년 7월 10일 06시,월요일,충청남도 천안시 동남구 목천읍,경상사고,0,0,1,0,차대차 - 정면충돌,중앙선침범,건조,맑음,기타 - 기타,승용,남,47세,기타불명,승합,남,64세,경상
2023071000100065,2023년 7월 10일 07시,월요일,충청남도 논산시 내동,경상사고,0,0,1,0,차대차 - 측면충돌,신호위반,젖음/습기,흐림,교차로 - 교차로안,승용,남,66세,상해없음,승용,남,62세,경상
2023071000100093,2023년 7월 10일 08시,월요일,충청남도 천안시 동남구 용곡동,경상사고,0,0,1,0,차대차 - 기타,신호위반,건조,맑음,교차로 - 교차로안,특수,남,47세,상해없음,승용,남,32세,경상
2023071000100150,2023년 7월 10일 10시,월요일,충청남도 서산시 해미면,중상사고,0,1,0,0,차대차 - 측면충돌,안전운전불이행,건조,맑음,단일로 - 기타,이륜,남,85세,중상,승용,남,45세,상해없음
2023071000100151,2023년 7월 10일 10시,월요일,충청남도 천안시 서북구 성정동,경상사고,0,0,1,0,차대차 - 기타,안전거리미확보,건조,맑음,교차로 - 교차로안,승용,남,31세,상해없음,승합,남,54세,상해없음
2023071000100204,2023년 7월 10일 12시,월요일,충청남도 천안시 서북구 성정동,부상신고사고,0,0,0,1,차량단독 - 기타,안전운전불이행,건조,맑음,단일로 - 기타,승합,남,56세,부상신고,,,,
2023071000100231,2023년 7월 10일 13시,월요일,충청남도 천안시 서북구 성정동,경상사고,0,0,1,0,차대차 - 기타,안전운전불이행,건조,맑음,단일로 - 기타,이륜,남,25세,경상,승용,여,60세,상해없음
2023071000100232,2023년 7월 10일 13시,월요일,충청남도 천안시 서북구 직산읍,부상신고사고,0,0,0,1,차대차 - 기타,기타,건조,맑음,단일로 - 기타,화물,남,37세,상해없음,승용,남,30세,부상신고
2023071000100233,2023년 7월 10일 13시,월요일,충청남도 천안시 동남구 구성동,경상사고,0,0,3,0,차대차 - 추돌,안전운전불이행,건조,맑음,단일로 - 기타,승합,남,64세,상해없음,승용,여,61세,경상
2023071000100267,2023년 7월 10일 14시,월요일,충청남도 천안시 서북구 백석동,경상사고,0,0,1,3,차대차 - 기타,안전운전불이행,건조,맑음,교차로 - 교차로부근,승용,남,63세,상해없음,승합,남,62세,부상신고
2023071000100268,2023년 7월 10일 14시,월요일,충청남도 천안시 서북구 성환읍,중상사고,0,1,0,0,차대차 - 기타,신호위반,건조,맑음,교차로 - 교차로안,승용,여,35세,상해없음,이륜,남,51세,중상
2023071000100301,2023년 7월 10일 15시,월요일,충청남도 천안시 서북구 성거읍,경상사고,0,0,2,0,차대차 - 측면충돌,안전운전불이행,건조,맑음,주차장 - 주차장,화물,남,38세,상해없음,승용,남,49세,경상
2023071000100332,2023년 7월 10일 16시,월요일,충청남도 서산시 예천동,중상사고,0,2,2,0,차대차 - 측면충돌,신호위반,건조,맑음,교차로 - 교차로안,승용,여,58세,상해없음,승용,남,50세,경상
2023071000100333,2023년 7월 10일 16시,월요일,충청남도 천안시 서북구 두정동,경상사고,0,0,1,0,차대차 - 추돌,안전운전불이행,건조,맑음,단일로 - 기타,승용,여,41세,기타불명,이륜,남,44세,경상
2023071000100334,2023년 7월 10일 16시,월요일,충청남도 천안시 서북구 쌍용동,경상사고,0,0,1,0,차대차 - 측면충돌,안전운전불이행,건조,맑음,단일로 - 기타,승용,남,51세,상해없음,승용,남,39세,경상
2023071000100335,2023년 7월 10일 16시,월요일,충청남도 당진시 원당동,경상사고,0,0,1,0,차대차 - 측면충돌,안전운전불이행,건조,맑음,교차로 - 교차로안,승용,여,40세,상해없음,승용,여,55세,경상
2023071000100385,2023년 7월 10일 17시,월요일,충청남도 서산시 동문동,경상사고,0,0,1,0,차대차 - 정면충돌,차로위반,건조,맑음,교차로 - 교차로부근,화물,남,88세,상해없음,승용,여,46세,경상
2023071000100386,2023년 7월 10일 17시,월요일,충청남도 천안시 서북구 성환읍,경상사고,0,0,1,0,차대차 - 측면충돌,안전운전불이행,건조,맑음,교차로 - 교차로부근,승용,남,65세,기타불명,승용,남,43세,경상
2023071000100388,2023년 7월 10일 17시,월요일,충청남도 아산시 모종동,경상사고,0,0,1,0,차대사람 - 보도통행중,안전운전불이행,건조,맑음,단일로 - 기타,승합,남,25세,상해없음,보행자,남,72세,경상
2023071000100389,2023년 7월 10일 17시,월요일,충청남도 당진시 송산면,경상사고,0,0,1,0,차대차 - 후진중충돌,안전운전불이행,건조,흐림,단일로 - 기타,화물,남,69세,상해없음,승용,남,26세,경상
2023071000100439,2023년 7월 10일 18시,월요일,충청남도 천안시 동남구 신방동,경상사고,0,0,2,0,차대차 - 측면충돌,안전거리미확보,건조,맑음,단일로 - 기타,승용,남,64세,상해없음,원동기,남,18세,경상
2023071000100440,2023년 7월 10일 18시,월요일,충청남도 천안시 동남구 삼룡동,경상사고,0,0,1,0,차대차 - 기타,안전운전불이행,건조,맑음,단일로 - 터널,승용,남,54세,상해없음,승용,여,29세,경상
2023071000100500,2023년 7월 10일 20시,월요일,충청남도 서산시 음암면,중상사고,0,1,1,0,차대차 - 추돌,안전운전불이행,건조,맑음,단일로 - 기타,화물,남,41세,경상,농기계,남,67세,중상
2023071000100528,2023년 7월 10일 21시,월요일,충청남도 당진시 읍내동,경상사고,0,0,1,0,차대차 - 기타,안전운전불이행,건조,맑음,교차로 - 교차로안,승용,남,48세,상해없음,이륜,남,39세,경상
2023071000100546,2023년 7월 10일 22시,월요일,충청남도 천안시 동남구 신부동,중상사고,0,1,0,0,차대사람 - 기타,안전운전불이행,건조,맑음,단일로 - 기타,승용,남,19세,상해없음,보행자,여,79세,중상
2023071100100023,2023년 7월 11일 02시,화요일,충청남도 서천군 서천읍,경상사고,0,0,1,0,차량단독 - 기타,안전운전불이행,건조,맑음,교차로 - 교차로부근,승용,남,21세,경상,,,,
2023071100100028,2023년 7월 11일 04시,화요일,충청남도 계룡시 엄사면,경상사고,0,0,1,0,차대차 - 정면충돌,중앙선침범,건조,맑음,교차로 - 교차로안,승용,남,23세,상해없음,승용,남,71세,경상
2023071100100037,2023년 7월 11일 05시,화요일,충청남도 아산시 모종동,경상사고,0,0,1,0,차대차 - 측면충돌,직진우회전진행방해,건조,맑음,교차로 - 교차로안,승용,여,74세,기타불명,승용,남,54세,상해없음
2023071100100048,2023년 7월 11일 06시,화요일,충청남도 아산시 영인면,중상사고,0,2,0,0,차대차 - 측면충돌,중앙선침범,건조,흐림,단일로 - 기타,화물,남,63세,중상,승용,남,76세,중상
2023071100100106,2023년 7월 11일 08시,화요일,충청남도 아산시 온천동,중상사고,0,1,0,0,차대사람 - 횡단중,보행자보호의무위반,건조,맑음,교차로 - 교차로횡단보도내,승용,여,58세,상해없음,보행자,남,24세,중상
2023071100100107,2023년 7월 11일 08시,화요일,충청남도 예산군 신암면,경상사고,0,0,1,0,차대차 - 측면충돌,안전운전불이행,젖음/습기,흐림,기타 - 기타,화물,남,36세,상해없음,사륜오토바이(ATV),여,77세,경상
2023071100100108,2023년 7월 11일 08시,화요일,충청남도 천안시 동남구 성남면,경상사고,0,0,1,0,차대차 - 정면충돌,중앙선침범,건조,맑음,단일로 - 지하차도(도로)내,화물,남,22세,상해없음,승용,여,64세,경상
2023071100100216,2023년 7월 11일 11시,화요일,충청남도 천안시 서북구 불당동,경상사고,0,0,1,0,차대차 - 후진중충돌,안전운전불이행,건조,맑음,단일로 - 기타,승용,남,69세,상해없음,승용,여,22세,경상
2023071100100291,2023년 7월 11일 13시,화요일,충청남도 논산시 대교동,경상사고,0,0,1,0,차대차 - 측면충돌,교차로운행방법위반,젖음/습기,비,교차로 - 교차로부근,화물,남,32세,기타불명,승용,남,35세,경상
2023071100100292,2023년 7월 11일 13시,화요일,충청남도 천안시 동남구 용곡동,경상사고,0,0,1,0,차대차 - 측면충돌,안전거리미확보,젖음/습기,비,단일로 - 기타,승용,여,43세,상해없음,원동기,남,24세,경상
2023071100100330,2023년 7월 11일 14시,화요일,충청남도 천안시 서북구 성정동,경상사고,0,0,1,0,차대차 - 기타,안전운전불이행,건조,맑음,교차로 - 교차로안,원동기,남,29세,경상,원동기,남,49세,상해없음
2023071100100387,2023년 7월 11일 16시,화요일,충청남도 아산시 실옥동,경상사고,0,0,3,0,차대차 - 측면충돌,신호위반,건조,맑음,교차로 - 교차로안,승용,여,75세,기타불명,승용,남,42세,경상
2023071100100388,2023년 7월 11일 16시,화요일,충청남도 당진시 송악읍,부상신고사고,0,0,0,1,차대차 - 추돌,안전운전불이행,건조,맑음,단일로 - 기타,승용,남,49세,부상신고,특수,남,52세,상해없음
2023071100100424,2023년 7월 11일 17시,화요일,충청남도 천안시 동남구 구성동,경상사고,0,0,1,0,차대차 - 추돌,안전운전불이행,건조,맑음,교차로 - 교차로부근,승용,여,69세,상해없음,승용,여,61세,경상
2023071100100503,2023년 7월 11일 19시,화요일,충청남도 공주시 신관동,중상사고,0,1,0,0,차대차 - 측면충돌,안전운전불이행,젖음/습기,비,단일로 - 기타,승용,남,44세,상해없음,이륜,남,26세,중상
2023071100100531,2023년 7월 11일 20시,화요일,충청남도 보령시 대천동,경상사고,0,0,1,0,차대사람 - 차도통행중,안전운전불이행,젖음/습기,비,단일로 - 기타,이륜,남,45세,상해없음,보행자,남,62세,경상
2023071100100532,2023년 7월 11일 20시,화요일,충청남도 공주시 반죽동,중상사고,0,1,0,0,차대차 - 추돌,안전운전불이행,젖음/습기,비,교차로 - 교차로부근,승용,여,45세,기타불명,승용,남,55세,중상
2023071100100564,2023년 7월 11일 21시,화요일,충청남도 천안시 서북구 성성동,경상사고,0,0,2,0,차대차 - 측면충돌,안전거리미확보,건조,맑음,단일로 - 기타,승용,여,45세,상해없음,승용,남,26세,경상
2023071100100587,2023년 7월 11일 22시,화요일,충청남도 천안시 서북구 성정동,부상신고사고,0,0,0,1,차대차 - 측면충돌,신호위반,건조,맑음,교차로 - 교차로안,이륜,남,27세,상해없음,이륜,남,30세,부상신고
2023071100100588,2023년 7월 11일 22시,화요일,충청남도 아산시 온천동,경상사고,0,0,3,0,차대차 - 추돌,안전운전불이행,젖음/습기,흐림,교차로 - 교차로안,이륜,남,30세,기타불명,승용,남,50세,경상
2023071200100052,2023년 7월 12일 07시,수요일,충청남도 천안시 서북구 두정동,경상사고,0,0,1,0,차대차 - 측면충돌,안전운전불이행,건조,맑음,단일로 - 기타,자전거,남,41세,상해없음,이륜,남,49세,경상
2023071200100088,2023년 7월 12일 08시,수요일,충청남도 공주시 신관동,경상사고,0,0,2,0,차대차 - 측면충돌,교차로운행방법위반,젖음/습기,비,교차로 - 교차로부근,승용,남,43세,경상,승용,여,50세,경상
2023071200100163,2023년 7월 12일 11시,수요일,충청남도 아산시 둔포면,경상사고,0,0,1,0,차대차 - 추돌,안전거리미확보,건조,맑음,단일로 - 기타,화물,남,47세,상해없음,승용,여,36세,상해없음
2023071200100226,2023년 7월 12일 13시,수요일,충청남도 당진시 수청동,경상사고,0,0,2,0,차대차 - 추돌,안전운전불이행,건조,맑음,교차로 - 교차로부근,건설기계,남,64세,상해없음,화물,남,28세,경상
2023071200100368,2023년 7월 12일 17시,수요일,충청남도 서산시 성연면,사망사고,1,0,0,0,차대차 - 측면충돌,안전거리미확보,건조,맑음,단일로 - 기타,이륜,남,70세,사망,승용,여,57세,상해없음
2023071200100369,2023년 7월 12일 17시,수요일,충청남도 천안시 서북구 성정동,경상사고,0,0,1,0,차대차 - 측면충돌,안전운전불이행,건조,맑음,단일로 - 기타,승용,남,37세,상해없음,승용,남,56세,경상
2023071200100370,2023년 7월 12일 17시,수요일,충청남도 천안시 서북구 불당동,경상사고,0,0,2,1,차대차 - 추돌,안전운전불이행,건조,맑음,단일로 - 기타,승용,남,62세,상해없음,승용,여,43세,부상신고
2023071200100371,2023년 7월 12일 17시,수요일,충청남도 아산시 둔포면,경상사고,0,0,1,0,차대차 - 기타,안전운전불이행,건조,맑음,단일로 - 기타,승용,남,55세,상해없음,승용,남,45세,경상
2023071200100424,2023년 7월 12일 18시,수요일,충청남도 부여군 세도면,경상사고,0,0,2,0,차대차 - 측면충돌,안전운전불이행,건조,맑음,단일로 - 기타,농기계,남,62세,상해없음,화물,남,61세,상해없음
2023071200100485,2023년 7월 12일 20시,수요일,충청남도 서산시 예천동,경상사고,0,0,1,0,차대차 - 추돌,안전운전불이행,건조,맑음,단일로 - 기타,승용,남,46세,상해없음,승용,남,28세,상해없음
2023071200100486,2023년 7월 12일 20시,수요일,충청남도 서산시 동문동,부상신고사고,0,0,0,1,차량단독 - 기타,안전운전불이행,건조,맑음,단일로 - 기타,승합,남,59세,상해없음,,,,
2023071200100487,2023년 7월 12일 20시,수요일,충청남도 홍성군 홍북읍,경상사고,0,0,1,0,차대차 - 측면충돌,안전운전불이행,건조,맑음,단일로 - 기타,승용,여,29세,상해없음,자전거,여,11세,경상
2023071200100510,2023년 7월 12일 21시,수요일,충청남도 천안시 서북구 백석동,부상신고사고,0,0,0,1,차량단독 - 기타,안전운전불이행,건조,맑음,교차로 - 교차로부근,개인형이동수단(PM),남,40세,부상신고,,,,
2023071300100010,2023년 7월 13일 00시,목요일,충청남도 논산시 취암동,경상사고,0,0,4,0,차대차 - 측면충돌,신호위반,건조,맑음,교차로 - 교차로안,승용,남,32세,상해없음,승용,남,44세,경상
2023071300100011,2023년 7월 13일 00시,목요일,충청남도 천안시 동남구 사직동,부상신고사고,0,0,0,1,차대사람 - 기타,안전운전불이행,건조,맑음,교차로 - 교차로부근,승용,남,67세,상해없음,보행자,남,61세,부상신고
2023071300100032,2023년 7월 13일 03시,목요일,충청남도 부여군 부여읍,경상사고,0,0,1,0,차대차 - 측면충돌,신호위반,건조,맑음,교차로 - 교차로안,승용,남,60세,상해없음,승용,남,46세,경상
2023071300100064,2023년 7월 13일 07시,목요일,충청남도 당진시 읍내동,경상사고,0,0,1,0,차대차 - 기타,안전운전불이행,건조,맑음,기타 - 기타,승용,여,76세,상해없음,승용,남,48세,경상
2023071300100065,2023년 7월 13일 07시,목요일,충청남도 천안시 동남구 안서동,경상사고,0,0,1,0,차대차 - 측면충돌,교차로운행방법위반,건조,맑음,교차로 - 교차로안,승용,여,23세,상해없음,승용,남,35세,경상
2023071300100126,2023년 7월 13일 09시,목요일,충청남도 천안시 동남구 신부동,경상사고,0,0,1,0,차대차 - 측면충돌,안전운전불이행,젖음/습기,비,교차로 - 교차로안,승합,남,58세,상해없음,승용,남,68세,경상
2023071300100171,2023년 7월 13일 11시,목요일,충청남도 천안시 서북구 쌍용동,경상사고,0,0,2,0,차대차 - 기타,안전거리미확보,건조,맑음,기타 - 기타,승용,남,59세,상해없음,승합,남,50세,경상
2023071300100172,2023년 7월 13일 11시,목요일,충청남도 아산시 신창면,경상사고,0,0,4,0,차대차 - 추돌,신호위반,젖음/습기,비,교차로 - 교차로안,화물,남,52세,상해없음,승용,남,48세,경상
2023071300100203,2023년 7월 13일 12시,목요일,충청남도 천안시 서북구 백석동,부상신고사고,0,0,0,1,차대차 - 측면충돌,기타,건조,맑음,교차로 - 교차로안,승용,여,50세,상해없음,승용,여,59세,부상신고
2023071300100204,2023년 7월 13일 12시,목요일,충청남도 부여군 석성면,중상사고,0,2,0,0,차대차 - 추돌,안전운전불이행,건조,맑음,단일로 - 기타,승합,남,54세,상해없음,승용,여,61세,중상
2023071300100205,2023년 7월 13일 12시,목요일,충청남도 부여군 규암면,경상사고,0,0,3,0,차대차 - 기타,안전운전불이행,건조,맑음,단일로 - 기타,승용,남,78세,상해없음,승용,남,41세,경상
2023071300100206,2023년 7월 13일 12시,목요일,충청남도 천안시 동남구 유량동,경상사고,0,0,3,0,차대차 - 측면충돌,안전운전불이행,건조,맑음,기타 - 기타,승용,여,55세,경상,승용,여,68세,경상
2023071300100226,2023년 7월 13일 13시,목요일,충청남도 당진시 순성면,중상사고,0,1,0,0,차대사람 - 기타,교차로운행방법위반,건조,맑음,교차로 - 교차로안,승용,여,66세,상해없음,보행자,여,76세,중상
2023071300100252,2023년 7월 13일 14시,목요일,충청남도 천안시 서북구 성정동,중상사고,0,1,0,0,차대사람 - 횡단중,안전운전불이행,젖음/습기,비,교차로 - 교차로안,승용,여,55세,상해없음,보행자,여,70세,중상
2023071300100315,2023년 7월 13일 16시,목요일,충청남도 천안시 서북구 쌍용동,중상사고,0,1,0,0,차대사람 - 차도통행중,안전운전불이행,젖음/습기,비,단일로 - 기타,승용,여,61세,상해없음,보행자,여,27세,중상
2023071300100316,2023년 7월 13일 16시,목요일,충청남도 천안시 서북구 불당동,경상사고,0,0,1,1,차대차 - 측면충돌,직진우회전진행방해,건조,맑음,교차로 - 교차로안,승용,남,54세,부상신고,승용,여,41세,경상
2023071300100317,2023년 7월 13일 16시,목요일,충청남도 금산군 추부면,경상사고,0,0,1,0,차대차 - 정면충돌,중앙선침범,젖음/습기,비,단일로 - 기타,승용,남,59세,상해없음,승용,여,50세,경상
2023071300100383,2023년 7월 13일 18시,목요일,충청남도 논산시 연무읍,중상사고,0,1,0,0,차대사람 - 차도통행중,안전운전불이행,건조,맑음,단일로 - 기타,기타불명,기타불명,미분류,기타불명,보행자,여,84세,중상
2023071300100443,2023년 7월 13일 20시,목요일,충청남도 공주시 신관동,중상사고,0,1,1,0,차대사람 - 횡단중,보행자보호의무위반,젖음/습기,비,단일로 - 기타,이륜,남,22세,기타불명,보행자,남,44세,중상
2023071300100471,2023년 7월 13일 21시,목요일,충청남도 금산군 금산읍,경상사고,0,0,1,0,차대차 - 후진중충돌,안전운전불이행,젖음/습기,비,교차로 - 교차로안,승용,남,63세,상해없음,승용,여,32세,경상
2023071400100050,2023년 7월 14일 05시,금요일,충청남도 천안시 동남구 봉명동,중상사고,0,1,0,0,차대사람 - 횡단중,보행자보호의무위반,젖음/습기,비,단일로 - 기타,승용,남,23세,상해없음,보행자,남,73세,중상
2023071400100058,2023년 7월 14일 06시,금요일,충청남도 서산시 대산읍,경상사고,0,0,1,0,차대차 - 측면충돌,안전운전불이행,건조,맑음,단일로 - 기타,화물,남,47세,상해없음,승용,남,31세,경상
2023071400100135,2023년 7월 14일 09시,금요일,충청남도 천안시 동남구 풍세면,경상사고,0,0,1,0,차대차 - 측면충돌,안전운전불이행,젖음/습기,비,교차로 - 교차로안,화물,남,71세,상해없음,승용,남,52세,경상
2023071400100136,2023년 7월 14일 09시,금요일,충청남도 천안시 동남구 신방동,경상사고,0,0,1,0,차대차 - 기타,안전거리미확보,젖음/습기,흐림,단일로 - 기타,승용,여,50세,상해없음,승용,여,49세,경상
2023071400100158,2023년 7월 14일 10시,금요일,충청남도 천안시 서북구 백석동,경상사고,0,0,1,0,차대사람 - 기타,안전운전불이행,건조,맑음,기타 - 기타,승용,남,38세,상해없음,보행자,여,59세,경상
2023071400100159,2023년 7월 14일 10시,금요일,충청남도 천안시 서북구 백석동,경상사고,0,0,1,0,차대차 - 추돌,안전운전불이행,젖음/습기,비,교차로 - 교차로부근,승용,여,41세,상해없음,승용,여,40세,경상
2023071400100160,2023년 7월 14일 10시,금요일,충청남도 천안시 서북구 두정동,부상신고사고,0,0,0,1,차대차 - 측면충돌,안전운전불이행,젖음/습기,비,교차로 - 교차로안,원동기,남,64세,부상신고,화물,남,46세,상해없음
2023071400100218,2023년 7월 14일 12시,금요일,충청남도 서천군 마서면,중상사고,0,1,0,0,차량단독 - 공작물충돌,안전운전불이행,젖음/습기,비,단일로 - 기타,화물,남,50세,중상,,,,
2023071400100219,2023년 7월 14일 12시,금요일,충청남도 부여군 석성면,경상사고,0,0,3,0,차대차 - 기타,직진우회전진행방해,젖음/습기,비,교차로 - 교차로안,승용,남,35세,경상,화물,남,60세,경상
2023071400100220,2023년 7월 14일 12시,금요일,충청남도 당진시 우강면,중상사고,0,2,1,0,차대차 - 정면충돌,중앙선침범,젖음/습기,비,단일로 - 기타,화물,남,49세,상해없음,승용,남,24세,중상
2023071400100221,2023년 7월 14일 12시,금요일,충청남도 천안시 동남구 다가동,경상사고,0,0,1,0,차대차 - 측면충돌,안전거리미확보,젖음/습기,비,단일로 - 기타,승용,남,61세,상해없음,승용,여,45세,경상
2023071400100252,2023년 7월 14일 13시,금요일,충청남도 서산시 해미면,경상사고,0,0,1,0,차대차 - 측면충돌,안전거리미확보,젖음/습기,비,교차로 - 교차로부근,승용,남,74세,상해없음,승용,여,29세,경상
2023071400100289,2023년 7월 14일 14시,금요일,충청남도 논산시 내동,중상사고,0,1,0,0,차대사람 - 횡단중,보행자보호의무위반,젖음/습기,비,교차로 - 교차로횡단보도내,승용,남,39세,상해없음,보행자,여,70세,중상
2023071400100290,2023년 7월 14일 14시,금요일,충청남도 홍성군 홍성읍,경상사고,0,0,1,0,차대사람 - 횡단중,안전운전불이행,젖음/습기,비,단일로 - 기타,화물,남,69세,상해없음,보행자,남,59세,경상
2023071400100363,2023년 7월 14일 16시,금요일,충청남도 아산시 득산동,경상사고,0,0,1,0,차대차 - 측면충돌,안전운전불이행,젖음/습기,비,교차로 - 교차로안,승용,여,54세,상해없음,승용,남,31세,경상
2023071400100392,2023년 7월 14일 17시,금요일,충청남도 천안시 서북구 두정동,경상사고,0,0,2,0,차대차 - 후진중충돌,안전운전불이행,젖음/습기,비,기타 - 기타,승용,여,49세,상해없음,승용,여,38세,경상
2023071400100478,2023년 7월 14일 19시,금요일,충청남도 예산군 신양면,경상사고,0,0,2,0,차대차 - 정면충돌,중앙선침범,젖음/습기,비,단일로 - 기타,승용,남,42세,상해없음,승용,남,35세,경상
2023071400100510,2023년 7월 14일 20시,금요일,충청남도 천안시 서북구 쌍용동,중상사고,0,1,0,0,차대사람 - 기타,안전운전불이행,젖음/습기,비,단일로 - 기타,개인형이동수단(PM),남,17세,상해없음,보행자,남,26세,중상
2023071400100511,2023년 7월 14일 20시,금요일,충청남도 논산시 내동,경상사고,0,0,1,0,차대차 - 측면충돌,직진우회전진행방해,건조,맑음,교차로 - 교차로안,이륜,남,34세,경상,승용,남,66세,상해없음