사고번호,사고일시,요일,시군구,사고내용,사망자수,중상자수,경상자수,부상신고자수,사고유형,법규위반,노면상태,기상상태,도로형태,가해운전자 차종,가해운전자 성별,가해운전자 연령,가해운전자 상해정도,피해운전자 차종,피해운전자 성별,피해운전자 연령,피해운전자 상해정도
2023072400100233,2023년 7월 24일 12시,월요일,충청남도 천안시 동남구 삼룡동,경상사고,0,0,1,0,차대차 - 측면충돌,안전거리미확보,건조,맑음,단일로 - 기타,승용,여,48세,상해없음,승용,여,49세,경상
2023072400100268,2023년 7월 24일 13시,월요일,충청남도 천안시 서북구 성정동,경상사고,0,0,1,0,차대차 - 측면충돌,교차로운행방법위반,건조,맑음,교차로 - 교차로안,승용,남,68세,상해없음,승용,여,51세,경상
2023072400100269,2023년 7월 24일 13시,월요일,충청남도 천안시 동남구 목천읍,중상사고,0,1,1,0,차대차 - 측면충돌,교차로운행방법위반,건조,맑음,교차로 - 교차로안,승용,남,38세,중상,승용,여,40세,경상
2023072400100308,2023년 7월 24일 14시,월요일,충청남도 천안시 서북구 쌍용동,중상사고,0,1,0,0,차대사람 - 횡단중,안전운전불이행,건조,맑음,교차로 - 교차로안,화물,남,67세,상해없음,보행자,여,58세,중상
2023072400100309,2023년 7월 24일 14시,월요일,충청남도 보령시 동대동,중상사고,0,1,1,0,차대차 - 정면충돌,신호위반,건조,맑음,교차로 - 교차로안,승용,남,49세,상해없음,승용,여,38세,중상
2023072400100310,2023년 7월 24일 14시,월요일,충청남도 부여군 부여읍,경상사고,0,0,1,0,차대차 - 측면충돌,안전운전불이행,건조,맑음,교차로 - 교차로부근,화물,남,83세,상해없음,승용,여,67세,경상
2023072400100345,2023년 7월 24일 15시,월요일,충청남도 당진시 송악읍,경상사고,0,0,1,0,차대차 - 추돌,안전운전불이행,건조,맑음,단일로 - 기타,이륜,남,39세,상해없음,승용,여,40세,경상
2023072400100394,2023년 7월 24일 16시,월요일,충청남도 천안시 서북구 불당동,경상사고,0,0,1,0,차대차 - 정면충돌,안전운전불이행,건조,맑음,기타 - 기타,승용,남,25세,상해없음,승용,남,26세,경상
2023072400100395,2023년 7월 24일 16시,월요일,충청남도 부여군 부여읍,경상사고,0,0,1,0,차대사람 - 차도통행중,안전운전불이행,건조,맑음,교차로 - 교차로안,승용,여,52세,상해없음,보행자,남,73세,경상
2023072400100426,2023년 7월 24일 17시,월요일,충청남도 예산군 대술면,중상사고,0,2,1,0,차대차 - 기타,안전운전불이행,건조,맑음,단일로 - 기타,기타불명,기타불명,미분류,기타불명,승용,남,36세,중상
2023072400100467,2023년 7월 24일 18시,월요일,충청남도 천안시 서북구 불당동,경상사고,0,0,1,0,차대차 - 측면충돌,신호위반,건조,맑음,교차로 - 교차로부근,승용,여,65세,상해없음,승용,남,35세,경상
2023072400100468,2023년 7월 24일 18시,월요일,충청남도 천안시 서북구 쌍용동,부상신고사고,0,0,0,1,차대차 - 기타,안전거리미확보,건조,맑음,교차로 - 교차로안,승용,남,29세,상해없음,승용,남,52세,부상신고
2023072400100469,2023년 7월 24일 18시,월요일,충청남도 청양군 정산면,경상사고,0,0,1,0,차대차 - 측면충돌,중앙선침범,건조,맑음,교차로 - 교차로부근,이륜,여,77세,경상,승용,남,28세,상해없음
2023072400100502,2023년 7월 24일 19시,월요일,충청남도 천안시 서북구 쌍용동,경상사고,0,0,1,0,차대차 - 측면충돌,안전운전불이행,건조,맑음,단일로 - 기타,승용,여,56세,상해없음,자전거,남,39세,경상
2023072400100524,2023년 7월 24일 20시,월요일,충청남도 예산군 삽교읍,경상사고,0,0,1,0,차대차 - 측면충돌,직진우회전진행방해,건조,맑음,교차로 - 교차로안,이륜,여,18세,상해없음,승용,여,47세,경상
2023072400100525,2023년 7월 24일 20시,월요일,충청남도 천안시 동남구 청수동,중상사고,0,1,0,0,차대차 - 측면충돌,교차로운행방법위반,건조,맑음,교차로 - 교차로안,승용,남,39세,상해없음,이륜,남,38세,중상
2023072400100556,2023년 7월 24일 21시,월요일,충청남도 논산시 성동면,경상사고,0,0,3,0,차대차 - 추돌,안전운전불이행,건조,맑음,단일로 - 기타,승용,남,31세,상해없음,승용,남,38세,경상
2023072400100579,2023년 7월 24일 22시,월요일,충청남도 천안시 서북구 쌍용동,경상사고,0,0,1,0,차대차 - 추돌,안전운전불이행,건조,맑음,교차로 - 교차로부근,이륜,남,37세,상해없음,승용,남,55세,경상
2023072500100004,2023년 7월 25일 00시,화요일,충청남도 계룡시 엄사면,경상사고,0,0,4,0,차대차 - 측면충돌,교차로운행방법위반,건조,맑음,교차로 - 교차로안,승용,남,21세,상해없음,승용,남,43세,경상
2023072500100030,2023년 7월 25일 05시,화요일,충청남도 아산시 장존동,중상사고,0,1,0,0,차대사람 - 횡단중,보행자보호의무위반,건조,맑음,교차로 - 교차로횡단보도내,승용,남,71세,상해없음,보행자,여,70세,중상
2023072500100061,2023년 7월 25일 07시,화요일,충청남도 서천군 장항읍,중상사고,0,1,0,0,차대차 - 측면충돌,안전운전불이행,건조,맑음,단일로 - 기타,승합,여,52세,상해없음,자전거,남,82세,중상
2023072500100088,2023년 7월 25일 08시,화요일,충청남도 서산시 읍내동,경상사고,0,0,1,0,차대사람 - 횡단중,보행자보호의무위반,젖음/습기,흐림,교차로 - 교차로안,화물,남,62세,상해없음,보행자,여,42세,경상
2023072500100119,2023년 7월 25일 09시,화요일,충청남도 천안시 서북구 두정동,경상사고,0,0,1,0,차대차 - 기타,불법유턴,건조,맑음,단일로 - 기타,화물,남,55세,상해없음,승용,여,66세,경상
2023072500100166,2023년 7월 25일 11시,화요일,충청남도 천안시 서북구 불당동,경상사고,0,0,1,0,차대차 - 측면충돌,교차로운행방법위반,건조,맑음,교차로 - 교차로안,승용,여,31세,상해없음,승용,여,46세,경상
2023072500100167,2023년 7월 25일 11시,화요일,충청남도 부여군 부여읍,사망사고,1,0,0,0,차량단독 - 기타,안전운전불이행,건조,맑음,단일로 - 기타,이륜,여,77세,사망,,,,
2023072500100168,2023년 7월 25일 11시,화요일,충청남도 천안시 동남구 목천읍,경상사고,0,0,1,0,차대차 - 기타,안전운전불이행,건조,맑음,단일로 - 기타,화물,남,50세,상해없음,승용,여,43세,경상
2023072500100212,2023년 7월 25일 12시,화요일,충청남도 서산시 예천동,중상사고,0,1,0,0,차대차 - 측면충돌,신호위반,건조,맑음,교차로 - 교차로안,이륜,남,38세,상해없음,승용,여,46세,중상
2023072500100213,2023년 7월 25일 12시,화요일,충청남도 천안시 동남구 신부동,경상사고,0,0,1,0,차대차 - 측면충돌,중앙선침범,건조,맑음,단일로 - 기타,승용,남,37세,상해없음,이륜,남,47세,경상
2023072500100256,2023년 7월 25일 13시,화요일,충청남도 예산군 예산읍,경상사고,0,0,1,0,차대차 - 측면충돌,직진우회전진행방해,건조,맑음,교차로 - 교차로안,승용,여,43세,상해없음,승용,여,47세,경상
2023072500100311,2023년 7월 25일 15시,화요일,충청남도 아산시 배방읍,경상사고,0,0,1,0,차대차 - 측면충돌,안전운전불이행,건조,맑음,단일로 - 기타,승용,여,55세,상해없음,승용,남,61세,경상
2023072500100312,2023년 7월 25일 15시,화요일,충청남도 천안시 동남구 신부동,경상사고,0,0,2,0,차대차 - 기타,안전운전불이행,건조,맑음,단일로 - 기타,승용,여,67세,상해없음,승용,여,58세,경상
2023072500100349,2023년 7월 25일 16시,화요일,충청남도 서산시 동문동,경상사고,0,0,1,0,차대사람 - 길가장자리구역통행중,안전운전불이행,건조,맑음,단일로 - 기타,승용,남,69세,상해없음,보행자,남,54세,경상
2023072500100350,2023년 7월 25일 16시,화요일,충청남도 천안시 서북구 차암동,부상신고사고,0,0,0,1,차대차 - 측면충돌,직진우회전진행방해,건조,맑음,교차로 - 교차로안,승용,여,41세,상해없음,승용,남,44세,부상신고
2023072500100351,2023년 7월 25일 16시,화요일,충청남도 아산시 배방읍,경상사고,0,0,1,0,차대차 - 측면충돌,신호위반,건조,맑음,교차로 - 교차로안,승용,남,60세,기타불명,승용,남,43세,경상
2023072500100352,2023년 7월 25일 16시,화요일,충청남도 아산시 염치읍,경상사고,0,0,2,0,차대차 - 측면충돌,안전운전불이행,건조,맑음,교차로 - 교차로안,승용,여,54세,상해없음,승용,여,52세,경상
2023072500100353,2023년 7월 25일 16시,화요일,충청남도 예산군 덕산면,중상사고,0,1,0,0,차대사람 - 기타,안전운전불이행,건조,맑음,단일로 - 기타,화물,남,24세,상해없음,보행자,남,87세,중상
2023072500100382,2023년 7월 25일 17시,화요일,충청남도 천안시 서북구 불당동,부상신고사고,0,0,0,1,차대사람 - 보도통행중,기타,건조,맑음,단일로 - 기타,자전거,여,23세,상해없음,보행자,여,26세,부상신고
2023072500100383,2023년 7월 25일 17시,화요일,충청남도 당진시 채운동,경상사고,0,0,1,0,차대차 - 정면충돌,교차로운행방법위반,건조,맑음,교차로 - 교차로안,승용,여,68세,상해없음,승용,남,54세,경상
2023072500100421,2023년 7월 25일 18시,화요일,충청남도 서산시 동문동,중상사고,0,1,0,0,차대차 - 측면충돌,불법유턴,건조,맑음,교차로 - 교차로안,승용,여,61세,상해없음,이륜,남,36세,중상
2023072500100422,2023년 7월 25일 18시,화요일,충청남도 천안시 동남구 목천읍,경상사고,0,0,1,0,차대차 - 측면충돌,안전운전불이행,건조,맑음,교차로 - 교차로안,화물,남,39세,기타불명,승용,여,53세,경상
2023072500100455,2023년 7월 25일 19시,화요일,충청남도 천안시 동남구 북면,경상사고,0,0,1,0,차대차 - 기타,안전운전불이행,건조,맑음,단일로 - 기타,승용,남,58세,상해없음,승용,여,60세,경상
2023072500100498,2023년 7월 25일 21시,화요일,충청남도 천안시 서북구 불당동,경상사고,0,0,1,0,차대사람 - 차도통행중,안전운전불이행,젖음/습기,맑음,단일로 - 기타,승용,여,26세,상해없음,보행자,남,36세,경상
2023072600100005,2023년 7월 26일 00시,수요일,충청남도 서산시 갈산동,중상사고,0,1,0,0,차량단독 - 공작물충돌,안전운전불이행,건조,맑음,단일로 - 기타,승용,남,24세,중상,,,,
2023072600100036,2023년 7월 26일 06시,수요일,충청남도 아산시 탕정면,경상사고,0,0,1,0,차대차 - 추돌,안전운전불이행,건조,맑음,단일로 - 기타,승용,남,39세,상해없음,승용,남,34세,경상
2023072600100055,2023년 7월 26일 07시,수요일,충청남도 천안시 서북구 백석동,부상신고사고,0,0,0,1,차대차 - 기타,교차로운행방법위반,건조,맑음,단일로 - 기타,승용,여,24세,상해없음,승합,남,43세,상해없음
2023072600100056,2023년 7월 26일 07시,수요일,충청남도 아산시 권곡동,경상사고,0,0,1,0,차대차 - 측면충돌,신호위반,건조,맑음,교차로 - 교차로안,승용,남,43세,상해없음,화물,남,78세,경상
2023072600100057,2023년 7월 26일 07시,수요일,충청남도 아산시 음봉면,경상사고,0,0,3,0,차대차 - 추돌,안전운전불이행,건조,맑음,단일로 - 기타,화물,여,48세,상해없음,승용,남,41세,경상
2023072600100058,2023년 7월 26일 07시,수요일,충청남도 청양군 청양읍,부상신고사고,0,0,0,1,차대차 - 측면충돌,안전운전불이행,건조,맑음,교차로 - 교차로안,승용,여,62세,부상신고,승용,여,37세,상해없음
2023072600100089,2023년 7월 26일 08시,수요일,충청남도 천안시 서북구 두정동,경상사고,0,0,1,0,차대차 - 측면충돌,직진우회전진행방해,건조,맑음,교차로 - 교차로안,승용,여,29세,상해없음,승용,남,33세,경상
2023072600100090,2023년 7월 26일 08시,수요일,충청남도 논산시 연무읍,중상사고,0,1,0,0,차대사람 - 기타,안전운전불이행,건조,맑음,교차로 - 교차로안,승합,남,70세,상해없음,보행자,여,73세,중상
2023072600100091,2023년 7월 26일 08시,수요일,충청남도 서천군 종천면,중상사고,0,1,3,0,차대차 - 추돌,신호위반,건조,맑음,교차로 - 교차로부근,승용,여,41세,경상,승용,여,63세,경상
2023072600100092,2023년 7월 26일 08시,수요일,충청남도 예산군 삽교읍,경상사고,0,0,2,0,차대차 - 측면충돌,직진우회전진행방해,건조,맑음,교차로 - 교차로안,승용,여,24세,상해없음,이륜,남,84세,경상
2023072600100121,2023년 7월 26일 09시,수요일,충청남도 천안시 서북구 쌍용동,부상신고사고,0,0,0,2,차대차 - 측면충돌,안전거리미확보,건조,맑음,단일로 - 기타,승용,여,64세,상해없음,이륜,남,17세,부상신고
2023072600100173,2023년 7월 26일 11시,수요일,충청남도 아산시 둔포면,경상사고,0,0,1,0,차대차 - 기타,안전운전불이행,건조,맑음,단일로 - 기타,화물,여,65세,상해없음,화물,남,43세,경상
2023072600100212,2023년 7월 26일 12시,수요일,충청남도 천안시 서북구 두정동,경상사고,0,0,1,0,차대차 - 측면충돌,안전운전불이행,건조,맑음,단일로 - 기타,승합,남,54세,상해없음,승용,남,40세,경상
2023072600100259,2023년 7월 26일 13시,수요일,충청남도 아산시 신창면,중상사고,0,1,0,0,차대차 - 측면충돌,기타,건조,맑음,단일로 - 기타,승용,남,59세,상해없음,개인형이동수단(PM),남,28세,중상
2023072600100260,2023년 7월 26일 13시,수요일,충청남도 청양군 정산면,경상사고,0,0,1,0,차량단독 - 전도전복 - 전도,안전운전불이행,젖음/습기,비,교차로 - 교차로안,이륜,남,65세,경상,,,,
2023072600100261,2023년 7월 26일 13시,수요일,충청남도 천안시 동남구 원성동,경상사고,0,0,1,0,차대사람 - 횡단중,기타,건조,맑음,기타 - 기타,화물,남,32세,상해없음,보행자,남,48세,경상
2023072600100292,2023년 7월 26일 14시,수요일,충청남도 아산시 모종동,경상사고,0,0,1,0,차대차 - 측면충돌,직진우회전진행방해,건조,맑음,교차로 - 교차로안,승용,여,65세,상해없음,승용,여,22세,경상
2023072600100325,2023년 7월 26일 15시,수요일,충청남도 아산시 염치읍,경상사고,0,0,1,0,차대차 - 기타,안전운전불이행,건조,맑음,단일로 - 기타,화물,남,71세,상해없음,승용,남,26세,경상
2023072600100326,2023년 7월 26일 15시,수요일,충청남도 보령시 대천동,경상사고,0,0,1,0,차대차 - 측면충돌,직진우회전진행방해,건조,맑음,교차로 - 교차로안,기타불명,여,17세,경상,승용,남,50세,상해없음
2023072600100362,2023년 7월 26일 16시,수요일,충청남도 천안시 서북구 백석동,경상사고,0,0,1,0,차대차 - 기타,안전운전불이행,젖음/습기,비,교차로 - 교차로부근,화물,남,33세,경상,승용,남,68세,상해없음
2023072600100363,2023년 7월 26일 16시,수요일,충청남도 당진시 고대면,중상사고,0,1,0,0,차대차 - 기타,교차로운행방법위반,건조,맑음,교차로 - 교차로안,화물,남,59세,상해없음,자전거,남,86세,중상
2023072600100411,2023년 7월 26일 17시,수요일,충청남도 천안시 서북구 쌍용동,중상사고,0,1,0,0,차대사람 - 기타,보행자보호의무위반,건조,맑음,교차로 - 교차로횡단보도내,특수,남,60세,기타불명,보행자,남,73세,중상
2023072600100412,2023년 7월 26일 17시,수요일,충청남도 아산시 둔포면,경상사고,0,0,1,0,차대차 - 측면충돌,안전운전불이행,건조,맑음,교차로 - 교차로부근,승용,여,44세,기타불명,승용,남,30세,경상
2023072600100413,2023년 7월 26일 17시,수요일,충청남도 보령시 명천동,경상사고,0,0,1,0,차대차 - 측면충돌,신호위반,건조,맑음,교차로 - 교차로안,화물,남,58세,상해없음,승용,여,54세,경상
2023072600100414,2023년 7월 26일 17시,수요일,충청남도 보령시 대천동,경상사고,0,0,1,0,차대차 - 추돌,안전운전불이행,건조,맑음,단일로 - 기타,승용,남,76세,상해없음,승용,남,39세,경상
2023072600100415,2023년 7월 26일 17시,수요일,충청남도 예산군 오가면,경상사고,0,0,1,0,차대차 - 정면충돌,직진우회전진행방해,건조,맑음,교차로 - 교차로안,화물,남,62세,상해없음,화물,남,55세,경상
2023072600100496,2023년 7월 26일 19시,수요일,충청남도 아산시 음봉면,경상사고,0,0,1,0,차량단독 - 전도전복 - 전도,기타,젖음/습기,맑음,단일로 - 기타,이륜,남,38세,경상,,,,
2023072600100543,2023년 7월 26일 21시,수요일,충청남도 천안시 서북구 백석동,중상사고,0,1,0,0,차대차 - 후진중충돌,안전운전불이행,젖음/습기,비,단일로 - 기타,승용,남,33세,상해없음,이륜,남,53세,중상
2023072600100544,2023년 7월 26일 21시,수요일,충청남도 천안시 서북구 불당동,경상사고,0,0,1,1,차대사람 - 횡단중,안전운전불이행,건조,맑음,교차로 - 교차로안,개인형이동수단(PM),남,28세,부상신고,보행자,여,41세,경상
2023072600100545,2023년 7월 26일 21시,수요일,충청남도 천안시 서북구 두정동,경상사고,0,0,1,0,차대사람 - 차도통행중,안전운전불이행,건조,맑음,단일로 - 기타,승용,남,27세,상해없음,보행자,여,20세,경상
2023072600100569,2023년 7월 26일 22시,수요일,충청남도 청양군 청남면,사망사고,1,0,0,0,차대사람 - 차도통행중,기타,젖음/습기,흐림,단일로 - 기타,승용,여,24세,상해없음,보행자,남,67세,사망
2023072700100004,2023년 7월 27일 00시,목요일,충청남도 천안시 동남구 성황동,중상사고,0,1,0,0,차대차 - 기타,신호위반,건조,맑음,교차로 - 교차로안,승용,남,39세,상해없음,이륜,남,18세,중상
2023072700100015,2023년 7월 27일 01시,목요일,충청남도 천안시 서북구 쌍용동,경상사고,0,0,1,0,차대사람 - 횡단중,안전운전불이행,건조,맑음,교차로 - 교차로안,승용,남,62세,상해없음,보행자,여,39세,경상
2023072700100023,2023년 7월 27일 02시,목요일,충청남도 아산시 염치읍,중상사고,0,2,0,0,차대차 - 기타,안전운전불이행,건조,맑음,단일로 - 기타,승용,남,23세,상해없음,승용,남,47세,중상
2023072700100100,2023년 7월 27일 08시,목요일,충청남도 아산시 온천동,경상사고,0,0,1,0,차대차 - 측면충돌,신호위반,건조,맑음,교차로 - 교차로안,승용,남,60세,상해없음,승용,남,67세,경상
2023072700100140,2023년 7월 27일 09시,목요일,충청남도 서산시 음암면,경상사고,0,0,2,0,차대차 - 측면충돌,안전운전불이행,건조,맑음,교차로 - 교차로안,화물,남,40세,상해없음,승합,남,61세,상해없음
2023072700100141,2023년 7월 27일 09시,목요일,충청남도 천안시 서북구 직산읍,경상사고,0,0,1,0,차대차 - 기타,안전운전불이행,건조,맑음,단일로 - 기타,화물,남,63세,상해없음,화물,여,57세,경상
2023072700100168,2023년 7월 27일 10시,목요일,충청남도 천안시 동남구 봉명동,경상사고,0,0,2,0,차량단독 - 기타,안전운전불이행,건조,맑음,단일로 - 기타,승용,남,74세,상해없음,,,,
2023072700100169,2023년 7월 27일 10시,목요일,충청남도 천안시 동남구 풍세면,경상사고,0,0,5,2,차대차 - 추돌,안전운전불이행,건조,맑음,단일로 - 터널,승용,여,36세,상해없음,승용,남,42세,경상
2023072700100200,2023년 7월 27일 11시,목요일,충청남도 홍성군 갈산면,경상사고,0,0,1,0,차대차 - 기타,안전운전불이행,건조,맑음,교차로 - 교차로부근,사륜오토바이(ATV),여,78세,경상,승용,남,69세,상해없음
2023072700100201,2023년 7월 27일 11시,목요일,충청남도 아산시 둔포면,경상사고,0,0,1,0,차대차 - 정면충돌,안전운전불이행,건조,맑음,교차로 - 교차로안,승용,여,33세,상해없음,승용,여,39세,경상
2023072700100241,2023년 7월 27일 12시,목요일,충청남도 부여군 부여읍,경상사고,0,0,1,0,차대차 - 측면충돌,교차로운행방법위반,건조,맑음,교차로 - 교차로안,이륜,남,71세,경상,승합,남,49세,상해없음
2023072700100242,2023년 7월 27일 12시,목요일,충청남도 천안시 동남구 동면,경상사고,0,0,1,0,차대차 - 정면충돌,안전운전불이행,건조,맑음,단일로 - 기타,화물,남,65세,상해없음,승용,남,48세,경상
2023072700100312,2023년 7월 27일 14시,목요일,충청남도 공주시 상왕동,경상사고,0,0,1,0,차대차 - 기타,중앙선침범,건조,맑음,기타 - 기타,화물,남,82세,상해없음,승용,남,68세,경상
2023072700100313,2023년 7월 27일 14시,목요일,충청남도 천안시 동남구 신방동,경상사고,0,0,2,0,차대차 - 측면충돌,안전거리미확보,건조,맑음,단일로 - 기타,승용,남,69세,상해없음,승용,여,43세,경상
2023072700100350,2023년 7월 27일 15시,목요일,충청남도 아산시 온천동,중상사고,0,1,0,0,차대사람 - 횡단중,안전운전불이행,건조,맑음,단일로 - 기타,기타불명,기타불명,미분류,기타불명,보행자,여,65세,중상
2023072700100351,2023년 7월 27일 15시,목요일,충청남도 당진시 순성면,경상사고,0,0,1,0,차대차 - 측면충돌,안전운전불이행,건조,맑음,교차로 - 교차로안,원동기,여,68세,경상,승용,남,61세,상해없음
2023072700100400,2023년 7월 27일 16시,목요일,충청남도 천안시 서북구 쌍용동,경상사고,0,0,1,0,차대차 - 기타,안전운전불이행,건조,맑음,단일로 - 기타,승용,남,68세,상해없음,승용,여,66세,경상
2023072700100401,2023년 7월 27일 16시,목요일,충청남도 아산시 영인면,경상사고,0,0,1,0,차대차 - 측면충돌,안전거리미확보,건조,맑음,기타 - 기타,화물,남,49세,상해없음,승용,여,47세,경상
2023072700100402,2023년 7월 27일 16시,목요일,충청남도 서천군 서천읍,경상사고,0,0,1,0,차대차 - 기타,직진우회전진행방해,건조,맑음,교차로 - 교차로안,승용,여,62세,기타불명,승용,여,24세,경상
2023072700100403,2023년 7월 27일 16시,목요일,충청남도 보령시 대천동,경상사고,0,0,1,0,차대차 - 측면충돌,안전운전불이행,건조,맑음,단일로 - 기타,승용,남,72세,상해없음,이륜,여,75세,경상
2023072700100440,2023년 7월 27일 17시,목요일,충청남도 천안시 서북구 쌍용동,경상사고,0,0,1,0,차대사람 - 차도통행중,안전운전불이행,건조,맑음,교차로 - 교차로부근,승용,남,30세,상해없음,보행자,여,49세,경상
2023072700100441,2023년 7월 27일 17시,목요일,충청남도 천안시 동남구 성남면,경상사고,0,0,1,0,차대차 - 측면충돌,직진우회전진행방해,건조,맑음,교차로 - 교차로안,승용,남,62세,상해없음,원동기,남,50세,경상
2023072700100486,2023년 7월 27일 18시,목요일,충청남도 천안시 서북구 성성동,경상사고,0,0,1,0,차대차 - 후진중충돌,안전운전불이행,건조,맑음,단일로 - 기타,승용,여,62세,상해없음,승합,남,49세,경상
2023072700100487,2023년 7월 27일 18시,목요일,충청남도 아산시 탕정면,경상사고,0,0,1,0,차대차 - 측면충돌,안전운전불이행,건조,맑음,단일로 - 기타,화물,남,68세,상해없음,자전거,남,44세,경상
2023072700100488,2023년 7월 27일 18시,목요일,충청남도 부여군 규암면,중상사고,0,1,0,0,차대사람 - 차도통행중,안전운전불이행,건조,맑음,단일로 - 기타,화물,남,60세,상해없음,보행자,여,67세,중상
2023072700100523,2023년 7월 27일 19시,목요일,충청남도 부여군 장암면,중상사고,0,1,0,0,차대차 - 측면충돌,교차로운행방법위반,건조,맑음,교차로 - 교차로안,화물,남,26세,상해없음,화물,남,72세,중상
2023072700100558,2023년 7월 27일 20시,목요일,충청남도 아산시 탕정면,중상사고,0,1,0,0,차대차 - 기타,교차로운행방법위반,건조,맑음,교차로 - 교차로안,승용,남,61세,상해없음,이륜,남,41세,중상
2023072700100599,2023년 7월 27일 22시,목요일,충청남도 계룡시 엄사면,경상사고,0,0,1,0,차대차 - 측면충돌,신호위반,젖음/습기,흐림,교차로 - 교차로부근,화물,남,44세,상해없음,승용,남,62세,경상
2023072700100600,2023년 7월 27일 22시,목요일,충청남도 아산시 배방읍,경상사고,0,0,2,0,차대차 - 추돌,안전운전불이행,건조,맑음,교차로 - 교차로부근,화물,남,40세,상해없음,화물,남,57세,경상
2023072700100615,2023년 7월 27일 23시,목요일,충청남도 천안시 서북구 쌍용동,경상사고,0,0,1,0,차대차 - 추돌,안전운전불이행,건조,맑음,단일로 - 기타,승용,남,30세,상해없음,이륜,남,40세,경상
2023072800100026,2023년 7월 28일 03시,금요일,충청남도 천안시 서북구 백석동,경상사고,0,0,2,0,차대차 - 추돌,안전운전불이행,건조,맑음,교차로 - 교차로부근,승용,남,50세,상해없음,승용,남,37세,경상
2023072800100047,2023년 7월 28일 06시,금요일,충청남도 아산시 염치읍,경상사고,0,0,1,0,차대차 - 기타,안전거리미확보,건조,맑음,기타 - 기타,승용,남,58세,상해없음,승용,여,54세,경상
2023072800100069,2023년 7월 28일 07시,금요일,충청남도 천안시 서북구 불당동,중상사고,0,1,0,0,차대차 - 측면충돌,신호위반,건조,맑음,교차로 - 교차로안,원동기,남,37세,중상,화물,남,72세,상해없음
2023072800100070,2023년 7월 28일 07시,금요일,충청남도 천안시 서북구 백석동,경상사고,0,0,1,0,차대차 - 기타,안전운전불이행,건조,맑음,단일로 - 기타,승용,남,50세,상해없음,승용,남,35세,경상
2023072800100101,2023년 7월 28일 08시,금요일,충청남도 서산시 지곡면,중상사고,0,1,0,0,차대사람 - 횡단중,안전운전불이행,건조,맑음,단일로 - 기타,승용,여,28세,상해없음,보행자,여,80세,중상
2023072800100102,2023년 7월 28일 08시,금요일,충청남도 예산군 예산읍,중상사고,0,1,0,0,차대사람 - 기타,안전운전불이행,건조,맑음,기타 - 기타,승용,남,28세,상해없음,보행자,여,77세,중상
2023072800100163,2023년 7월 28일 10시,금요일,충청남도 아산시 배방읍,경상사고,0,0,1,0,차대차 - 측면충돌,안전운전불이행,건조,맑음,단일로 - 기타,승용,남,55세,상해없음,승용,남,39세,경상
2023072800100164,2023년 7월 28일 10시,금요일,충청남도 부여군 부여읍,경상사고,0,0,1,0,차대차 - 정면충돌,직진우회전진행방해,건조,맑음,교차로 - 교차로안,승용,남,63세,상해없음,원동기,여,71세,경상
2023072800100238,2023년 7월 28일 12시,금요일,충청남도 당진시 읍내동,경상사고,0,0,1,0,차대차 - 추돌,안전운전불이행,건조,맑음,단일로 - 기타,이륜,남,40세,상해없음,승용,여,67세,경상
2023072800100275,2023년 7월 28일 13시,금요일,충청남도 천안시 서북구 백석동,부상신고사고,0,0,0,1,차대차 - 기타,신호위반,건조,맑음,교차로 - 교차로안,기타불명,기타불명,미분류,기타불명,이륜,남,22세,부상신고
2023072800100276,2023년 7월 28일 13시,금요일,충청남도 보령시 동대동,경상사고,0,0,1,0,차대차 - 정면충돌,중앙선침범,건조,맑음,교차로 - 교차로부근,이륜,남,31세,상해없음,승용,남,44세,경상
2023072800100318,2023년 7월 28일 14시,금요일,충청남도 당진시 읍내동,경상사고,0,0,1,0,차대사람 - 보도통행중,보행자보호의무위반,건조,맑음,교차로 - 교차로부근,화물,남,64세,상해없음,보행자,여,53세,경상
2023072800100319,2023년 7월 28일 14시,금요일,충청남도 천안시 동남구 대흥동,경상사고,0,0,1,0,차대차 - 측면충돌,안전운전불이행,건조,맑음,교차로 - 교차로안,건설기계,남,52세,상해없음,화물,남,36세,경상
2023072800100388,2023년 7월 28일 16시,금요일,충청남도 아산시 염치읍,경상사고,0,0,1,0,차대차 - 측면충돌,안전운전불이행,건조,맑음,교차로 - 교차로안,승용,여,64세,상해없음,화물,남,34세,경상
2023072800100389,2023년 7월 28일 16시,금요일,충청남도 아산시 음봉면,경상사고,0,0,1,0,차대차 - 추돌,안전운전불이행,건조,맑음,단일로 - 기타,승용,여,58세,상해없음,승용,남,24세,경상
2023072800100439,2023년 7월 28일 17시,금요일,충청남도 보령시 대천동,경상사고,0,0,1,0,차대사람 - 길가장자리구역통행중,안전운전불이행,건조,맑음,단일로 - 기타,화물,남,65세,상해없음,보행자,여,55세,경상
2023072800100440,2023년 7월 28일 17시,금요일,충청남도 당진시 신평면,경상사고,0,0,1,0,차대차 - 추돌,안전운전불이행,건조,맑음,단일로 - 기타,승용,여,24세,상해없음,승용,여,33세,경상
2023072800100493,2023년 7월 28일 18시,금요일,충청남도 천안시 동남구 오룡동,경상사고,0,0,1,0,차대차 - 측면충돌,안전거리미확보,건조,맑음,교차로 - 교차로부근,승용,여,48세,상해없음,승용,여,30세,경상