사고번호,사고일시,요일,시군구,사고내용,사망자수,중상자수,경상자수,부상신고자수,사고유형,법규위반,노면상태,기상상태,도로형태,가해운전자 차종,가해운전자 성별,가해운전자 연령,가해운전자 상해정도,피해운전자 차종,피해운전자 성별,피해운전자 연령,피해운전자 상해정도
2023072800100530,2023년 7월 28일 19시,금요일,충청남도 논산시 내동,경상사고,0,0,1,0,차량단독 - 공작물충돌,안전운전불이행,건조,맑음,단일로 - 기타,승용,남,39세,경상,,,,
2023072800100559,2023년 7월 28일 20시,금요일,충청남도 아산시 풍기동,경상사고,0,0,1,0,차대차 - 기타,안전운전불이행,건조,맑음,교차로 - 교차로안,승용,남,68세,상해없음,승용,남,52세,경상
2023072800100560,2023년 7월 28일 20시,금요일,충청남도 아산시 염치읍,경상사고,0,0,1,0,차대차 - 추돌,안전운전불이행,건조,맑음,교차로 - 교차로부근,승용,남,44세,상해없음,승용,여,30세,경상
2023072800100561,2023년 7월 28일 20시,금요일,충청남도 태안군 태안읍,경상사고,0,0,1,0,차대차 - 측면충돌,안전운전불이행,건조,맑음,교차로 - 교차로안,승합,남,41세,상해없음,자전거,남,15세,경상
2023072800100595,2023년 7월 28일 21시,금요일,충청남도 아산시 배방읍,경상사고,0,0,1,0,차대차 - 기타,안전운전불이행,건조,맑음,교차로 - 교차로부근,승용,남,26세,상해없음,승용,여,29세,경상
2023072800100596,2023년 7월 28일 21시,금요일,충청남도 부여군 석성면,경상사고,0,0,1,0,차대차 - 추돌,안전운전불이행,건조,맑음,단일로 - 교량,승용,남,30세,상해없음,화물,여,28세,경상
2023072800100621,2023년 7월 28일 22시,금요일,충청남도 아산시 온천동,경상사고,0,0,1,0,차대차 - 추돌,안전운전불이행,건조,맑음,단일로 - 기타,승용,남,20세,상해없음,승합,남,42세,경상
2023072800100644,2023년 7월 28일 23시,금요일,충청남도 공주시 신관동,중상사고,0,1,0,0,차량단독 - 공작물충돌,안전운전불이행,건조,맑음,교차로 - 교차로안,이륜,남,18세,중상,,,,
2023072800100645,2023년 7월 28일 23시,금요일,충청남도 금산군 금성면,경상사고,0,0,1,0,차량단독 - 기타,안전운전불이행,건조,기타,기타 - 기타,승합,남,49세,상해없음,,,,
2023072900100015,2023년 7월 29일 00시,토요일,충청남도 서산시 대산읍,경상사고,0,0,1,0,차대차 - 추돌,안전거리미확보,건조,맑음,교차로 - 교차로부근,승용,남,50세,상해없음,승용,남,46세,경상
2023072900100091,2023년 7월 29일 07시,토요일,충청남도 청양군 대치면,사망사고,1,0,0,0,차대차 - 측면충돌,중앙선침범,건조,맑음,단일로 - 기타,이륜,남,73세,사망,건설기계,남,58세,상해없음
2023072900100139,2023년 7월 29일 09시,토요일,충청남도 천안시 서북구 입장면,부상신고사고,0,0,0,2,차대차 - 측면충돌,안전운전불이행,건조,맑음,교차로 - 교차로안,승용,남,39세,부상신고,승용,남,25세,부상신고
2023072900100167,2023년 7월 29일 10시,토요일,충청남도 서산시 석남동,중상사고,0,1,0,0,차대사람 - 횡단중,안전운전불이행,건조,맑음,교차로 - 교차로안,승용,남,69세,상해없음,보행자,여,69세,중상
2023072900100168,2023년 7월 29일 10시,토요일,충청남도 천안시 서북구 불당동,경상사고,0,0,1,1,차대차 - 측면충돌,교차로운행방법위반,건조,맑음,기타 - 기타,승용,남,72세,경상,승용,남,25세,부상신고
2023072900100169,2023년 7월 29일 10시,토요일,충청남도 천안시 동남구 용곡동,사망사고,2,0,0,0,차대차 - 정면충돌,신호위반,건조,맑음,교차로 - 교차로안,사륜오토바이(ATV),남,86세,사망,승용,남,48세,기타불명
2023072900100240,2023년 7월 29일 12시,토요일,충청남도 천안시 서북구 신당동,경상사고,0,0,1,0,차대차 - 측면충돌,안전거리미확보,건조,맑음,단일로 - 기타,이륜,남,27세,경상,승용,남,50세,상해없음
2023072900100242,2023년 7월 29일 12시,토요일,충청남도 보령시 대천동,중상사고,0,1,1,0,차대차 - 측면충돌,직진우회전진행방해,건조,맑음,교차로 - 교차로안,승용,여,61세,경상,승용,남,68세,중상
2023072900100277,2023년 7월 29일 13시,토요일,충청남도 계룡시 엄사면,경상사고,0,0,1,0,차량단독 - 공작물충돌,안전운전불이행,건조,맑음,단일로 - 기타,특수,남,71세,상해없음,,,,
2023072900100278,2023년 7월 29일 13시,토요일,충청남도 홍성군 홍성읍,경상사고,0,0,4,0,차대차 - 정면충돌,안전운전불이행,건조,맑음,교차로 - 교차로안,승용,남,25세,상해없음,승용,남,56세,경상
2023072900100321,2023년 7월 29일 14시,토요일,충청남도 천안시 동남구 삼룡동,중상사고,0,1,0,0,차대차 - 측면충돌,안전거리미확보,건조,맑음,단일로 - 기타,화물,남,48세,상해없음,승용,남,60세,중상
2023072900100355,2023년 7월 29일 15시,토요일,충청남도 천안시 서북구 불당동,중상사고,0,1,0,0,차대차 - 측면충돌,신호위반,건조,맑음,단일로 - 기타,승용,남,21세,상해없음,이륜,남,22세,중상
2023072900100356,2023년 7월 29일 15시,토요일,충청남도 아산시 권곡동,경상사고,0,0,1,0,차대차 - 추돌,안전운전불이행,건조,맑음,기타 - 기타,승용,여,47세,상해없음,자전거,남,48세,경상
2023072900100357,2023년 7월 29일 15시,토요일,충청남도 보령시 동대동,중상사고,0,1,1,0,차대사람 - 기타,안전운전불이행,건조,맑음,교차로 - 교차로부근,승용,남,18세,상해없음,보행자,여,53세,중상
2023072900100358,2023년 7월 29일 15시,토요일,충청남도 부여군 외산면,중상사고,0,1,1,0,차대차 - 추돌,중앙선침범,건조,맑음,단일로 - 기타,화물,남,66세,상해없음,승용,여,33세,중상
2023072900100440,2023년 7월 29일 17시,토요일,충청남도 보령시 명천동,경상사고,0,0,1,0,차대차 - 추돌,안전거리미확보,건조,맑음,교차로 - 교차로부근,승용,남,34세,상해없음,승용,남,30세,경상
2023072900100441,2023년 7월 29일 17시,토요일,충청남도 천안시 동남구 청당동,중상사고,0,1,0,0,차대사람 - 보도통행중,안전운전불이행,건조,맑음,단일로 - 기타,원동기,남,37세,상해없음,보행자,남,58세,중상
2023072900100515,2023년 7월 29일 19시,토요일,충청남도 예산군 예산읍,중상사고,0,1,0,0,차대차 - 측면충돌,안전운전불이행,건조,맑음,교차로 - 교차로부근,승용,여,49세,상해없음,이륜,남,87세,중상
2023072900100516,2023년 7월 29일 19시,토요일,충청남도 당진시 수청동,경상사고,0,0,1,0,차대차 - 추돌,안전운전불이행,건조,맑음,교차로 - 교차로부근,승용,남,51세,상해없음,승용,남,35세,경상
2023072900100528,2023년 7월 29일 20시,토요일,충청남도 천안시 서북구 성환읍,중상사고,0,1,0,0,차대사람 - 길가장자리구역통행중,안전운전불이행,건조,맑음,단일로 - 기타,승용,여,57세,상해없음,보행자,남,67세,중상
2023072900100545,2023년 7월 29일 21시,토요일,충청남도 당진시 읍내동,경상사고,0,0,1,0,차대차 - 측면충돌,교차로운행방법위반,건조,맑음,교차로 - 교차로안,승용,여,68세,상해없음,승합,남,56세,상해없음
2023072900100557,2023년 7월 29일 22시,토요일,충청남도 천안시 서북구 성거읍,부상신고사고,0,0,0,1,차량단독 - 전도전복 - 전도,안전운전불이행,건조,맑음,단일로 - 기타,이륜,남,29세,부상신고,,,,
2023072900100575,2023년 7월 29일 23시,토요일,충청남도 보령시 동대동,경상사고,0,0,1,0,차대사람 - 횡단중,안전운전불이행,건조,흐림,교차로 - 교차로안,승용,여,27세,상해없음,보행자,여,25세,경상
2023073000100074,2023년 7월 30일 09시,일요일,충청남도 공주시 계룡면,사망사고,1,0,0,0,차량단독 - 기타,안전운전불이행,건조,맑음,단일로 - 기타,이륜,남,57세,사망,,,,
2023073000100102,2023년 7월 30일 10시,일요일,충청남도 계룡시 엄사면,중상사고,0,1,0,0,차대차 - 측면충돌,안전거리미확보,건조,맑음,단일로 - 기타,승용,여,48세,상해없음,자전거,남,80세,중상
2023073000100103,2023년 7월 30일 10시,일요일,충청남도 천안시 동남구 안서동,경상사고,0,0,1,0,차대차 - 측면충돌,안전운전불이행,건조,맑음,교차로 - 교차로부근,승용,여,46세,상해없음,이륜,남,48세,경상
2023073000100132,2023년 7월 30일 11시,일요일,충청남도 보령시 명천동,경상사고,0,0,1,0,차대사람 - 기타,안전운전불이행,건조,맑음,주차장 - 주차장,승용,남,56세,상해없음,보행자,남,65세,경상
2023073000100133,2023년 7월 30일 11시,일요일,충청남도 예산군 예산읍,중상사고,0,1,0,0,차대사람 - 차도통행중,안전운전불이행,건조,맑음,교차로 - 교차로안,승용,남,52세,상해없음,보행자,여,66세,중상
2023073000100156,2023년 7월 30일 12시,일요일,충청남도 공주시 쌍신동,중상사고,0,1,1,0,차대차 - 기타,안전거리미확보,건조,맑음,단일로 - 기타,승용,남,70세,상해없음,승용,남,69세,경상
2023073000100157,2023년 7월 30일 12시,일요일,충청남도 천안시 동남구 신부동,경상사고,0,0,1,0,차대차 - 측면충돌,안전운전불이행,건조,맑음,단일로 - 기타,승용,남,63세,상해없음,승용,남,20세,상해없음
2023073000100186,2023년 7월 30일 13시,일요일,충청남도 서산시 잠홍동,경상사고,0,0,1,0,차대차 - 기타,안전운전불이행,건조,맑음,단일로 - 기타,승용,남,22세,상해없음,승용,남,63세,경상
2023073000100187,2023년 7월 30일 13시,일요일,충청남도 금산군 제원면,경상사고,0,0,1,0,차대사람 - 길가장자리구역통행중,안전운전불이행,건조,맑음,단일로 - 기타,승용,여,24세,상해없음,보행자,여,62세,경상
2023073000100188,2023년 7월 30일 13시,일요일,충청남도 천안시 동남구 대흥동,경상사고,0,0,1,0,차대차 - 기타,직진우회전진행방해,건조,맑음,교차로 - 교차로안,승용,남,57세,상해없음,개인형이동수단(PM),남,35세,경상
2023073000100413,2023년 7월 30일 21시,일요일,충청남도 천안시 서북구 성정동,경상사고,0,0,1,0,차대사람 - 횡단중,안전운전불이행,건조,맑음,단일로 - 기타,승용,남,27세,상해없음,보행자,남,50세,경상
2023073000100434,2023년 7월 30일 23시,일요일,충청남도 서산시 성연면,중상사고,0,1,0,0,차대사람 - 기타,안전운전불이행,건조,맑음,단일로 - 기타,승용,남,44세,상해없음,보행자,남,39세,중상
2023073100100012,2023년 7월 31일 01시,월요일,충청남도 천안시 서북구 불당동,경상사고,0,0,3,0,차대차 - 기타,신호위반,건조,맑음,단일로 - 기타,승용,남,24세,상해없음,승용,여,21세,경상
2023073100100035,2023년 7월 31일 06시,월요일,충청남도 천안시 서북구 불당동,경상사고,0,0,1,0,차대차 - 측면충돌,안전운전불이행,건조,맑음,단일로 - 기타,승용,남,31세,상해없음,승용,남,22세,경상
2023073100100051,2023년 7월 31일 07시,월요일,충청남도 천안시 서북구 성성동,경상사고,0,0,2,0,차대사람 - 기타,보행자보호의무위반,건조,맑음,교차로 - 교차로횡단보도내,승용,남,59세,경상,보행자,남,32세,경상
2023073100100073,2023년 7월 31일 08시,월요일,충청남도 당진시 읍내동,경상사고,0,0,1,0,차대사람 - 횡단중,보행자보호의무위반,건조,맑음,교차로 - 교차로부근,승용,여,29세,상해없음,보행자,여,30세,경상
2023073100100106,2023년 7월 31일 09시,월요일,충청남도 부여군 내산면,중상사고,0,1,0,0,차대사람 - 기타,안전운전불이행,건조,맑음,교차로 - 교차로안,화물,남,20세,상해없음,보행자,남,47세,중상
2023073100100107,2023년 7월 31일 09시,월요일,충청남도 부여군 규암면,중상사고,0,1,0,0,차대사람 - 횡단중,안전운전불이행,건조,맑음,교차로 - 교차로안,승용,남,77세,상해없음,보행자,여,76세,중상
2023073100100108,2023년 7월 31일 09시,월요일,충청남도 태안군 이원면,중상사고,0,1,0,0,차대차 - 추돌,기타,건조,맑음,교차로 - 교차로부근,화물,남,36세,상해없음,이륜,여,63세,중상
2023073100100140,2023년 7월 31일 10시,월요일,충청남도 당진시 채운동,중상사고,0,1,0,0,차대차 - 측면충돌,신호위반,건조,맑음,교차로 - 교차로안,이륜,남,42세,상해없음,이륜,남,82세,중상
2023073100100141,2023년 7월 31일 10시,월요일,충청남도 천안시 동남구 청당동,중상사고,0,1,0,0,차대사람 - 기타,안전운전불이행,건조,맑음,단일로 - 기타,승합,남,58세,상해없음,보행자,여,82세,중상
2023073100100179,2023년 7월 31일 11시,월요일,충청남도 태안군 태안읍,경상사고,0,0,1,0,차대차 - 기타,안전운전불이행,건조,맑음,단일로 - 기타,승용,여,67세,상해없음,승용,남,27세,상해없음
2023073100100211,2023년 7월 31일 12시,월요일,충청남도 천안시 동남구 풍세면,경상사고,0,0,1,0,차대차 - 추돌,안전운전불이행,건조,맑음,단일로 - 기타,승용,남,74세,상해없음,승용,남,57세,경상
2023073100100212,2023년 7월 31일 12시,월요일,충청남도 천안시 동남구 목천읍,부상신고사고,0,0,0,1,차량단독 - 공작물충돌,안전운전불이행,건조,맑음,단일로 - 기타,원동기,남,54세,부상신고,,,,
2023073100100241,2023년 7월 31일 13시,월요일,충청남도 천안시 서북구 불당동,경상사고,0,0,1,0,차대차 - 측면충돌,안전거리미확보,건조,맑음,기타 - 기타,건설기계,남,63세,기타불명,승용,남,25세,경상
2023073100100242,2023년 7월 31일 13시,월요일,충청남도 보령시 신흑동,경상사고,0,0,3,0,차대차 - 후진중충돌,안전운전불이행,건조,맑음,단일로 - 기타,승용,여,31세,상해없음,승용,남,47세,상해없음
2023073100100243,2023년 7월 31일 13시,월요일,충청남도 당진시 신평면,중상사고,0,1,0,0,차대차 - 측면충돌,교차로운행방법위반,건조,맑음,단일로 - 기타,농기계,남,61세,상해없음,화물,여,75세,중상
2023073100100351,2023년 7월 31일 16시,월요일,충청남도 청양군 비봉면,중상사고,0,1,0,0,차대차 - 측면충돌,신호위반,건조,맑음,교차로 - 교차로안,화물,남,66세,상해없음,승용,남,28세,중상
2023073100100352,2023년 7월 31일 16시,월요일,충청남도 청양군 남양면,경상사고,0,0,1,0,차대차 - 추돌,안전운전불이행,건조,맑음,단일로 - 기타,승용,여,60세,상해없음,승용,여,57세,경상
2023073100100405,2023년 7월 31일 17시,월요일,충청남도 천안시 서북구 쌍용동,경상사고,0,0,1,0,차대사람 - 기타,안전운전불이행,건조,맑음,단일로 - 기타,승합,남,53세,상해없음,보행자,여,70세,경상
2023073100100446,2023년 7월 31일 18시,월요일,충청남도 천안시 서북구 성정동,중상사고,0,1,0,0,차대사람 - 기타,안전운전불이행,건조,맑음,교차로 - 교차로안,승용,남,47세,상해없음,보행자,여,11세,중상
2023073100100447,2023년 7월 31일 18시,월요일,충청남도 천안시 서북구 쌍용동,부상신고사고,0,0,0,2,차대차 - 측면충돌,중앙선침범,건조,맑음,단일로 - 기타,승용,여,63세,상해없음,승용,남,55세,부상신고
2023073100100488,2023년 7월 31일 19시,월요일,충청남도 천안시 서북구 백석동,경상사고,0,0,1,0,차대사람 - 기타,안전운전불이행,건조,맑음,교차로 - 교차로부근,승용,여,31세,상해없음,보행자,남,14세,경상
2023073100100567,2023년 7월 31일 23시,월요일,충청남도 홍성군 홍동면,중상사고,0,2,0,0,차대차 - 측면충돌,신호위반,건조,맑음,교차로 - 교차로안,승용,남,22세,상해없음,승용,남,58세,중상
2023080100100042,2023년 8월 1일 06시,화요일,충청남도 천안시 서북구 성정동,경상사고,0,0,2,0,차대차 - 측면충돌,안전운전불이행,건조,맑음,단일로 - 기타,승용,여,26세,상해없음,승합,남,50세,경상
2023080100100043,2023년 8월 1일 06시,화요일,충청남도 논산시 강산동,중상사고,0,1,0,0,차대차 - 정면충돌,안전운전불이행,건조,맑음,교차로 - 교차로안,승용,남,29세,상해없음,자전거,남,60세,중상
2023080100100044,2023년 8월 1일 06시,화요일,충청남도 천안시 동남구 목천읍,중상사고,0,1,0,0,차대사람 - 기타,안전운전불이행,건조,맑음,단일로 - 기타,승용,여,61세,상해없음,보행자,여,78세,중상
2023080100100066,2023년 8월 1일 07시,화요일,충청남도 천안시 서북구 쌍용동,경상사고,0,0,1,1,차대차 - 측면충돌,중앙선침범,건조,맑음,교차로 - 교차로안,승용,여,25세,부상신고,승용,남,30세,경상
2023080100100067,2023년 8월 1일 07시,화요일,충청남도 천안시 서북구 성거읍,경상사고,0,0,1,0,차대차 - 추돌,안전운전불이행,건조,맑음,단일로 - 기타,승용,남,30세,상해없음,승용,남,76세,경상
2023080100100068,2023년 8월 1일 07시,화요일,충청남도 아산시 탕정면,경상사고,0,0,1,0,차대차 - 기타,신호위반,건조,맑음,교차로 - 교차로안,승용,남,54세,기타불명,승용,남,40세,경상
2023080100100069,2023년 8월 1일 07시,화요일,충청남도 태안군 소원면,경상사고,0,0,1,0,차대차 - 추돌,안전운전불이행,건조,맑음,교차로 - 교차로안,화물,남,81세,상해없음,승용,남,61세,경상
2023080100100091,2023년 8월 1일 08시,화요일,충청남도 아산시 배방읍,경상사고,0,0,2,0,차대차 - 추돌,안전운전불이행,건조,맑음,교차로 - 교차로부근,승용,남,22세,상해없음,승용,여,29세,경상
2023080100100092,2023년 8월 1일 08시,화요일,충청남도 아산시 모종동,중상사고,0,1,1,0,차대차 - 측면충돌,신호위반,건조,맑음,교차로 - 교차로안,이륜,남,16세,중상,승용,남,27세,경상
2023080100100115,2023년 8월 1일 09시,화요일,충청남도 천안시 서북구 성정동,경상사고,0,0,1,0,차대차 - 측면충돌,안전운전불이행,건조,맑음,단일로 - 기타,승용,남,47세,상해없음,승합,남,49세,경상
2023080100100116,2023년 8월 1일 09시,화요일,충청남도 천안시 서북구 두정동,부상신고사고,0,0,0,1,차대차 - 기타,직진우회전진행방해,건조,맑음,교차로 - 교차로안,승용,남,62세,상해없음,자전거,여,9세,부상신고
2023080100100151,2023년 8월 1일 10시,화요일,충청남도 천안시 서북구 성정동,경상사고,0,0,1,0,차대차 - 측면충돌,직진우회전진행방해,건조,맑음,교차로 - 교차로부근,승용,여,41세,상해없음,승합,남,49세,경상
2023080100100152,2023년 8월 1일 10시,화요일,충청남도 아산시 온천동,사망사고,1,0,0,0,차대차 - 측면충돌,교차로운행방법위반,건조,맑음,교차로 - 교차로안,자전거,남,79세,사망,승용,남,30세,기타불명
2023080100100180,2023년 8월 1일 11시,화요일,충청남도 태안군 태안읍,경상사고,0,0,1,0,차대차 - 추돌,안전운전불이행,건조,흐림,단일로 - 기타,승용,남,43세,상해없음,농기계,남,31세,경상
2023080100100244,2023년 8월 1일 13시,화요일,충청남도 서산시 동문동,경상사고,0,0,1,0,차대차 - 기타,안전운전불이행,건조,맑음,교차로 - 교차로부근,화물,남,80세,상해없음,원동기,남,86세,경상
2023080100100281,2023년 8월 1일 14시,화요일,충청남도 당진시 송악읍,중상사고,0,1,2,1,차대차 - 기타,안전운전불이행,건조,맑음,단일로 - 기타,화물,여,23세,상해없음,화물,남,55세,경상
2023080100100351,2023년 8월 1일 16시,화요일,충청남도 아산시 배방읍,경상사고,0,0,1,0,차대차 - 기타,안전운전불이행,건조,맑음,교차로 - 교차로안,기타불명,기타불명,미분류,기타불명,자전거,여,26세,경상
2023080100100377,2023년 8월 1일 17시,화요일,충청남도 서산시 대산읍,중상사고,0,1,1,0,차대차 - 측면충돌,신호위반,건조,맑음,교차로 - 교차로안,이륜,남,54세,중상,승용,남,26세,경상
2023080100100378,2023년 8월 1일 17시,화요일,충청남도 서산시 온석동,경상사고,0,0,2,0,차대차 - 측면충돌,안전운전불이행,건조,맑음,교차로 - 교차로부근,개인형이동수단(PM),여,13세,경상,특수,남,45세,상해없음
2023080100100415,2023년 8월 1일 18시,화요일,충청남도 당진시 석문면,중상사고,0,1,0,0,차대차 - 측면충돌,중앙선침범,건조,맑음,교차로 - 교차로부근,화물,여,57세,상해없음,이륜,남,77세,중상
2023080100100535,2023년 8월 1일 22시,화요일,충청남도 아산시 배방읍,중상사고,0,1,0,0,차대차 - 측면충돌,중앙선침범,건조,맑음,기타 - 기타,승용,남,52세,상해없음,자전거,남,25세,중상
2023080100100536,2023년 8월 1일 22시,화요일,충청남도 보령시 동대동,경상사고,0,0,1,0,차대차 - 측면충돌,신호위반,건조,맑음,교차로 - 교차로안,승용,남,26세,상해없음,자전거,남,18세,경상
2023080100100537,2023년 8월 1일 22시,화요일,충청남도 천안시 동남구 신부동,경상사고,0,0,1,0,차대차 - 측면충돌,교차로운행방법위반,건조,맑음,교차로 - 교차로안,승용,여,29세,상해없음,승용,남,40세,경상
2023080100100551,2023년 8월 1일 23시,화요일,충청남도 천안시 서북구 직산읍,사망사고,1,0,0,0,차량단독 - 공작물충돌,안전운전불이행,건조,맑음,단일로 - 기타,이륜,남,28세,사망,,,,
2023080200100013,2023년 8월 2일 02시,수요일,충청남도 당진시 원당동,중상사고,0,1,0,0,차량단독 - 전도전복 - 전도,안전운전불이행,건조,맑음,교차로 - 교차로안,원동기,남,17세,중상,,,,
2023080200100035,2023년 8월 2일 06시,수요일,충청남도 서천군 기산면,사망사고,1,0,0,0,차량단독 - 공작물충돌,안전운전불이행,건조,맑음,단일로 - 기타,화물,남,67세,사망,,,,
2023080200100051,2023년 8월 2일 07시,수요일,충청남도 당진시 합덕읍,경상사고,0,0,1,0,차대차 - 측면충돌,교차로운행방법위반,건조,맑음,교차로 - 교차로부근,특수,남,51세,상해없음,승용,남,46세,경상
2023080200100052,2023년 8월 2일 07시,수요일,충청남도 천안시 동남구 신방동,경상사고,0,0,3,0,차대차 - 추돌,안전거리미확보,건조,맑음,단일로 - 기타,승용,남,46세,상해없음,승용,남,51세,경상
2023080200100131,2023년 8월 2일 10시,수요일,충청남도 논산시 연산면,경상사고,0,0,1,0,차대차 - 추돌,안전운전불이행,건조,맑음,단일로 - 기타,화물,남,32세,상해없음,이륜,남,56세,경상
2023080200100195,2023년 8월 2일 12시,수요일,충청남도 홍성군 홍성읍,경상사고,0,0,1,0,차대사람 - 횡단중,안전운전불이행,건조,맑음,교차로 - 교차로안,화물,남,39세,상해없음,보행자,여,65세,경상
2023080200100196,2023년 8월 2일 12시,수요일,충청남도 예산군 예산읍,중상사고,0,1,1,0,차대차 - 측면충돌,신호위반,건조,맑음,교차로 - 교차로안,승용,남,79세,상해없음,이륜,남,54세,경상
2023080200100234,2023년 8월 2일 13시,수요일,충청남도 천안시 서북구 두정동,부상신고사고,0,0,0,1,차대차 - 측면충돌,불법유턴,건조,맑음,단일로 - 기타,승용,여,53세,상해없음,이륜,남,26세,부상신고
2023080200100235,2023년 8월 2일 13시,수요일,충청남도 아산시 신창면,경상사고,0,0,1,0,차대차 - 추돌,안전운전불이행,건조,맑음,단일로 - 기타,승용,여,42세,상해없음,승용,여,45세,경상
2023080200100294,2023년 8월 2일 15시,수요일,충청남도 공주시 유구읍,경상사고,0,0,1,0,차대차 - 측면충돌,신호위반,건조,맑음,교차로 - 교차로안,승용,여,62세,기타불명,승용,남,26세,경상
2023080200100334,2023년 8월 2일 16시,수요일,충청남도 천안시 동남구 삼룡동,경상사고,0,0,1,0,차대차 - 측면충돌,교차로운행방법위반,건조,맑음,교차로 - 교차로안,화물,남,40세,기타불명,승용,남,53세,경상
2023080200100335,2023년 8월 2일 16시,수요일,충청남도 당진시 신평면,경상사고,0,0,5,0,차대차 - 측면충돌,안전운전불이행,건조,맑음,단일로 - 기타,승용,남,61세,상해없음,승용,남,38세,경상
2023080200100382,2023년 8월 2일 17시,수요일,충청남도 천안시 서북구 쌍용동,중상사고,0,1,0,0,차량단독 - 기타,안전운전불이행,건조,맑음,기타 - 기타,승합,남,59세,상해없음,,,,
2023080200100383,2023년 8월 2일 17시,수요일,충청남도 천안시 서북구 성거읍,경상사고,0,0,1,0,차대차 - 측면충돌,안전운전불이행,건조,맑음,단일로 - 기타,승용,남,49세,상해없음,승용,여,52세,경상
2023080200100430,2023년 8월 2일 18시,수요일,충청남도 아산시 둔포면,경상사고,0,0,1,0,차대차 - 추돌,안전운전불이행,건조,맑음,단일로 - 기타,승용,남,51세,상해없음,승용,여,55세,경상
2023080200100465,2023년 8월 2일 19시,수요일,충청남도 아산시 모종동,경상사고,0,0,1,0,차대차 - 측면충돌,안전운전불이행,건조,맑음,교차로 - 교차로안,이륜,남,41세,상해없음,자전거,남,16세,경상
2023080200100510,2023년 8월 2일 21시,수요일,충청남도 아산시 탕정면,경상사고,0,0,1,0,차대차 - 추돌,안전운전불이행,건조,맑음,단일로 - 기타,특수,남,47세,상해없음,승합,남,56세,경상
2023080200100534,2023년 8월 2일 22시,수요일,충청남도 서천군 서천읍,중상사고,0,1,0,0,차량단독 - 공작물충돌,안전운전불이행,건조,맑음,단일로 - 기타,원동기,남,27세,중상,,,,
2023080200100535,2023년 8월 2일 22시,수요일,충청남도 천안시 동남구 신부동,경상사고,0,0,2,0,차대차 - 측면충돌,차로위반,건조,맑음,단일로 - 기타,승용,여,66세,상해없음,승용,남,30세,경상
2023080200100553,2023년 8월 2일 23시,수요일,충청남도 천안시 서북구 두정동,부상신고사고,0,0,0,1,차대차 - 측면충돌,기타,건조,맑음,교차로 - 교차로안,원동기,남,17세,부상신고,승용,여,23세,상해없음
2023080300100011,2023년 8월 3일 01시,목요일,충청남도 태안군 태안읍,경상사고,0,0,1,0,차대사람 - 기타,안전운전불이행,건조,맑음,단일로 - 기타,승용,남,40세,상해없음,보행자,남,63세,경상
2023080300100071,2023년 8월 3일 07시,목요일,충청남도 부여군 부여읍,경상사고,0,0,1,0,차대차 - 기타,안전운전불이행,건조,맑음,단일로 - 기타,자전거,남,62세,경상,화물,남,70세,기타불명
2023080300100101,2023년 8월 3일 08시,목요일,충청남도 보령시 대천동,중상사고,0,2,0,0,차량단독 - 공작물충돌,안전운전불이행,건조,맑음,단일로 - 기타,승용,남,80세,중상,,,,
2023080300100102,2023년 8월 3일 08시,목요일,충청남도 금산군 금산읍,경상사고,0,0,1,0,차대사람 - 길가장자리구역통행중,안전운전불이행,건조,맑음,단일로 - 기타,승용,여,65세,상해없음,보행자,남,27세,경상
2023080300100137,2023년 8월 3일 09시,목요일,충청남도 보령시 대천동,경상사고,0,0,1,0,차대사람 - 기타,안전운전불이행,건조,맑음,단일로 - 기타,화물,남,64세,상해없음,보행자,여,83세,경상
2023080300100186,2023년 8월 3일 10시,목요일,충청남도 아산시 용화동,중상사고,0,1,0,0,차량단독 - 기타,안전운전불이행,건조,맑음,단일로 - 기타,승용,여,64세,중상,,,,
2023080300100187,2023년 8월 3일 10시,목요일,충청남도 서천군 비인면,부상신고사고,0,0,0,1,차대차 - 측면충돌,안전운전불이행,건조,맑음,단일로 - 기타,농기계,남,58세,상해없음,승용,여,70세,부상신고
2023080300100188,2023년 8월 3일 10시,목요일,충청남도 천안시 동남구 청당동,중상사고,0,1,0,0,차대사람 - 횡단중,보행자보호의무위반,건조,맑음,단일로 - 기타,승용,남,46세,상해없음,보행자,남,49세,중상
2023080300100230,2023년 8월 3일 11시,목요일,충청남도 천안시 서북구 업성동,경상사고,0,0,3,0,차대차 - 측면충돌,안전운전불이행,건조,맑음,단일로 - 기타,건설기계,남,60세,상해없음,승용,남,34세,경상
2023080300100268,2023년 8월 3일 12시,목요일,충청남도 서산시 석남동,경상사고,0,0,2,0,차대차 - 측면충돌,중앙선침범,건조,맑음,교차로 - 교차로부근,화물,남,64세,상해없음,특수,남,50세,경상
2023080300100269,2023년 8월 3일 12시,목요일,충청남도 서산시 동문동,중상사고,0,1,0,0,차량단독 - 전도전복 - 전도,안전운전불이행,건조,맑음,교차로 - 교차로부근,개인형이동수단(PM),남,16세,상해없음,,,,
2023080300100270,2023년 8월 3일 12시,목요일,충청남도 예산군 예산읍,경상사고,0,0,1,0,차대차 - 정면충돌,중앙선침범,건조,맑음,단일로 - 기타,승용,여,50세,상해없음,화물,남,48세,경상