사고번호,사고일시,요일,시군구,사고내용,사망자수,중상자수,경상자수,부상신고자수,사고유형,법규위반,노면상태,기상상태,도로형태,가해운전자 차종,가해운전자 성별,가해운전자 연령,가해운전자 상해정도,피해운전자 차종,피해운전자 성별,피해운전자 연령,피해운전자 상해정도
2023080300100297,2023년 8월 3일 13시,목요일,충청남도 천안시 서북구 성정동,중상사고,0,1,1,0,차대차 - 측면충돌,안전운전불이행,건조,맑음,교차로 - 교차로안,승용,여,53세,중상,화물,남,42세,경상
2023080300100298,2023년 8월 3일 13시,목요일,충청남도 공주시 신관동,경상사고,0,0,1,0,차량단독 - 전도전복 - 전도,안전운전불이행,건조,맑음,단일로 - 기타,건설기계,남,61세,경상,,,,
2023080300100322,2023년 8월 3일 14시,목요일,충청남도 서산시 석림동,경상사고,0,0,1,0,차대차 - 측면충돌,교차로운행방법위반,건조,맑음,교차로 - 교차로안,화물,남,62세,상해없음,승용,여,31세,경상
2023080300100361,2023년 8월 3일 15시,목요일,충청남도 천안시 서북구 불당동,경상사고,0,0,1,0,차대차 - 측면충돌,안전운전불이행,건조,맑음,단일로 - 기타,승용,남,51세,상해없음,승용,남,29세,경상
2023080300100362,2023년 8월 3일 15시,목요일,충청남도 천안시 서북구 불당동,경상사고,0,0,1,0,차대차 - 측면충돌,안전운전불이행,건조,맑음,교차로 - 교차로부근,승합,남,44세,상해없음,승용,여,45세,경상
2023080300100363,2023년 8월 3일 15시,목요일,충청남도 당진시 원당동,경상사고,0,0,2,0,차대차 - 측면충돌,기타,건조,맑음,단일로 - 기타,승용,남,31세,경상,승용,여,56세,경상
2023080300100402,2023년 8월 3일 16시,목요일,충청남도 예산군 예산읍,경상사고,0,0,1,0,차대사람 - 횡단중,안전운전불이행,건조,맑음,교차로 - 교차로부근,승용,남,42세,상해없음,보행자,여,69세,경상
2023080300100501,2023년 8월 3일 18시,목요일,충청남도 당진시 읍내동,경상사고,0,0,2,0,차대차 - 측면충돌,교차로운행방법위반,건조,맑음,교차로 - 교차로안,이륜,남,36세,경상,승용,남,41세,경상
2023080300100546,2023년 8월 3일 19시,목요일,충청남도 논산시 연무읍,중상사고,0,1,1,0,차대차 - 측면충돌,직진우회전진행방해,건조,맑음,교차로 - 교차로안,승용,남,41세,경상,이륜,남,50세,중상
2023080300100547,2023년 8월 3일 19시,목요일,충청남도 홍성군 홍북읍,경상사고,0,0,1,0,차대차 - 기타,안전거리미확보,건조,맑음,기타 - 기타,승용,여,35세,기타불명,승용,남,50세,경상
2023080300100578,2023년 8월 3일 20시,목요일,충청남도 보령시 죽정동,경상사고,0,0,1,0,차대차 - 추돌,안전운전불이행,건조,맑음,단일로 - 기타,승용,남,58세,상해없음,승용,남,49세,경상
2023080300100579,2023년 8월 3일 20시,목요일,충청남도 공주시 월송동,사망사고,1,0,0,0,차대차 - 추돌,안전운전불이행,건조,맑음,단일로 - 기타,승용,남,54세,기타불명,자전거,남,75세,사망
2023080300100603,2023년 8월 3일 21시,목요일,충청남도 서산시 성연면,경상사고,0,0,3,0,차대차 - 정면충돌,안전운전불이행,건조,맑음,교차로 - 교차로안,승용,여,18세,경상,승용,남,31세,경상
2023080300100604,2023년 8월 3일 21시,목요일,충청남도 천안시 서북구 두정동,중상사고,0,1,2,0,차대차 - 추돌,안전운전불이행,건조,맑음,교차로 - 교차로부근,승용,여,42세,상해없음,승용,여,32세,경상
2023080300100605,2023년 8월 3일 21시,목요일,충청남도 부여군 초촌면,경상사고,0,0,1,0,차대사람 - 기타,안전운전불이행,건조,맑음,단일로 - 기타,화물,남,36세,상해없음,보행자,여,18세,경상
2023080300100626,2023년 8월 3일 22시,목요일,충청남도 천안시 서북구 불당동,중상사고,0,1,0,0,차대사람 - 횡단중,보행자보호의무위반,건조,맑음,교차로 - 교차로횡단보도내,자전거,남,14세,상해없음,보행자,여,48세,중상
2023080300100627,2023년 8월 3일 22시,목요일,충청남도 당진시 합덕읍,경상사고,0,0,1,0,차대차 - 추돌,안전운전불이행,건조,맑음,단일로 - 기타,승합,남,62세,상해없음,자전거,남,14세,경상
2023080300100640,2023년 8월 3일 23시,목요일,충청남도 천안시 동남구 병천면,중상사고,0,1,0,0,차대사람 - 기타,안전운전불이행,건조,맑음,단일로 - 기타,승합,남,56세,상해없음,보행자,여,46세,중상
2023080400100006,2023년 8월 4일 00시,금요일,충청남도 논산시 등화동,경상사고,0,0,1,0,차량단독 - 전도전복 - 전도,기타,건조,맑음,단일로 - 기타,이륜,남,18세,경상,,,,
2023080400100063,2023년 8월 4일 07시,금요일,충청남도 당진시 송악읍,중상사고,0,1,0,0,차대차 - 측면충돌,신호위반,건조,맑음,단일로 - 기타,승용,남,66세,상해없음,승용,남,44세,중상
2023080400100090,2023년 8월 4일 08시,금요일,충청남도 논산시 벌곡면,경상사고,0,0,1,0,차대차 - 추돌,안전운전불이행,건조,맑음,기타 - 기타,화물,남,42세,상해없음,화물,남,41세,경상
2023080400100116,2023년 8월 4일 09시,금요일,충청남도 천안시 서북구 성정동,중상사고,0,1,1,0,차대차 - 기타,안전운전불이행,건조,맑음,교차로 - 교차로안,승용,남,48세,상해없음,승용,남,43세,경상
2023080400100117,2023년 8월 4일 09시,금요일,충청남도 논산시 대교동,중상사고,0,2,0,0,차대차 - 측면충돌,안전운전불이행,건조,맑음,교차로 - 교차로안,화물,남,66세,기타불명,승용,남,33세,중상
2023080400100118,2023년 8월 4일 09시,금요일,충청남도 서천군 서천읍,중상사고,0,1,0,0,차대사람 - 차도통행중,교차로운행방법위반,건조,맑음,교차로 - 교차로안,화물,남,75세,상해없음,보행자,여,70세,중상
2023080400100119,2023년 8월 4일 09시,금요일,충청남도 예산군 예산읍,경상사고,0,0,1,0,차대차 - 측면충돌,중앙선침범,건조,맑음,교차로 - 교차로부근,이륜,남,76세,상해없음,이륜,남,35세,경상
2023080400100120,2023년 8월 4일 09시,금요일,충청남도 금산군 부리면,경상사고,0,0,1,0,차대차 - 측면충돌,안전운전불이행,건조,맑음,단일로 - 기타,자전거,여,82세,경상,건설기계,남,31세,상해없음
2023080400100149,2023년 8월 4일 10시,금요일,충청남도 천안시 서북구 성정동,중상사고,0,1,0,0,차대차 - 측면충돌,안전운전불이행,건조,맑음,교차로 - 교차로부근,이륜,남,27세,상해없음,화물,여,53세,중상
2023080400100150,2023년 8월 4일 10시,금요일,충청남도 부여군 충화면,중상사고,0,1,0,0,차대차 - 정면충돌,안전운전불이행,건조,맑음,단일로 - 기타,화물,남,78세,상해없음,승용,남,51세,중상
2023080400100195,2023년 8월 4일 11시,금요일,충청남도 서산시 석남동,경상사고,0,0,3,0,차대차 - 측면충돌,차로위반,건조,맑음,교차로 - 교차로횡단보도내,승용,남,59세,상해없음,승용,남,35세,경상
2023080400100196,2023년 8월 4일 11시,금요일,충청남도 천안시 서북구 불당동,경상사고,0,0,2,0,차대차 - 기타,안전운전불이행,건조,맑음,단일로 - 기타,승용,남,78세,상해없음,승용,여,50세,경상
2023080400100197,2023년 8월 4일 11시,금요일,충청남도 서천군 마산면,중상사고,0,1,0,0,차대차 - 기타,안전운전불이행,건조,맑음,단일로 - 기타,원동기,남,38세,중상,원동기,남,36세,상해없음
2023080400100198,2023년 8월 4일 11시,금요일,충청남도 공주시 교동,경상사고,0,0,1,0,차대차 - 측면충돌,안전운전불이행,건조,맑음,교차로 - 교차로안,승용,남,56세,상해없음,자전거,남,9세,경상
2023080400100199,2023년 8월 4일 11시,금요일,충청남도 공주시 신관동,경상사고,0,0,1,0,차대차 - 기타,직진우회전진행방해,건조,맑음,교차로 - 교차로안,승용,남,56세,상해없음,이륜,남,45세,경상
2023080400100200,2023년 8월 4일 11시,금요일,충청남도 부여군 은산면,경상사고,0,0,2,0,차대차 - 기타,중앙선침범,건조,맑음,단일로 - 기타,승용,남,55세,상해없음,승용,남,54세,경상
2023080400100231,2023년 8월 4일 12시,금요일,충청남도 홍성군 홍성읍,경상사고,0,0,1,0,차대차 - 후진중충돌,안전운전불이행,건조,맑음,주차장 - 주차장,승용,남,39세,상해없음,이륜,남,21세,경상
2023080400100232,2023년 8월 4일 12시,금요일,충청남도 천안시 동남구 다가동,중상사고,0,2,0,0,차대차 - 정면충돌,중앙선침범,건조,맑음,교차로 - 교차로부근,승용,남,43세,상해없음,승용,남,34세,중상
2023080400100306,2023년 8월 4일 14시,금요일,충청남도 아산시 탕정면,경상사고,0,0,1,0,차대사람 - 차도통행중,안전운전불이행,건조,맑음,교차로 - 교차로부근,승용,남,35세,상해없음,보행자,여,32세,경상
2023080400100307,2023년 8월 4일 14시,금요일,충청남도 아산시 염치읍,경상사고,0,0,3,0,차대차 - 기타,중앙선침범,건조,맑음,기타 - 기타,승용,남,33세,상해없음,승합,남,56세,경상
2023080400100308,2023년 8월 4일 14시,금요일,충청남도 예산군 덕산면,중상사고,0,1,0,0,차대사람 - 길가장자리구역통행중,안전운전불이행,건조,맑음,단일로 - 기타,화물,여,79세,상해없음,보행자,남,31세,중상
2023080400100351,2023년 8월 4일 15시,금요일,충청남도 청양군 정산면,중상사고,0,1,0,0,차대차 - 측면충돌,직진우회전진행방해,건조,맑음,교차로 - 교차로안,이륜,남,68세,중상,승용,여,66세,상해없음
2023080400100394,2023년 8월 4일 16시,금요일,충청남도 금산군 금산읍,경상사고,0,0,1,0,차량단독 - 전도전복 - 전도,기타,건조,맑음,단일로 - 기타,이륜,남,75세,경상,,,,
2023080400100453,2023년 8월 4일 17시,금요일,충청남도 서산시 대산읍,경상사고,0,0,3,0,차대차 - 측면충돌,차로위반,건조,맑음,단일로 - 기타,승용,남,50세,상해없음,승용,남,32세,경상
2023080400100455,2023년 8월 4일 17시,금요일,충청남도 천안시 서북구 차암동,경상사고,0,0,1,0,차대차 - 기타,안전운전불이행,건조,맑음,단일로 - 기타,승용,남,31세,상해없음,승용,남,41세,경상
2023080400100456,2023년 8월 4일 17시,금요일,충청남도 천안시 서북구 성정동,경상사고,0,0,1,0,차대차 - 측면충돌,신호위반,건조,맑음,교차로 - 교차로안,승용,여,54세,상해없음,승합,남,39세,경상
2023080400100457,2023년 8월 4일 17시,금요일,충청남도 공주시 탄천면,경상사고,0,0,1,0,차대차 - 기타,교차로운행방법위반,건조,맑음,교차로 - 교차로부근,특수,남,64세,상해없음,승용,남,36세,경상
2023080400100508,2023년 8월 4일 18시,금요일,충청남도 천안시 서북구 성환읍,경상사고,0,0,1,0,차대차 - 추돌,안전거리미확보,건조,맑음,단일로 - 기타,승용,남,21세,상해없음,승용,남,32세,경상
2023080400100509,2023년 8월 4일 18시,금요일,충청남도 천안시 서북구 쌍용동,경상사고,0,0,2,0,차대차 - 측면충돌,안전거리미확보,건조,맑음,기타 - 기타,승용,여,27세,경상,승용,여,53세,경상
2023080400100554,2023년 8월 4일 19시,금요일,충청남도 논산시 벌곡면,사망사고,1,0,0,0,차대사람 - 차도통행중,안전운전불이행,건조,맑음,단일로 - 기타,화물,남,71세,상해없음,보행자,남,81세,사망
2023080400100555,2023년 8월 4일 19시,금요일,충청남도 공주시 신관동,부상신고사고,0,0,0,1,차대차 - 측면충돌,안전운전불이행,건조,맑음,교차로 - 교차로안,이륜,남,22세,부상신고,승용,남,24세,상해없음
2023080400100580,2023년 8월 4일 20시,금요일,충청남도 천안시 서북구 불당동,중상사고,0,1,0,0,차대차 - 측면충돌,안전거리미확보,건조,맑음,단일로 - 기타,승용,남,30세,상해없음,원동기,남,16세,중상
2023080400100581,2023년 8월 4일 20시,금요일,충청남도 아산시 풍기동,경상사고,0,0,4,0,차대차 - 측면충돌,안전운전불이행,건조,맑음,교차로 - 교차로안,승용,여,33세,상해없음,승용,남,30세,경상
2023080400100582,2023년 8월 4일 20시,금요일,충청남도 예산군 예산읍,경상사고,0,0,1,0,차대차 - 추돌,안전운전불이행,건조,흐림,교차로 - 교차로부근,화물,남,53세,상해없음,승용,여,64세,경상
2023080400100669,2023년 8월 4일 23시,금요일,충청남도 천안시 서북구 성정동,경상사고,0,0,1,0,차대사람 - 차도통행중,안전운전불이행,건조,맑음,단일로 - 기타,기타불명,기타불명,미분류,기타불명,보행자,남,29세,경상
2023080500100075,2023년 8월 5일 07시,토요일,충청남도 천안시 서북구 백석동,경상사고,0,0,1,0,차대차 - 기타,안전거리미확보,건조,맑음,단일로 - 기타,승용,남,41세,상해없음,승용,남,42세,경상
2023080500100095,2023년 8월 5일 08시,토요일,충청남도 천안시 서북구 쌍용동,경상사고,0,0,1,0,차대차 - 측면충돌,안전거리미확보,건조,맑음,단일로 - 기타,승용,여,28세,상해없음,승용,여,47세,상해없음
2023080500100096,2023년 8월 5일 08시,토요일,충청남도 논산시 가야곡면,경상사고,0,0,1,0,차량단독 - 도로외이탈 - 기타,안전운전불이행,건조,맑음,단일로 - 기타,화물,남,78세,기타불명,,,,
2023080500100097,2023년 8월 5일 08시,토요일,충청남도 천안시 동남구 성남면,중상사고,0,1,0,0,차대차 - 기타,신호위반,건조,맑음,교차로 - 교차로안,승용,남,48세,상해없음,원동기,남,56세,중상
2023080500100128,2023년 8월 5일 09시,토요일,충청남도 아산시 모종동,경상사고,0,0,2,0,차대차 - 기타,신호위반,건조,맑음,교차로 - 교차로안,승용,남,73세,상해없음,승용,남,26세,경상
2023080500100129,2023년 8월 5일 09시,토요일,충청남도 보령시 남포면,경상사고,0,0,1,0,차대차 - 측면충돌,직진우회전진행방해,건조,맑음,교차로 - 교차로안,원동기,남,74세,경상,화물,남,68세,상해없음
2023080500100168,2023년 8월 5일 10시,토요일,충청남도 부여군 부여읍,경상사고,0,0,2,0,차대차 - 측면충돌,안전거리미확보,건조,맑음,단일로 - 기타,승용,여,48세,상해없음,승용,남,44세,경상
2023080500100169,2023년 8월 5일 10시,토요일,충청남도 태안군 태안읍,경상사고,0,0,1,0,차대차 - 측면충돌,교차로운행방법위반,건조,맑음,교차로 - 교차로부근,화물,남,65세,기타불명,승용,여,55세,경상
2023080500100203,2023년 8월 5일 11시,토요일,충청남도 아산시 신창면,경상사고,0,0,2,0,차대차 - 측면충돌,안전거리미확보,건조,맑음,교차로 - 교차로부근,승용,남,74세,상해없음,승용,여,44세,경상
2023080500100204,2023년 8월 5일 11시,토요일,충청남도 보령시 주포면,중상사고,0,1,3,0,차대차 - 측면충돌,신호위반,건조,맑음,교차로 - 교차로안,승용,남,84세,상해없음,화물,남,52세,경상
2023080500100205,2023년 8월 5일 11시,토요일,충청남도 천안시 동남구 목천읍,경상사고,0,0,2,0,차대차 - 측면충돌,안전거리미확보,건조,맑음,단일로 - 기타,화물,남,54세,상해없음,승용,남,30세,경상
2023080500100245,2023년 8월 5일 12시,토요일,충청남도 천안시 서북구 두정동,경상사고,0,0,1,0,차대차 - 측면충돌,안전운전불이행,건조,맑음,단일로 - 기타,승용,여,33세,상해없음,승용,남,37세,경상
2023080500100281,2023년 8월 5일 13시,토요일,충청남도 청양군 정산면,경상사고,0,0,2,0,차량단독 - 공작물충돌,안전운전불이행,건조,맑음,단일로 - 기타,승용,여,56세,경상,,,,
2023080500100311,2023년 8월 5일 14시,토요일,충청남도 서산시 음암면,경상사고,0,0,5,0,차대차 - 측면충돌,차로위반,건조,맑음,교차로 - 교차로부근,화물,남,59세,상해없음,승용,남,24세,경상
2023080500100312,2023년 8월 5일 14시,토요일,충청남도 천안시 서북구 두정동,부상신고사고,0,0,0,1,차대차 - 측면충돌,안전거리미확보,건조,맑음,단일로 - 기타,승용,남,36세,상해없음,승용,여,41세,부상신고
2023080500100344,2023년 8월 5일 15시,토요일,충청남도 서산시 인지면,부상신고사고,0,0,0,1,차대차 - 기타,교차로운행방법위반,건조,맑음,교차로 - 교차로안,승용,여,60세,상해없음,승용,남,36세,부상신고
2023080500100345,2023년 8월 5일 15시,토요일,충청남도 태안군 태안읍,경상사고,0,0,4,0,차대차 - 추돌,기타,건조,맑음,단일로 - 기타,승용,남,44세,경상,승용,남,30세,경상
2023080500100369,2023년 8월 5일 16시,토요일,충청남도 홍성군 홍북읍,경상사고,0,0,1,0,차량단독 - 전도전복 - 전복,안전운전불이행,건조,맑음,교차로 - 교차로횡단보도내,개인형이동수단(PM),남,23세,경상,,,,
2023080500100370,2023년 8월 5일 16시,토요일,충청남도 아산시 탕정면,경상사고,0,0,1,0,차대차 - 측면충돌,안전운전불이행,건조,맑음,교차로 - 교차로안,승용,남,44세,상해없음,자전거,여,11세,경상
2023080500100402,2023년 8월 5일 17시,토요일,충청남도 천안시 동남구 사직동,부상신고사고,0,0,0,1,차대사람 - 기타,안전운전불이행,건조,맑음,단일로 - 기타,기타불명,기타불명,미분류,기타불명,보행자,여,77세,부상신고
2023080500100447,2023년 8월 5일 18시,토요일,충청남도 아산시 둔포면,경상사고,0,0,1,0,차대차 - 측면충돌,차로위반,건조,맑음,단일로 - 기타,승용,남,27세,상해없음,승용,남,56세,경상
2023080500100522,2023년 8월 5일 20시,토요일,충청남도 당진시 송악읍,중상사고,0,1,0,0,차대차 - 측면충돌,안전운전불이행,건조,맑음,교차로 - 교차로안,승용,남,66세,상해없음,이륜,남,35세,중상
2023080600100007,2023년 8월 6일 00시,일요일,충청남도 천안시 서북구 성환읍,경상사고,0,0,1,1,차대차 - 추돌,안전운전불이행,건조,맑음,교차로 - 교차로부근,이륜,남,22세,부상신고,승용,남,60세,경상
2023080600100017,2023년 8월 6일 01시,일요일,충청남도 천안시 서북구 불당동,부상신고사고,0,0,0,1,차량단독 - 기타,기타,건조,맑음,교차로 - 교차로부근,개인형이동수단(PM),남,42세,부상신고,,,,
2023080600100068,2023년 8월 6일 07시,일요일,충청남도 계룡시 신도안면,경상사고,0,0,1,0,차대차 - 추돌,안전운전불이행,건조,맑음,단일로 - 기타,자전거,남,48세,상해없음,승용,남,26세,경상
2023080600100145,2023년 8월 6일 11시,일요일,충청남도 서천군 서천읍,중상사고,0,1,0,0,차량단독 - 공작물충돌,안전운전불이행,건조,맑음,주차장 - 주차장,승용,남,71세,중상,,,,
2023080600100173,2023년 8월 6일 12시,일요일,충청남도 홍성군 홍북읍,경상사고,0,0,1,0,차대차 - 측면충돌,신호위반,건조,맑음,교차로 - 교차로안,화물,남,74세,상해없음,승용,남,23세,경상
2023080600100174,2023년 8월 6일 12시,일요일,충청남도 청양군 청양읍,중상사고,0,1,0,0,차량단독 - 공작물충돌,안전운전불이행,건조,맑음,교차로 - 교차로부근,승용,남,63세,중상,,,,
2023080600100221,2023년 8월 6일 14시,일요일,충청남도 홍성군 홍성읍,경상사고,0,0,1,0,차대차 - 측면충돌,교차로운행방법위반,건조,맑음,교차로 - 교차로안,승용,여,63세,상해없음,화물,남,41세,경상
2023080600100222,2023년 8월 6일 14시,일요일,충청남도 공주시 신관동,경상사고,0,0,1,0,차대차 - 측면충돌,안전운전불이행,건조,맑음,교차로 - 교차로부근,승용,남,70세,상해없음,승용,남,35세,경상
2023080600100251,2023년 8월 6일 15시,일요일,충청남도 태안군 남면,경상사고,0,0,2,0,차대차 - 정면충돌,안전운전불이행,건조,맑음,교차로 - 교차로안,승용,남,51세,상해없음,승용,남,36세,경상
2023080600100252,2023년 8월 6일 15시,일요일,충청남도 태안군 태안읍,경상사고,0,0,1,0,차대차 - 후진중충돌,안전운전불이행,건조,맑음,기타 - 기타,승용,남,52세,상해없음,승용,여,31세,경상
2023080600100284,2023년 8월 6일 16시,일요일,충청남도 천안시 서북구 성환읍,경상사고,0,0,1,0,차대차 - 측면충돌,안전운전불이행,건조,맑음,교차로 - 교차로안,화물,남,61세,상해없음,승용,남,29세,경상
2023080600100309,2023년 8월 6일 17시,일요일,충청남도 금산군 제원면,중상사고,0,1,0,0,차량단독 - 기타,안전운전불이행,건조,맑음,기타 - 기타,이륜,남,79세,중상,,,,
2023080600100310,2023년 8월 6일 17시,일요일,충청남도 천안시 동남구 신부동,경상사고,0,0,2,0,차대차 - 추돌,안전운전불이행,건조,맑음,기타 - 기타,승용,여,53세,기타불명,승용,여,28세,경상
2023080600100311,2023년 8월 6일 17시,일요일,충청남도 천안시 동남구 목천읍,경상사고,0,0,1,0,차대차 - 측면충돌,교차로운행방법위반,건조,맑음,교차로 - 교차로안,승용,남,51세,상해없음,이륜,남,36세,경상
2023080600100330,2023년 8월 6일 18시,일요일,충청남도 천안시 동남구 목천읍,중상사고,0,3,0,0,차대차 - 측면충돌,신호위반,건조,맑음,교차로 - 교차로안,승용,남,83세,중상,승용,여,60세,중상
2023080600100358,2023년 8월 6일 19시,일요일,충청남도 서산시 예천동,경상사고,0,0,1,0,차대차 - 추돌,안전운전불이행,건조,맑음,교차로 - 교차로안,화물,남,77세,상해없음,승용,남,52세,경상
2023080600100359,2023년 8월 6일 19시,일요일,충청남도 당진시 읍내동,경상사고,0,0,1,0,차대차 - 정면충돌,안전운전불이행,건조,맑음,교차로 - 교차로부근,승용,남,24세,상해없음,승용,여,19세,경상
2023080700100055,2023년 8월 7일 07시,월요일,충청남도 서산시 부석면,경상사고,0,0,1,0,차대차 - 추돌,안전거리미확보,건조,맑음,교차로 - 교차로부근,화물,남,63세,상해없음,승용,남,28세,경상
2023080700100134,2023년 8월 7일 09시,월요일,충청남도 논산시 대교동,경상사고,0,0,1,0,차대사람 - 기타,안전운전불이행,건조,맑음,단일로 - 기타,승용,남,53세,상해없음,보행자,여,53세,경상
2023080700100178,2023년 8월 7일 10시,월요일,충청남도 서산시 수석동,경상사고,0,0,1,0,차대차 - 측면충돌,차로위반,건조,맑음,단일로 - 기타,승용,남,65세,상해없음,승용,남,79세,경상
2023080700100179,2023년 8월 7일 10시,월요일,충청남도 아산시 실옥동,경상사고,0,0,1,0,차대차 - 후진중충돌,안전운전불이행,건조,맑음,단일로 - 기타,화물,남,55세,상해없음,승용,남,34세,경상
2023080700100217,2023년 8월 7일 11시,월요일,충청남도 청양군 청양읍,경상사고,0,0,1,0,차대차 - 측면충돌,직진우회전진행방해,건조,맑음,교차로 - 교차로안,자전거,여,74세,경상,승용,여,44세,상해없음
2023080700100218,2023년 8월 7일 11시,월요일,충청남도 천안시 동남구 사직동,중상사고,0,1,0,0,차대차 - 기타,직진우회전진행방해,건조,맑음,교차로 - 교차로안,승용,남,83세,상해없음,승용,여,54세,중상
2023080700100252,2023년 8월 7일 12시,월요일,충청남도 천안시 서북구 성정동,경상사고,0,0,1,0,차대차 - 기타,안전운전불이행,건조,맑음,교차로 - 교차로부근,이륜,남,37세,경상,승용,남,47세,상해없음
2023080700100253,2023년 8월 7일 12시,월요일,충청남도 천안시 서북구 쌍용동,부상신고사고,0,0,0,1,차량단독 - 전도전복 - 전도,안전운전불이행,건조,맑음,교차로 - 교차로부근,원동기,남,16세,부상신고,,,,
2023080700100254,2023년 8월 7일 12시,월요일,충청남도 논산시 성동면,중상사고,0,1,0,0,차대차 - 측면충돌,교차로운행방법위반,건조,맑음,교차로 - 교차로안,자전거,여,81세,중상,승용,남,66세,상해없음
2023080700100290,2023년 8월 7일 13시,월요일,충청남도 천안시 서북구 두정동,경상사고,0,0,1,0,차대차 - 기타,신호위반,건조,맑음,단일로 - 기타,승용,남,89세,상해없음,이륜,남,27세,경상
2023080700100322,2023년 8월 7일 14시,월요일,충청남도 서산시 예천동,경상사고,0,0,1,0,차대사람 - 기타,안전운전불이행,건조,맑음,단일로 - 기타,승용,여,52세,상해없음,보행자,여,19세,경상
2023080700100323,2023년 8월 7일 14시,월요일,충청남도 공주시 탄천면,중상사고,0,1,0,0,차대차 - 측면충돌,직진우회전진행방해,건조,맑음,교차로 - 교차로안,화물,남,30세,상해없음,승용,남,42세,중상
2023080700100324,2023년 8월 7일 14시,월요일,충청남도 부여군 은산면,중상사고,0,1,0,0,차대사람 - 기타,안전운전불이행,건조,맑음,단일로 - 기타,승용,남,61세,기타불명,보행자,남,50세,중상
2023080700100356,2023년 8월 7일 15시,월요일,충청남도 공주시 신관동,중상사고,0,1,0,0,차대차 - 측면충돌,중앙선침범,건조,맑음,단일로 - 기타,개인형이동수단(PM),남,17세,상해없음,이륜,남,17세,중상
2023080700100357,2023년 8월 7일 15시,월요일,충청남도 당진시 석문면,중상사고,0,2,0,0,차대차 - 추돌,안전운전불이행,건조,맑음,기타 - 기타,화물,남,50세,중상,건설기계,남,59세,중상
2023080700100399,2023년 8월 7일 16시,월요일,충청남도 논산시 상월면,경상사고,0,0,2,0,차대차 - 정면충돌,신호위반,건조,맑음,단일로 - 기타,승용,여,58세,상해없음,승용,남,75세,경상
2023080700100400,2023년 8월 7일 16시,월요일,충청남도 아산시 모종동,경상사고,0,0,1,0,차대차 - 측면충돌,교차로운행방법위반,건조,맑음,교차로 - 교차로안,승용,남,25세,상해없음,자전거,여,34세,경상
2023080700100401,2023년 8월 7일 16시,월요일,충청남도 천안시 동남구 신부동,경상사고,0,0,2,0,차대차 - 측면충돌,안전운전불이행,건조,맑음,교차로 - 교차로안,승합,남,60세,상해없음,승용,남,34세,경상
2023080700100442,2023년 8월 7일 17시,월요일,충청남도 천안시 서북구 불당동,경상사고,0,0,1,0,차대차 - 추돌,안전운전불이행,건조,흐림,기타 - 기타,승용,여,54세,상해없음,승용,여,54세,경상
2023080700100443,2023년 8월 7일 17시,월요일,충청남도 아산시 인주면,경상사고,0,0,1,0,차대차 - 측면충돌,안전거리미확보,건조,맑음,단일로 - 기타,화물,남,71세,상해없음,승용,남,41세,경상
2023080700100444,2023년 8월 7일 17시,월요일,충청남도 당진시 수청동,경상사고,0,0,1,0,차대차 - 추돌,안전운전불이행,건조,맑음,교차로 - 교차로안,건설기계,남,49세,상해없음,승용,여,70세,경상
2023080700100486,2023년 8월 7일 18시,월요일,충청남도 천안시 동남구 목천읍,경상사고,0,0,1,0,차대차 - 기타,안전운전불이행,건조,맑음,단일로 - 기타,화물,남,58세,상해없음,승용,여,58세,경상
2023080700100530,2023년 8월 7일 19시,월요일,충청남도 천안시 서북구 쌍용동,중상사고,0,1,0,1,차대차 - 측면충돌,안전운전불이행,젖음/습기,비,교차로 - 교차로부근,승용,여,32세,부상신고,승용,여,52세,중상
2023080700100557,2023년 8월 7일 20시,월요일,충청남도 아산시 배방읍,경상사고,0,0,1,0,차대차 - 측면충돌,안전운전불이행,건조,맑음,단일로 - 기타,승용,남,68세,상해없음,승용,남,42세,경상
2023080700100558,2023년 8월 7일 20시,월요일,충청남도 부여군 규암면,경상사고,0,0,3,0,차대차 - 추돌,안전운전불이행,건조,맑음,단일로 - 기타,승용,남,42세,경상,화물,남,39세,경상
2023080700100576,2023년 8월 7일 21시,월요일,충청남도 당진시 읍내동,경상사고,0,0,1,0,차대사람 - 기타,보행자보호의무위반,건조,맑음,단일로 - 기타,승용,남,56세,상해없음,보행자,남,50세,경상
2023080700100593,2023년 8월 7일 22시,월요일,충청남도 천안시 서북구 쌍용동,경상사고,0,0,1,0,차대사람 - 기타,안전운전불이행,건조,맑음,단일로 - 기타,승용,여,28세,상해없음,보행자,남,33세,경상
2023080800100055,2023년 8월 8일 07시,화요일,충청남도 당진시 송산면,경상사고,0,0,1,0,차대차 - 측면충돌,안전거리미확보,건조,맑음,단일로 - 기타,건설기계,남,64세,상해없음,승용,남,32세,경상
2023080800100056,2023년 8월 8일 07시,화요일,충청남도 천안시 동남구 병천면,중상사고,0,2,0,0,차대차 - 기타,중앙선침범,건조,맑음,단일로 - 기타,승용,남,26세,상해없음,승용,남,73세,중상
2023080800100057,2023년 8월 8일 07시,화요일,충청남도 보령시 주포면,중상사고,0,2,0,0,차대차 - 추돌,안전운전불이행,건조,맑음,단일로 - 기타,화물,남,53세,상해없음,화물,남,48세,중상
2023080800100093,2023년 8월 8일 08시,화요일,충청남도 천안시 서북구 백석동,경상사고,0,0,1,0,차대차 - 측면충돌,안전운전불이행,건조,맑음,교차로 - 교차로안,승용,남,65세,상해없음,승용,남,32세,경상