사고번호,사고일시,요일,시군구,사고내용,사망자수,중상자수,경상자수,부상신고자수,사고유형,법규위반,노면상태,기상상태,도로형태,가해운전자 차종,가해운전자 성별,가해운전자 연령,가해운전자 상해정도,피해운전자 차종,피해운전자 성별,피해운전자 연령,피해운전자 상해정도
2023080800100094,2023년 8월 8일 08시,화요일,충청남도 천안시 서북구 성성동,경상사고,0,0,1,0,차대차 - 추돌,안전운전불이행,건조,맑음,단일로 - 기타,승용,남,33세,경상,화물,남,59세,상해없음
2023080800100095,2023년 8월 8일 08시,화요일,충청남도 천안시 서북구 성성동,경상사고,0,0,1,0,차대차 - 측면충돌,안전운전불이행,건조,맑음,기타 - 기타,화물,남,61세,상해없음,승용,여,36세,경상
2023080800100096,2023년 8월 8일 08시,화요일,충청남도 아산시 인주면,부상신고사고,0,0,0,1,차대차 - 추돌,안전운전불이행,건조,맑음,단일로 - 기타,승용,여,59세,상해없음,승용,여,44세,부상신고
2023080800100134,2023년 8월 8일 09시,화요일,충청남도 부여군 홍산면,중상사고,0,1,0,0,차대차 - 측면충돌,안전운전불이행,건조,맑음,단일로 - 기타,사륜오토바이(ATV),여,68세,중상,승용,여,63세,상해없음
2023080800100167,2023년 8월 8일 10시,화요일,충청남도 보령시 동대동,중상사고,0,1,0,0,차대사람 - 횡단중,보행자보호의무위반,건조,맑음,단일로 - 기타,승용,남,64세,상해없음,보행자,여,79세,중상
2023080800100168,2023년 8월 8일 10시,화요일,충청남도 태안군 소원면,부상신고사고,0,0,0,2,차대차 - 후진중충돌,안전운전불이행,건조,맑음,기타 - 기타,승용,여,56세,상해없음,승용,남,45세,기타불명
2023080800100202,2023년 8월 8일 11시,화요일,충청남도 논산시 연무읍,부상신고사고,0,0,0,1,차대차 - 측면충돌,기타,건조,맑음,주차장 - 주차장,이륜,남,81세,부상신고,승용,남,28세,상해없음
2023080800100203,2023년 8월 8일 11시,화요일,충청남도 천안시 동남구 풍세면,중상사고,0,1,0,0,차대사람 - 횡단중,보행자보호의무위반,건조,맑음,교차로 - 교차로횡단보도내,승용,남,63세,상해없음,보행자,남,31세,중상
2023080800100242,2023년 8월 8일 12시,화요일,충청남도 태안군 태안읍,경상사고,0,0,2,0,차대차 - 후진중충돌,안전운전불이행,건조,맑음,주차장 - 주차장,승용,여,57세,상해없음,승용,여,53세,경상
2023080800100280,2023년 8월 8일 13시,화요일,충청남도 천안시 서북구 불당동,중상사고,0,1,0,0,차대차 - 기타,안전거리미확보,건조,맑음,단일로 - 기타,승용,여,41세,상해없음,승합,남,59세,중상
2023080800100281,2023년 8월 8일 13시,화요일,충청남도 천안시 동남구 원성동,경상사고,0,0,1,0,차대차 - 측면충돌,안전운전불이행,건조,맑음,교차로 - 교차로안,승용,여,65세,상해없음,화물,남,23세,경상
2023080800100327,2023년 8월 8일 14시,화요일,충청남도 서산시 예천동,경상사고,0,0,1,0,차대차 - 후진중충돌,안전운전불이행,건조,맑음,교차로 - 교차로안,승용,여,56세,상해없음,승용,여,60세,경상
2023080800100328,2023년 8월 8일 14시,화요일,충청남도 부여군 규암면,경상사고,0,0,1,0,차대차 - 측면충돌,교차로운행방법위반,건조,맑음,교차로 - 교차로안,승용,여,43세,상해없음,승용,여,52세,경상
2023080800100329,2023년 8월 8일 14시,화요일,충청남도 태안군 태안읍,경상사고,0,0,1,0,차대차 - 기타,안전운전불이행,건조,맑음,단일로 - 기타,승용,남,56세,상해없음,자전거,여,80세,경상
2023080800100360,2023년 8월 8일 15시,화요일,충청남도 천안시 서북구 불당동,경상사고,0,0,1,0,차대차 - 기타,안전거리미확보,건조,맑음,교차로 - 교차로부근,승용,여,49세,상해없음,이륜,남,38세,경상
2023080800100361,2023년 8월 8일 15시,화요일,충청남도 아산시 실옥동,경상사고,0,0,1,0,차대차 - 측면충돌,안전운전불이행,건조,맑음,교차로 - 교차로안,승용,남,37세,상해없음,승용,남,29세,경상
2023080800100362,2023년 8월 8일 15시,화요일,충청남도 아산시 배방읍,경상사고,0,0,5,0,차대차 - 추돌,안전운전불이행,건조,맑음,기타 - 기타,승용,남,52세,상해없음,승합,남,29세,경상
2023080800100363,2023년 8월 8일 15시,화요일,충청남도 부여군 구룡면,중상사고,0,1,1,0,차대차 - 측면충돌,교차로운행방법위반,건조,맑음,교차로 - 교차로안,승용,여,35세,상해없음,화물,남,61세,중상
2023080800100399,2023년 8월 8일 16시,화요일,충청남도 서산시 해미면,중상사고,0,1,0,1,차대차 - 추돌,안전운전불이행,건조,맑음,단일로 - 기타,이륜,남,63세,부상신고,사륜오토바이(ATV),남,80세,중상
2023080800100400,2023년 8월 8일 16시,화요일,충청남도 공주시 반죽동,경상사고,0,0,1,1,차대차 - 측면충돌,중앙선침범,젖음/습기,맑음,단일로 - 기타,이륜,남,82세,부상신고,승용,남,44세,경상
2023080800100491,2023년 8월 8일 18시,화요일,충청남도 천안시 서북구 쌍용동,경상사고,0,0,1,0,차대차 - 측면충돌,안전운전불이행,건조,맑음,교차로 - 교차로안,승합,남,44세,상해없음,화물,남,26세,경상
2023080800100548,2023년 8월 8일 20시,화요일,충청남도 천안시 서북구 성정동,부상신고사고,0,0,0,1,차대차 - 추돌,안전운전불이행,건조,기타,교차로 - 교차로부근,이륜,남,24세,부상신고,승용,남,30세,상해없음
2023080800100549,2023년 8월 8일 20시,화요일,충청남도 아산시 배방읍,경상사고,0,0,2,0,차대차 - 기타,안전운전불이행,건조,맑음,단일로 - 터널,승용,남,64세,상해없음,승용,여,40세,경상
2023080800100550,2023년 8월 8일 20시,화요일,충청남도 천안시 동남구 유량동,중상사고,0,1,0,0,차대차 - 정면충돌,안전운전불이행,건조,맑음,단일로 - 기타,승용,남,43세,상해없음,원동기,남,73세,중상
2023080800100574,2023년 8월 8일 21시,화요일,충청남도 천안시 서북구 백석동,경상사고,0,0,2,0,차대차 - 측면충돌,안전운전불이행,건조,맑음,단일로 - 기타,승용,남,20세,상해없음,승용,남,28세,경상
2023080800100596,2023년 8월 8일 22시,화요일,충청남도 서산시 동문동,중상사고,0,1,0,0,차대사람 - 기타,안전운전불이행,건조,맑음,기타 - 기타,개인형이동수단(PM),여,16세,상해없음,보행자,여,46세,중상
2023080800100597,2023년 8월 8일 22시,화요일,충청남도 당진시 읍내동,중상사고,0,1,0,0,차대사람 - 차도통행중,안전운전불이행,건조,맑음,단일로 - 기타,승용,남,72세,상해없음,보행자,남,49세,중상
2023080900100010,2023년 8월 9일 00시,수요일,충청남도 천안시 동남구 삼룡동,중상사고,0,1,0,0,차대차 - 측면충돌,안전운전불이행,건조,맑음,단일로 - 기타,승용,남,25세,상해없음,이륜,남,40세,중상
2023080900100026,2023년 8월 9일 02시,수요일,충청남도 천안시 동남구 신방동,경상사고,0,0,2,0,차대차 - 추돌,안전운전불이행,건조,맑음,교차로 - 교차로부근,원동기,남,19세,상해없음,승용,남,30세,경상
2023080900100049,2023년 8월 9일 06시,수요일,충청남도 천안시 서북구 백석동,경상사고,0,0,1,0,차대차 - 측면충돌,안전운전불이행,건조,맑음,단일로 - 기타,승용,여,31세,기타불명,승용,남,27세,경상
2023080900100068,2023년 8월 9일 07시,수요일,충청남도 천안시 서북구 쌍용동,경상사고,0,0,1,0,차대차 - 측면충돌,기타,건조,맑음,단일로 - 지하차도(도로)내,승용,남,26세,상해없음,승용,여,33세,경상
2023080900100069,2023년 8월 9일 07시,수요일,충청남도 천안시 서북구 성성동,중상사고,0,1,0,0,차대차 - 측면충돌,안전운전불이행,건조,맑음,교차로 - 교차로부근,승용,여,34세,상해없음,승용,남,41세,중상
2023080900100088,2023년 8월 9일 08시,수요일,충청남도 천안시 동남구 북면,경상사고,0,0,1,0,차대차 - 추돌,안전운전불이행,건조,맑음,단일로 - 기타,승용,남,39세,상해없음,승용,여,53세,경상
2023080900100125,2023년 8월 9일 09시,수요일,충청남도 서산시 석림동,경상사고,0,0,1,0,차대차 - 측면충돌,신호위반,건조,맑음,교차로 - 교차로안,승용,남,60세,상해없음,화물,남,35세,상해없음
2023080900100126,2023년 8월 9일 09시,수요일,충청남도 천안시 서북구 백석동,경상사고,0,0,1,0,차대차 - 측면충돌,중앙선침범,건조,맑음,교차로 - 교차로부근,승용,여,35세,상해없음,화물,남,34세,경상
2023080900100163,2023년 8월 9일 10시,수요일,충청남도 아산시 온천동,중상사고,0,1,0,0,차대사람 - 횡단중,보행자보호의무위반,건조,맑음,교차로 - 교차로횡단보도내,화물,남,67세,기타불명,보행자,여,66세,중상
2023080900100191,2023년 8월 9일 11시,수요일,충청남도 천안시 서북구 성환읍,경상사고,0,0,1,0,차대사람 - 횡단중,보행자보호의무위반,건조,맑음,단일로 - 기타,승합,남,39세,상해없음,보행자,남,64세,경상
2023080900100227,2023년 8월 9일 12시,수요일,충청남도 천안시 서북구 불당동,경상사고,0,0,1,1,차대차 - 측면충돌,신호위반,건조,맑음,교차로 - 교차로안,이륜,남,38세,부상신고,승용,여,58세,경상
2023080900100228,2023년 8월 9일 12시,수요일,충청남도 천안시 서북구 성정동,부상신고사고,0,0,0,1,차대차 - 측면충돌,안전운전불이행,건조,맑음,교차로 - 교차로안,승용,여,57세,상해없음,승용,남,42세,기타불명
2023080900100301,2023년 8월 9일 14시,수요일,충청남도 아산시 풍기동,경상사고,0,0,2,0,차대차 - 추돌,안전운전불이행,건조,맑음,교차로 - 교차로안,승용,여,29세,상해없음,승용,여,55세,경상
2023080900100302,2023년 8월 9일 14시,수요일,충청남도 당진시 시곡동,경상사고,0,0,2,0,차대차 - 측면충돌,안전운전불이행,건조,맑음,단일로 - 기타,승용,남,61세,상해없음,승용,여,49세,경상
2023080900100345,2023년 8월 9일 15시,수요일,충청남도 공주시 신관동,경상사고,0,0,1,0,차대차 - 기타,안전운전불이행,젖음/습기,흐림,단일로 - 기타,승용,여,45세,상해없음,이륜,남,28세,경상
2023080900100372,2023년 8월 9일 16시,수요일,충청남도 천안시 서북구 불당동,부상신고사고,0,0,0,1,차대사람 - 보도통행중,기타,건조,맑음,기타 - 기타,개인형이동수단(PM),여,14세,기타불명,보행자,여,5세,부상신고
2023080900100373,2023년 8월 9일 16시,수요일,충청남도 천안시 서북구 두정동,경상사고,0,0,1,0,차대사람 - 보도통행중,신호위반,건조,맑음,교차로 - 교차로안,이륜,남,19세,상해없음,보행자,남,12세,경상
2023080900100374,2023년 8월 9일 16시,수요일,충청남도 아산시 권곡동,중상사고,0,1,0,0,차대사람 - 기타,보행자보호의무위반,건조,맑음,단일로 - 기타,승합,남,56세,기타불명,보행자,남,24세,중상
2023080900100375,2023년 8월 9일 16시,수요일,충청남도 서천군 비인면,중상사고,0,1,0,0,차대차 - 추돌,안전운전불이행,건조,맑음,교차로 - 교차로안,승용,남,42세,기타불명,승용,여,54세,중상
2023080900100414,2023년 8월 9일 17시,수요일,충청남도 예산군 삽교읍,중상사고,0,1,1,0,차량단독 - 기타,안전운전불이행,건조,맑음,단일로 - 기타,승용,남,82세,중상,,,,
2023080900100415,2023년 8월 9일 17시,수요일,충청남도 태안군 태안읍,중상사고,0,1,0,0,차대사람 - 차도통행중,안전운전불이행,건조,맑음,단일로 - 기타,이륜,남,22세,상해없음,보행자,여,53세,중상
2023080900100457,2023년 8월 9일 18시,수요일,충청남도 부여군 부여읍,경상사고,0,0,1,0,차대차 - 측면충돌,안전운전불이행,건조,맑음,교차로 - 교차로횡단보도내,승용,여,65세,상해없음,자전거,남,14세,경상
2023080900100494,2023년 8월 9일 19시,수요일,충청남도 서산시 예천동,경상사고,0,0,1,0,차대차 - 기타,신호위반,건조,맑음,교차로 - 교차로부근,이륜,남,42세,상해없음,승용,남,47세,경상
2023080900100495,2023년 8월 9일 19시,수요일,충청남도 천안시 서북구 쌍용동,경상사고,0,0,1,0,차대차 - 정면충돌,직진우회전진행방해,젖음/습기,흐림,교차로 - 교차로안,승용,여,28세,상해없음,승용,남,32세,경상
2023080900100496,2023년 8월 9일 19시,수요일,충청남도 천안시 서북구 직산읍,경상사고,0,0,1,0,차대차 - 기타,신호위반,건조,맑음,교차로 - 교차로안,승용,남,53세,상해없음,승용,여,42세,경상
2023080900100533,2023년 8월 9일 20시,수요일,충청남도 부여군 규암면,중상사고,0,4,2,0,차대차 - 추돌,안전운전불이행,젖음/습기,비,단일로 - 기타,승용,남,37세,상해없음,승용,남,38세,중상
2023080900100570,2023년 8월 9일 21시,수요일,충청남도 천안시 서북구 성정동,경상사고,0,0,2,0,차대차 - 추돌,안전운전불이행,젖음/습기,비,교차로 - 교차로부근,승용,여,43세,상해없음,승용,여,47세,경상
2023080900100596,2023년 8월 9일 22시,수요일,충청남도 서산시 읍내동,경상사고,0,0,1,0,차대사람 - 기타,보행자보호의무위반,건조,맑음,교차로 - 교차로부근,승용,여,21세,상해없음,보행자,남,57세,경상
2023080900100597,2023년 8월 9일 22시,수요일,충청남도 천안시 서북구 입장면,경상사고,0,0,4,8,차대차 - 기타,안전운전불이행,젖음/습기,비,기타 - 기타,승합,남,56세,기타불명,승용,여,44세,부상신고
2023080900100618,2023년 8월 9일 23시,수요일,충청남도 천안시 서북구 성정동,경상사고,0,0,3,0,차대차 - 추돌,안전운전불이행,젖음/습기,비,교차로 - 교차로부근,승용,남,58세,상해없음,승용,남,58세,경상
2023081000100013,2023년 8월 10일 01시,목요일,충청남도 천안시 서북구 두정동,경상사고,0,0,1,0,차대사람 - 기타,보행자보호의무위반,젖음/습기,비,교차로 - 교차로부근,이륜,남,26세,기타불명,보행자,여,22세,경상
2023081000100038,2023년 8월 10일 04시,목요일,충청남도 공주시 의당면,경상사고,0,0,1,0,차대차 - 추돌,안전운전불이행,젖음/습기,비,단일로 - 기타,승용,남,28세,상해없음,자전거,남,59세,경상
2023081000100048,2023년 8월 10일 05시,목요일,충청남도 천안시 서북구 두정동,경상사고,0,0,1,0,차대차 - 추돌,안전운전불이행,젖음/습기,비,단일로 - 기타,화물,남,39세,상해없음,승용,남,45세,경상
2023081000100054,2023년 8월 10일 06시,목요일,충청남도 아산시 풍기동,경상사고,0,0,1,1,차대차 - 측면충돌,안전운전불이행,젖음/습기,비,교차로 - 교차로안,화물,남,58세,상해없음,승용,남,69세,경상
2023081000100055,2023년 8월 10일 06시,목요일,충청남도 공주시 웅진동,경상사고,0,0,1,0,차대차 - 측면충돌,안전운전불이행,젖음/습기,비,단일로 - 기타,승용,남,33세,상해없음,승용,남,57세,경상
2023081000100111,2023년 8월 10일 09시,목요일,충청남도 아산시 배방읍,경상사고,0,0,1,0,차대사람 - 횡단중,신호위반,젖음/습기,비,교차로 - 교차로횡단보도내,승용,여,36세,상해없음,보행자,남,55세,경상
2023081000100112,2023년 8월 10일 09시,목요일,충청남도 보령시 대천동,경상사고,0,0,1,0,차대차 - 측면충돌,안전운전불이행,젖음/습기,비,단일로 - 기타,승용,남,63세,상해없음,승용,남,67세,경상
2023081000100113,2023년 8월 10일 09시,목요일,충청남도 천안시 동남구 용곡동,경상사고,0,0,1,0,차대차 - 측면충돌,안전운전불이행,젖음/습기,비,교차로 - 교차로안,승용,여,67세,경상,승용,여,35세,상해없음
2023081000100135,2023년 8월 10일 10시,목요일,충청남도 천안시 서북구 성정동,경상사고,0,0,1,0,차대차 - 측면충돌,안전운전불이행,젖음/습기,비,교차로 - 교차로안,승용,여,62세,상해없음,승용,여,57세,경상
2023081000100165,2023년 8월 10일 11시,목요일,충청남도 아산시 음봉면,부상신고사고,0,0,0,2,차대차 - 측면충돌,신호위반,젖음/습기,비,교차로 - 교차로안,이륜,남,48세,부상신고,승용,남,43세,부상신고
2023081000100166,2023년 8월 10일 11시,목요일,충청남도 청양군 정산면,경상사고,0,0,3,0,차량단독 - 공작물충돌,안전운전불이행,젖음/습기,비,단일로 - 기타,승용,여,44세,경상,,,,
2023081000100187,2023년 8월 10일 12시,목요일,충청남도 계룡시 엄사면,경상사고,0,0,3,1,차대차 - 측면충돌,차로위반,젖음/습기,비,단일로 - 기타,승용,남,47세,상해없음,승용,남,30세,경상
2023081000100188,2023년 8월 10일 12시,목요일,충청남도 아산시 모종동,중상사고,0,1,0,0,차대사람 - 길가장자리구역통행중,안전운전불이행,젖음/습기,비,교차로 - 교차로안,승용,여,59세,상해없음,보행자,남,72세,중상
2023081000100285,2023년 8월 10일 16시,목요일,충청남도 천안시 서북구 성환읍,경상사고,0,0,1,0,차대차 - 추돌,안전운전불이행,젖음/습기,비,기타 - 기타,승용,남,42세,상해없음,화물,남,55세,경상
2023081000100286,2023년 8월 10일 16시,목요일,충청남도 천안시 서북구 쌍용동,경상사고,0,0,1,0,차대차 - 기타,안전거리미확보,젖음/습기,비,교차로 - 교차로안,승용,여,24세,기타불명,승용,여,34세,경상
2023081000100287,2023년 8월 10일 16시,목요일,충청남도 태안군 태안읍,경상사고,0,0,1,0,차대차 - 측면충돌,신호위반,건조,맑음,교차로 - 교차로안,승용,여,53세,상해없음,승용,남,30세,경상
2023081000100322,2023년 8월 10일 17시,목요일,충청남도 천안시 서북구 두정동,경상사고,0,0,1,0,차대차 - 기타,안전운전불이행,건조,맑음,주차장 - 주차장,승용,여,32세,상해없음,승용,남,53세,경상
2023081000100323,2023년 8월 10일 17시,목요일,충청남도 논산시 연무읍,경상사고,0,0,1,0,차대차 - 정면충돌,중앙선침범,젖음/습기,비,교차로 - 교차로부근,승용,남,52세,상해없음,승용,남,40세,경상
2023081000100356,2023년 8월 10일 18시,목요일,충청남도 아산시 탕정면,경상사고,0,0,2,0,차대차 - 기타,안전거리미확보,건조,맑음,단일로 - 기타,승용,여,31세,상해없음,승용,남,37세,경상
2023081000100385,2023년 8월 10일 19시,목요일,충청남도 천안시 서북구 성정동,경상사고,0,0,1,2,차대차 - 기타,신호위반,젖음/습기,비,교차로 - 교차로안,화물,남,47세,상해없음,승합,남,70세,경상
2023081000100411,2023년 8월 10일 20시,목요일,충청남도 예산군 덕산면,경상사고,0,0,1,0,차대차 - 측면충돌,안전운전불이행,건조,흐림,단일로 - 기타,승용,남,69세,상해없음,승용,남,66세,경상
2023081000100443,2023년 8월 10일 21시,목요일,충청남도 천안시 서북구 성정동,경상사고,0,0,2,0,차대차 - 후진중충돌,안전운전불이행,젖음/습기,비,단일로 - 기타,승용,남,49세,상해없음,승용,남,27세,경상
2023081000100444,2023년 8월 10일 21시,목요일,충청남도 아산시 음봉면,경상사고,0,0,2,0,차대차 - 측면충돌,신호위반,젖음/습기,비,교차로 - 교차로안,승용,남,59세,상해없음,승용,남,30세,경상
2023081000100461,2023년 8월 10일 22시,목요일,충청남도 부여군 부여읍,중상사고,0,1,0,0,차대차 - 기타,안전운전불이행,젖음/습기,비,교차로 - 교차로횡단보도내,승용,남,64세,상해없음,개인형이동수단(PM),남,39세,중상
2023081100100006,2023년 8월 11일 00시,금요일,충청남도 아산시 음봉면,중상사고,0,2,0,0,차대차 - 추돌,안전운전불이행,젖음/습기,비,단일로 - 기타,승용,남,49세,상해없음,승용,남,43세,중상
2023081100100021,2023년 8월 11일 02시,금요일,충청남도 천안시 동남구 봉명동,경상사고,0,0,2,0,차대차 - 추돌,안전거리미확보,젖음/습기,비,교차로 - 교차로부근,승용,여,42세,상해없음,승용,남,39세,경상
2023081100100028,2023년 8월 11일 03시,금요일,충청남도 천안시 동남구 삼룡동,중상사고,0,1,0,0,차대차 - 추돌,안전운전불이행,젖음/습기,비,기타 - 기타,승용,남,47세,중상,승용,남,29세,기타불명
2023081100100094,2023년 8월 11일 08시,금요일,충청남도 천안시 동남구 신부동,경상사고,0,0,2,0,차대차 - 측면충돌,차로위반,건조,맑음,단일로 - 기타,승용,여,27세,상해없음,승용,남,28세,경상
2023081100100202,2023년 8월 11일 11시,금요일,충청남도 천안시 서북구 쌍용동,경상사고,0,0,1,0,차대차 - 측면충돌,안전운전불이행,건조,맑음,교차로 - 교차로안,승용,남,50세,상해없음,승용,여,38세,경상
2023081100100203,2023년 8월 11일 11시,금요일,충청남도 당진시 석문면,사망사고,4,1,0,0,차대차 - 측면충돌,안전운전불이행,건조,맑음,교차로 - 교차로안,승용,남,77세,사망,승용,남,71세,사망
2023081100100269,2023년 8월 11일 13시,금요일,충청남도 천안시 서북구 성정동,경상사고,0,0,1,0,차대차 - 기타,안전운전불이행,건조,맑음,단일로 - 기타,자전거,남,38세,기타불명,이륜,남,32세,경상
2023081100100270,2023년 8월 11일 13시,금요일,충청남도 서천군 서천읍,경상사고,0,0,1,0,차대차 - 측면충돌,안전운전불이행,건조,맑음,교차로 - 교차로안,승용,여,48세,상해없음,이륜,남,76세,경상
2023081100100310,2023년 8월 11일 14시,금요일,충청남도 천안시 서북구 부대동,경상사고,0,0,1,0,차대차 - 측면충돌,신호위반,건조,맑음,교차로 - 교차로안,승용,여,63세,상해없음,이륜,남,36세,경상
2023081100100311,2023년 8월 11일 14시,금요일,충청남도 천안시 서북구 불당동,경상사고,0,0,1,0,차대차 - 기타,안전운전불이행,건조,맑음,단일로 - 기타,승용,남,56세,기타불명,승용,여,34세,경상
2023081100100350,2023년 8월 11일 15시,금요일,충청남도 천안시 서북구 부대동,경상사고,0,0,1,0,차대차 - 측면충돌,안전운전불이행,건조,맑음,교차로 - 교차로안,승합,남,59세,상해없음,승용,남,29세,경상
2023081100100388,2023년 8월 11일 16시,금요일,충청남도 논산시 강경읍,중상사고,0,1,0,0,차대차 - 측면충돌,교차로운행방법위반,건조,맑음,교차로 - 교차로안,승용,남,78세,상해없음,승합,여,59세,중상
2023081100100389,2023년 8월 11일 16시,금요일,충청남도 홍성군 홍성읍,중상사고,0,1,0,0,차대사람 - 보도통행중,보행자보호의무위반,건조,맑음,교차로 - 교차로횡단보도내,승합,남,58세,상해없음,보행자,여,64세,중상
2023081100100434,2023년 8월 11일 17시,금요일,충청남도 천안시 서북구 성정동,부상신고사고,0,0,0,1,차대차 - 측면충돌,안전운전불이행,건조,맑음,교차로 - 교차로부근,승용,남,56세,상해없음,승용,여,27세,부상신고
2023081100100435,2023년 8월 11일 17시,금요일,충청남도 아산시 둔포면,중상사고,0,1,0,0,차대사람 - 횡단중,안전운전불이행,건조,맑음,단일로 - 기타,승용,남,55세,상해없음,보행자,남,9세,중상
2023081100100478,2023년 8월 11일 18시,금요일,충청남도 천안시 서북구 직산읍,경상사고,0,0,1,0,차대차 - 후진중충돌,안전운전불이행,건조,맑음,단일로 - 기타,승용,남,62세,상해없음,승용,남,29세,경상
2023081100100479,2023년 8월 11일 18시,금요일,충청남도 아산시 권곡동,경상사고,0,0,1,0,차대사람 - 기타,안전운전불이행,건조,맑음,주차장 - 주차장,승용,남,60세,상해없음,보행자,남,59세,경상
2023081100100480,2023년 8월 11일 18시,금요일,충청남도 예산군 응봉면,경상사고,0,0,1,0,차대차 - 측면충돌,안전거리미확보,건조,맑음,단일로 - 기타,승용,남,73세,상해없음,승용,남,55세,경상
2023081100100527,2023년 8월 11일 19시,금요일,충청남도 천안시 서북구 두정동,경상사고,0,0,1,0,차대차 - 추돌,안전운전불이행,건조,맑음,단일로 - 기타,승용,남,65세,상해없음,이륜,남,38세,경상
2023081100100610,2023년 8월 11일 21시,금요일,충청남도 천안시 서북구 성정동,경상사고,0,0,1,0,차대차 - 측면충돌,안전운전불이행,건조,맑음,단일로 - 기타,승용,여,53세,상해없음,승용,여,31세,경상
2023081100100634,2023년 8월 11일 22시,금요일,충청남도 서산시 동문동,중상사고,0,1,0,0,차대사람 - 횡단중,안전운전불이행,건조,맑음,단일로 - 기타,승용,남,69세,상해없음,보행자,여,90세,중상
2023081100100635,2023년 8월 11일 22시,금요일,충청남도 아산시 온천동,경상사고,0,0,10,0,차대차 - 추돌,안전운전불이행,건조,맑음,단일로 - 기타,승용,남,46세,경상,승용,남,41세,경상
2023081100100660,2023년 8월 11일 23시,금요일,충청남도 천안시 서북구 성정동,부상신고사고,0,0,0,1,차대차 - 측면충돌,교차로운행방법위반,건조,맑음,교차로 - 교차로안,원동기,남,26세,부상신고,승용,남,65세,상해없음
2023081200100031,2023년 8월 12일 02시,토요일,충청남도 천안시 서북구 두정동,부상신고사고,0,0,0,1,차대사람 - 기타,안전운전불이행,건조,맑음,단일로 - 기타,승용,남,21세,상해없음,보행자,남,31세,부상신고
2023081200100037,2023년 8월 12일 03시,토요일,충청남도 천안시 동남구 청당동,중상사고,0,1,0,0,차량단독 - 기타,안전운전불이행,건조,맑음,단일로 - 기타,개인형이동수단(PM),남,19세,중상,,,,
2023081200100054,2023년 8월 12일 05시,토요일,충청남도 서산시 잠홍동,중상사고,0,1,0,0,차대사람 - 횡단중,보행자보호의무위반,젖음/습기,비,교차로 - 교차로횡단보도내,화물,남,72세,상해없음,보행자,여,66세,중상
2023081200100079,2023년 8월 12일 08시,토요일,충청남도 당진시 송산면,경상사고,0,0,1,0,차대차 - 정면충돌,중앙선침범,젖음/습기,비,단일로 - 기타,승용,여,63세,상해없음,화물,여,58세,경상
2023081200100128,2023년 8월 12일 10시,토요일,충청남도 아산시 탕정면,경상사고,0,0,1,0,차대차 - 기타,안전운전불이행,건조,맑음,기타 - 기타,화물,남,55세,상해없음,화물,남,54세,경상
2023081200100129,2023년 8월 12일 10시,토요일,충청남도 부여군 부여읍,경상사고,0,0,1,0,차대차 - 추돌,안전운전불이행,건조,맑음,교차로 - 교차로안,이륜,남,18세,상해없음,승용,남,37세,경상
2023081200100157,2023년 8월 12일 11시,토요일,충청남도 천안시 서북구 불당동,경상사고,0,0,1,0,차대사람 - 횡단중,안전운전불이행,건조,맑음,교차로 - 교차로부근,승용,여,35세,상해없음,보행자,여,34세,경상
2023081200100244,2023년 8월 12일 13시,토요일,충청남도 당진시 원당동,경상사고,0,0,1,0,차대사람 - 횡단중,보행자보호의무위반,건조,맑음,교차로 - 교차로횡단보도내,승용,남,34세,상해없음,보행자,여,8세,경상
2023081200100245,2023년 8월 12일 13시,토요일,충청남도 당진시 읍내동,경상사고,0,0,1,0,차대사람 - 보도통행중,안전운전불이행,건조,맑음,기타 - 기타,이륜,남,29세,상해없음,보행자,남,16세,경상
2023081200100271,2023년 8월 12일 14시,토요일,충청남도 천안시 동남구 청당동,부상신고사고,0,0,0,1,차대차 - 측면충돌,교차로운행방법위반,건조,맑음,교차로 - 교차로안,승용,남,88세,상해없음,승용,남,33세,부상신고
2023081200100337,2023년 8월 12일 16시,토요일,충청남도 천안시 서북구 입장면,경상사고,0,0,1,0,차대차 - 측면충돌,안전거리미확보,건조,맑음,기타 - 기타,승용,남,68세,기타불명,승용,남,48세,경상
2023081200100373,2023년 8월 12일 17시,토요일,충청남도 천안시 동남구 사직동,중상사고,0,1,0,0,차대사람 - 기타,안전운전불이행,젖음/습기,비,교차로 - 교차로부근,화물,남,61세,상해없음,보행자,남,62세,중상
2023081200100411,2023년 8월 12일 18시,토요일,충청남도 천안시 서북구 쌍용동,부상신고사고,0,0,0,1,차대사람 - 횡단중,보행자보호의무위반,건조,맑음,교차로 - 교차로안,승용,여,58세,상해없음,보행자,남,27세,부상신고
2023081200100413,2023년 8월 12일 18시,토요일,충청남도 당진시 신평면,경상사고,0,0,2,0,차대차 - 측면충돌,안전운전불이행,건조,맑음,교차로 - 교차로부근,승용,남,77세,상해없음,승용,남,25세,경상
2023081200100414,2023년 8월 12일 18시,토요일,충청남도 천안시 동남구 삼룡동,경상사고,0,0,1,0,차대차 - 측면충돌,안전거리미확보,건조,흐림,단일로 - 기타,승용,남,70세,상해없음,승용,남,37세,상해없음
2023081200100453,2023년 8월 12일 20시,토요일,충청남도 서천군 판교면,사망사고,1,0,0,0,차대차 - 추돌,안전운전불이행,건조,맑음,단일로 - 기타,화물,남,36세,상해없음,농기계,남,56세,사망