사고번호,사고일시,요일,시군구,사고내용,사망자수,중상자수,경상자수,부상신고자수,사고유형,법규위반,노면상태,기상상태,도로형태,가해운전자 차종,가해운전자 성별,가해운전자 연령,가해운전자 상해정도,피해운전자 차종,피해운전자 성별,피해운전자 연령,피해운전자 상해정도
2023081800100352,2023년 8월 18일 15시,금요일,충청남도 공주시 유구읍,경상사고,0,0,1,0,차대차 - 측면충돌,안전운전불이행,건조,맑음,교차로 - 교차로부근,원동기,남,74세,경상,승용,남,64세,상해없음
2023081800100384,2023년 8월 18일 16시,금요일,충청남도 서산시 대산읍,중상사고,0,2,0,0,차대차 - 기타,안전운전불이행,건조,맑음,교차로 - 교차로부근,화물,남,43세,상해없음,화물,남,79세,중상
2023081800100385,2023년 8월 18일 16시,금요일,충청남도 천안시 동남구 신방동,경상사고,0,0,1,0,차대차 - 기타,안전운전불이행,건조,맑음,교차로 - 교차로부근,승용,남,68세,상해없음,이륜,남,52세,경상
2023081800100386,2023년 8월 18일 16시,금요일,충청남도 논산시 등화동,중상사고,0,1,0,0,차대차 - 측면충돌,안전운전불이행,건조,맑음,단일로 - 기타,화물,남,79세,상해없음,화물,남,75세,중상
2023081800100387,2023년 8월 18일 16시,금요일,충청남도 예산군 신양면,중상사고,0,1,0,0,차대차 - 추돌,안전운전불이행,건조,맑음,단일로 - 기타,화물,남,42세,상해없음,농기계,남,80세,중상
2023081800100388,2023년 8월 18일 16시,금요일,충청남도 천안시 동남구 유량동,경상사고,0,0,1,0,차대차 - 정면충돌,중앙선침범,건조,맑음,단일로 - 지하차도(도로)내,승용,남,66세,상해없음,화물,남,61세,경상
2023081800100441,2023년 8월 18일 17시,금요일,충청남도 천안시 서북구 성정동,경상사고,0,0,2,0,차대차 - 측면충돌,신호위반,건조,맑음,교차로 - 교차로안,승용,남,29세,상해없음,승용,남,68세,경상
2023081800100442,2023년 8월 18일 17시,금요일,충청남도 천안시 서북구 백석동,경상사고,0,0,1,0,차대차 - 측면충돌,안전운전불이행,건조,맑음,기타 - 기타,승용,남,51세,상해없음,승용,남,34세,경상
2023081800100443,2023년 8월 18일 17시,금요일,충청남도 천안시 동남구 신부동,경상사고,0,0,2,0,차대차 - 측면충돌,직진우회전진행방해,건조,맑음,교차로 - 교차로안,승용,여,32세,경상,승용,남,60세,경상
2023081800100444,2023년 8월 18일 17시,금요일,충청남도 천안시 동남구 목천읍,중상사고,0,1,0,0,차량단독 - 기타,안전운전불이행,건조,맑음,단일로 - 기타,승합,남,49세,상해없음,,,,
2023081800100445,2023년 8월 18일 17시,금요일,충청남도 태안군 태안읍,중상사고,0,2,1,0,차대차 - 기타,교차로운행방법위반,건조,맑음,교차로 - 교차로안,이륜,남,49세,상해없음,승용,여,71세,중상
2023081800100496,2023년 8월 18일 18시,금요일,충청남도 아산시 배방읍,경상사고,0,0,2,0,차대차 - 기타,중앙선침범,건조,맑음,단일로 - 기타,승용,남,71세,상해없음,승용,여,35세,경상
2023081800100542,2023년 8월 18일 19시,금요일,충청남도 보령시 남포면,경상사고,0,0,1,0,차대차 - 기타,중앙선침범,건조,맑음,단일로 - 기타,기타불명,기타불명,미분류,기타불명,자전거,여,47세,경상
2023081800100543,2023년 8월 18일 19시,금요일,충청남도 부여군 부여읍,경상사고,0,0,1,0,차대차 - 기타,안전운전불이행,건조,맑음,단일로 - 기타,승용,남,64세,기타불명,승합,남,53세,상해없음
2023081800100617,2023년 8월 18일 21시,금요일,충청남도 당진시 송악읍,경상사고,0,0,1,0,차대차 - 측면충돌,신호위반,건조,맑음,교차로 - 교차로안,승용,여,65세,상해없음,승용,남,26세,경상
2023081800100642,2023년 8월 18일 22시,금요일,충청남도 청양군 청양읍,사망사고,1,0,0,0,차량단독 - 기타,안전운전불이행,건조,맑음,단일로 - 기타,원동기,남,50세,사망,,,,
2023081900100018,2023년 8월 19일 01시,토요일,충청남도 천안시 서북구 성정동,중상사고,0,1,1,0,차대차 - 기타,신호위반,건조,맑음,교차로 - 교차로안,승용,남,63세,경상,이륜,남,31세,중상
2023081900100102,2023년 8월 19일 09시,토요일,충청남도 부여군 임천면,중상사고,0,1,0,0,차대차 - 추돌,안전거리미확보,건조,맑음,교차로 - 교차로안,이륜,남,58세,중상,승용,남,75세,상해없음
2023081900100138,2023년 8월 19일 10시,토요일,충청남도 예산군 예산읍,경상사고,0,0,2,0,차대차 - 추돌,안전거리미확보,건조,맑음,교차로 - 교차로부근,승용,여,33세,상해없음,승용,남,64세,경상
2023081900100139,2023년 8월 19일 10시,토요일,충청남도 천안시 동남구 삼룡동,경상사고,0,0,1,0,차대차 - 기타,안전운전불이행,건조,맑음,단일로 - 기타,승용,여,59세,상해없음,이륜,남,49세,경상
2023081900100211,2023년 8월 19일 12시,토요일,충청남도 서산시 성연면,중상사고,0,1,0,0,차대차 - 측면충돌,불법유턴,건조,맑음,교차로 - 교차로부근,승용,남,37세,상해없음,이륜,남,37세,중상
2023081900100212,2023년 8월 19일 12시,토요일,충청남도 서산시 동문동,중상사고,0,1,0,0,차대차 - 기타,신호위반,건조,맑음,단일로 - 기타,개인형이동수단(PM),남,63세,중상,승용,남,32세,상해없음
2023081900100213,2023년 8월 19일 12시,토요일,충청남도 천안시 서북구 백석동,경상사고,0,0,2,0,차대차 - 후진중충돌,안전운전불이행,건조,맑음,단일로 - 기타,승용,남,67세,상해없음,승용,여,42세,경상
2023081900100214,2023년 8월 19일 12시,토요일,충청남도 천안시 서북구 성정동,부상신고사고,0,0,0,1,차대차 - 기타,안전운전불이행,건조,맑음,교차로 - 교차로안,승용,남,46세,상해없음,이륜,남,35세,부상신고
2023081900100215,2023년 8월 19일 12시,토요일,충청남도 금산군 금산읍,중상사고,0,1,0,0,차대차 - 측면충돌,교차로운행방법위반,건조,맑음,교차로 - 교차로안,승용,남,48세,상해없음,자전거,여,61세,중상
2023081900100248,2023년 8월 19일 13시,토요일,충청남도 천안시 서북구 불당동,경상사고,0,0,1,0,차대차 - 추돌,안전운전불이행,건조,맑음,기타 - 기타,이륜,남,48세,경상,승합,남,57세,상해없음
2023081900100249,2023년 8월 19일 13시,토요일,충청남도 천안시 서북구 성정동,경상사고,0,0,1,0,차대차 - 기타,안전운전불이행,건조,맑음,교차로 - 교차로횡단보도내,승용,남,68세,상해없음,승용,여,61세,경상
2023081900100280,2023년 8월 19일 14시,토요일,충청남도 서산시 예천동,중상사고,0,2,0,0,차대차 - 추돌,차로위반,건조,맑음,단일로 - 기타,화물,남,48세,상해없음,승용,남,72세,중상
2023081900100342,2023년 8월 19일 16시,토요일,충청남도 서산시 성연면,중상사고,0,3,2,0,차대차 - 측면충돌,안전운전불이행,건조,맑음,교차로 - 교차로안,승용,남,64세,경상,승용,남,48세,중상
2023081900100372,2023년 8월 19일 17시,토요일,충청남도 공주시 탄천면,경상사고,0,0,1,0,차대차 - 기타,안전운전불이행,건조,맑음,단일로 - 기타,승용,여,28세,상해없음,승용,남,25세,경상
2023081900100414,2023년 8월 19일 18시,토요일,충청남도 서천군 서천읍,경상사고,0,0,1,0,차대사람 - 횡단중,보행자보호의무위반,건조,맑음,교차로 - 교차로안,승용,남,63세,상해없음,보행자,남,52세,경상
2023081900100433,2023년 8월 19일 19시,토요일,충청남도 천안시 서북구 쌍용동,부상신고사고,0,0,0,1,차량단독 - 공작물충돌,안전운전불이행,건조,맑음,단일로 - 기타,승용,남,38세,부상신고,,,,
2023081900100461,2023년 8월 19일 20시,토요일,충청남도 천안시 동남구 구성동,부상신고사고,0,0,0,1,차대사람 - 기타,안전운전불이행,건조,맑음,단일로 - 기타,승합,남,59세,상해없음,보행자,남,43세,부상신고
2023081900100487,2023년 8월 19일 21시,토요일,충청남도 공주시 산성동,경상사고,0,0,2,0,차대차 - 측면충돌,신호위반,건조,맑음,교차로 - 교차로안,승용,남,70세,상해없음,승용,남,50세,경상
2023081900100510,2023년 8월 19일 22시,토요일,충청남도 천안시 동남구 신방동,경상사고,0,0,3,0,차대차 - 측면충돌,안전거리미확보,건조,맑음,교차로 - 교차로안,이륜,여,23세,경상,승용,여,41세,경상
2023081900100521,2023년 8월 19일 23시,토요일,충청남도 논산시 반월동,경상사고,0,0,4,0,차대차 - 기타,안전운전불이행,건조,맑음,단일로 - 지하차도(도로)내,화물,남,28세,상해없음,승용,남,37세,경상
2023082000100018,2023년 8월 20일 01시,일요일,충청남도 예산군 오가면,경상사고,0,0,2,0,차대차 - 추돌,안전거리미확보,건조,맑음,단일로 - 지하차도(도로)내,승용,남,19세,상해없음,승용,남,56세,경상
2023082000100040,2023년 8월 20일 04시,일요일,충청남도 천안시 동남구 신부동,경상사고,0,0,2,0,차대차 - 기타,안전운전불이행,건조,맑음,단일로 - 기타,승용,여,43세,상해없음,승용,여,41세,경상
2023082000100056,2023년 8월 20일 07시,일요일,충청남도 공주시 옥룡동,중상사고,0,1,1,0,차대차 - 측면충돌,차로위반,건조,맑음,교차로 - 교차로부근,승용,여,48세,상해없음,승용,남,66세,경상
2023082000100089,2023년 8월 20일 10시,일요일,충청남도 서천군 장항읍,중상사고,0,1,0,0,차대차 - 정면충돌,직진우회전진행방해,건조,맑음,교차로 - 교차로안,승용,남,72세,상해없음,승용,남,57세,중상
2023082000100090,2023년 8월 20일 10시,일요일,충청남도 서천군 장항읍,경상사고,0,0,1,0,차대사람 - 기타,안전운전불이행,건조,맑음,단일로 - 기타,승용,여,40세,상해없음,보행자,여,47세,경상
2023082000100107,2023년 8월 20일 11시,일요일,충청남도 예산군 응봉면,중상사고,0,1,0,1,차대차 - 측면충돌,교차로운행방법위반,건조,맑음,교차로 - 교차로안,농기계,남,86세,부상신고,이륜,남,34세,중상
2023082000100137,2023년 8월 20일 12시,일요일,충청남도 공주시 반포면,경상사고,0,0,1,0,차대차 - 기타,안전운전불이행,건조,맑음,단일로 - 터널,승용,남,33세,상해없음,승용,남,29세,경상
2023082000100138,2023년 8월 20일 12시,일요일,충청남도 천안시 동남구 목천읍,경상사고,0,0,1,0,차대차 - 정면충돌,안전운전불이행,건조,맑음,단일로 - 기타,승용,여,41세,상해없음,승용,여,54세,경상
2023082000100139,2023년 8월 20일 12시,일요일,충청남도 태안군 안면읍,중상사고,0,1,1,0,차대차 - 추돌,교차로운행방법위반,건조,맑음,교차로 - 교차로안,승용,여,20세,상해없음,승용,여,53세,중상
2023082000100169,2023년 8월 20일 13시,일요일,충청남도 천안시 서북구 두정동,경상사고,0,0,2,0,차대차 - 추돌,안전거리미확보,건조,맑음,단일로 - 기타,승용,남,52세,기타불명,승용,남,35세,경상
2023082000100170,2023년 8월 20일 13시,일요일,충청남도 천안시 서북구 입장면,경상사고,0,0,3,0,차대차 - 측면충돌,직진우회전진행방해,건조,맑음,교차로 - 교차로안,승용,남,52세,경상,승용,남,48세,경상
2023082000100171,2023년 8월 20일 13시,일요일,충청남도 아산시 용화동,경상사고,0,0,1,0,차대차 - 측면충돌,안전운전불이행,건조,맑음,교차로 - 교차로안,화물,남,39세,상해없음,이륜,남,51세,경상
2023082000100201,2023년 8월 20일 14시,일요일,충청남도 계룡시 신도안면,경상사고,0,0,2,0,차대차 - 측면충돌,교차로운행방법위반,건조,맑음,교차로 - 교차로안,승용,남,56세,상해없음,승합,남,52세,경상
2023082000100202,2023년 8월 20일 14시,일요일,충청남도 천안시 동남구 봉명동,경상사고,0,0,1,0,차대차 - 기타,안전운전불이행,건조,맑음,단일로 - 기타,승용,남,29세,상해없음,승용,남,58세,상해없음
2023082000100239,2023년 8월 20일 15시,일요일,충청남도 홍성군 홍성읍,경상사고,0,0,1,0,차대차 - 측면충돌,신호위반,건조,맑음,교차로 - 교차로부근,승용,여,39세,상해없음,이륜,남,43세,경상
2023082000100265,2023년 8월 20일 16시,일요일,충청남도 천안시 동남구 광덕면,경상사고,0,0,4,0,차대차 - 추돌,안전운전불이행,건조,맑음,단일로 - 기타,승용,남,23세,상해없음,승용,남,39세,경상
2023082000100296,2023년 8월 20일 17시,일요일,충청남도 서산시 석림동,중상사고,0,4,0,0,차대차 - 정면충돌,신호위반,건조,맑음,교차로 - 교차로안,승용,남,74세,중상,승용,여,46세,중상
2023082000100371,2023년 8월 20일 20시,일요일,충청남도 천안시 동남구 광덕면,경상사고,0,0,6,0,차대차 - 측면충돌,신호위반,건조,맑음,단일로 - 기타,승용,기타불명,미분류,기타불명,승합,남,46세,상해없음
2023082000100414,2023년 8월 20일 22시,일요일,충청남도 서산시 동문동,부상신고사고,0,0,0,1,차대사람 - 길가장자리구역통행중,안전운전불이행,건조,맑음,단일로 - 기타,승용,남,62세,상해없음,보행자,남,77세,부상신고
2023082100100004,2023년 8월 21일 00시,월요일,충청남도 태안군 남면,경상사고,0,0,3,0,차대차 - 추돌,안전운전불이행,건조,맑음,기타 - 기타,승용,여,24세,상해없음,승용,남,31세,경상
2023082100100029,2023년 8월 21일 05시,월요일,충청남도 서산시 잠홍동,경상사고,0,0,1,0,차량단독 - 공작물충돌,안전운전불이행,건조,맑음,단일로 - 기타,승용,여,51세,경상,,,,
2023082100100030,2023년 8월 21일 05시,월요일,충청남도 천안시 서북구 백석동,부상신고사고,0,0,0,1,차대차 - 기타,안전운전불이행,건조,맑음,단일로 - 기타,승용,여,49세,상해없음,승용,남,29세,부상신고
2023082100100067,2023년 8월 21일 07시,월요일,충청남도 서산시 대산읍,중상사고,0,1,1,0,차대차 - 측면충돌,기타,건조,맑음,교차로 - 교차로안,승합,남,42세,상해없음,건설기계,남,54세,상해없음
2023082100100068,2023년 8월 21일 07시,월요일,충청남도 천안시 서북구 성환읍,경상사고,0,0,1,0,차대차 - 기타,중앙선침범,건조,맑음,단일로 - 기타,승용,남,71세,상해없음,승용,여,69세,경상
2023082100100100,2023년 8월 21일 08시,월요일,충청남도 서산시 성연면,중상사고,0,1,0,0,차대차 - 측면충돌,신호위반,건조,맑음,교차로 - 교차로안,승용,여,22세,상해없음,승용,여,53세,중상
2023082100100101,2023년 8월 21일 08시,월요일,충청남도 천안시 서북구 직산읍,경상사고,0,0,1,0,차대차 - 측면충돌,안전운전불이행,건조,맑음,단일로 - 기타,화물,남,62세,상해없음,승용,여,27세,경상
2023082100100147,2023년 8월 21일 09시,월요일,충청남도 서산시 읍내동,중상사고,0,1,0,0,차대사람 - 횡단중,보행자보호의무위반,건조,맑음,교차로 - 교차로횡단보도내,화물,남,75세,기타불명,보행자,여,75세,중상
2023082100100148,2023년 8월 21일 09시,월요일,충청남도 아산시 방축동,경상사고,0,0,2,0,차대차 - 측면충돌,직진우회전진행방해,건조,맑음,교차로 - 교차로안,승용,남,35세,경상,화물,남,42세,상해없음
2023082100100190,2023년 8월 21일 10시,월요일,충청남도 공주시 신관동,경상사고,0,0,2,0,차대차 - 측면충돌,신호위반,건조,맑음,교차로 - 교차로안,승용,남,74세,기타불명,승용,여,61세,경상
2023082100100222,2023년 8월 21일 11시,월요일,충청남도 홍성군 홍성읍,경상사고,0,0,1,0,차대차 - 정면충돌,교차로운행방법위반,건조,맑음,교차로 - 교차로안,승용,여,83세,상해없음,이륜,여,71세,경상
2023082100100264,2023년 8월 21일 12시,월요일,충청남도 천안시 서북구 성환읍,경상사고,0,0,1,0,차대차 - 측면충돌,안전운전불이행,건조,맑음,교차로 - 교차로안,화물,남,52세,상해없음,승용,여,59세,경상
2023082100100265,2023년 8월 21일 12시,월요일,충청남도 천안시 서북구 쌍용동,중상사고,0,1,0,0,차대사람 - 길가장자리구역통행중,안전운전불이행,건조,맑음,단일로 - 기타,개인형이동수단(PM),여,20세,기타불명,보행자,여,41세,중상
2023082100100266,2023년 8월 21일 12시,월요일,충청남도 아산시 인주면,경상사고,0,0,1,0,차대차 - 기타,안전운전불이행,건조,맑음,단일로 - 기타,승용,여,49세,상해없음,화물,여,64세,경상
2023082100100299,2023년 8월 21일 13시,월요일,충청남도 아산시 탕정면,경상사고,0,0,1,0,차대차 - 기타,안전운전불이행,건조,맑음,단일로 - 기타,승합,남,22세,상해없음,화물,남,41세,경상
2023082100100336,2023년 8월 21일 14시,월요일,충청남도 공주시 신관동,경상사고,0,0,1,0,차대차 - 기타,안전운전불이행,건조,맑음,교차로 - 교차로안,승용,여,46세,상해없음,승용,남,35세,경상
2023082100100367,2023년 8월 21일 15시,월요일,충청남도 홍성군 장곡면,중상사고,0,1,0,0,차대차 - 측면충돌,중앙선침범,젖음/습기,비,단일로 - 기타,승용,남,64세,상해없음,승용,남,62세,중상
2023082100100368,2023년 8월 21일 15시,월요일,충청남도 부여군 부여읍,경상사고,0,0,2,0,차대차 - 측면충돌,신호위반,건조,맑음,교차로 - 교차로부근,승용,여,63세,상해없음,승용,여,64세,경상
2023082100100369,2023년 8월 21일 15시,월요일,충청남도 천안시 동남구 광덕면,중상사고,0,1,0,0,차대차 - 기타,신호위반,건조,맑음,교차로 - 교차로안,승용,남,55세,상해없음,이륜,여,23세,중상
2023082100100405,2023년 8월 21일 16시,월요일,충청남도 천안시 서북구 쌍용동,경상사고,0,0,1,0,차대차 - 측면충돌,안전운전불이행,건조,맑음,교차로 - 교차로안,승용,여,23세,상해없음,승용,여,56세,경상
2023082100100448,2023년 8월 21일 17시,월요일,충청남도 당진시 신평면,경상사고,0,0,1,0,차대사람 - 기타,안전운전불이행,건조,맑음,주차장 - 주차장,승용,여,52세,기타불명,보행자,여,23세,경상
2023082100100572,2023년 8월 21일 20시,월요일,충청남도 천안시 서북구 두정동,경상사고,0,0,1,0,차대사람 - 횡단중,안전운전불이행,건조,맑음,교차로 - 교차로부근,이륜,남,20세,상해없음,보행자,남,29세,경상
2023082100100611,2023년 8월 21일 22시,월요일,충청남도 천안시 서북구 불당동,사망사고,1,4,2,0,차대차 - 측면충돌,기타,건조,맑음,교차로 - 교차로안,승용,남,40세,경상,승용,남,35세,중상
2023082200100019,2023년 8월 22일 01시,화요일,충청남도 천안시 서북구 성정동,경상사고,0,0,3,0,차대차 - 측면충돌,안전거리미확보,건조,맑음,교차로 - 교차로부근,승용,남,70세,상해없음,승용,남,18세,경상
2023082200100041,2023년 8월 22일 05시,화요일,충청남도 천안시 동남구 목천읍,경상사고,0,0,1,0,차대차 - 추돌,안전운전불이행,건조,맑음,교차로 - 교차로부근,승용,남,61세,상해없음,농기계,남,75세,경상
2023082200100046,2023년 8월 22일 06시,화요일,충청남도 천안시 서북구 성정동,경상사고,0,0,1,0,차대차 - 측면충돌,교차로운행방법위반,건조,맑음,교차로 - 교차로안,승용,남,44세,상해없음,승용,남,51세,경상
2023082200100062,2023년 8월 22일 07시,화요일,충청남도 서산시 동문동,중상사고,0,1,0,0,차대차 - 측면충돌,안전운전불이행,건조,흐림,교차로 - 교차로안,승용,남,53세,상해없음,이륜,남,58세,중상
2023082200100063,2023년 8월 22일 07시,화요일,충청남도 천안시 서북구 불당동,중상사고,0,1,0,0,차대사람 - 횡단중,신호위반,건조,맑음,교차로 - 교차로안,승용,남,56세,상해없음,보행자,여,19세,중상
2023082200100064,2023년 8월 22일 07시,화요일,충청남도 아산시 도고면,경상사고,0,0,1,0,차대차 - 정면충돌,중앙선침범,건조,맑음,교차로 - 교차로안,화물,여,42세,기타불명,승용,여,36세,경상
2023082200100065,2023년 8월 22일 07시,화요일,충청남도 청양군 청양읍,경상사고,0,0,1,0,차대차 - 정면충돌,중앙선침범,건조,맑음,기타 - 기타,승용,남,68세,상해없음,승용,여,30세,경상
2023082200100066,2023년 8월 22일 07시,화요일,충청남도 공주시 정안면,경상사고,0,0,1,0,차대차 - 추돌,안전운전불이행,건조,맑음,기타 - 기타,승용,남,49세,기타불명,화물,남,51세,경상
2023082200100104,2023년 8월 22일 08시,화요일,충청남도 천안시 서북구 성성동,경상사고,0,0,1,0,차대차 - 측면충돌,안전운전불이행,건조,맑음,단일로 - 기타,승용,여,50세,상해없음,승용,남,29세,경상
2023082200100105,2023년 8월 22일 08시,화요일,충청남도 당진시 면천면,경상사고,0,0,1,0,차대차 - 정면충돌,중앙선침범,건조,맑음,단일로 - 기타,승용,남,29세,상해없음,승용,남,62세,경상
2023082200100147,2023년 8월 22일 09시,화요일,충청남도 서산시 운산면,경상사고,0,0,1,0,차량단독 - 전도전복 - 전도,안전운전불이행,건조,맑음,단일로 - 기타,화물,남,84세,경상,,,,
2023082200100172,2023년 8월 22일 10시,화요일,충청남도 천안시 서북구 쌍용동,경상사고,0,0,1,0,차대차 - 측면충돌,불법유턴,건조,맑음,교차로 - 교차로부근,승용,여,65세,경상,승용,남,58세,상해없음
2023082200100205,2023년 8월 22일 11시,화요일,충청남도 홍성군 홍성읍,경상사고,0,0,1,0,차대차 - 기타,신호위반,건조,맑음,교차로 - 교차로안,승용,여,67세,상해없음,승용,남,24세,경상
2023082200100271,2023년 8월 22일 13시,화요일,충청남도 천안시 서북구 두정동,경상사고,0,0,1,0,차대차 - 측면충돌,안전운전불이행,건조,맑음,기타 - 기타,승용,남,25세,상해없음,개인형이동수단(PM),남,22세,경상
2023082200100273,2023년 8월 22일 13시,화요일,충청남도 아산시 탕정면,경상사고,0,0,1,0,차대차 - 추돌,안전운전불이행,건조,맑음,단일로 - 기타,승용,여,42세,상해없음,승합,남,46세,경상
2023082200100391,2023년 8월 22일 16시,화요일,충청남도 아산시 배방읍,경상사고,0,0,4,0,차대차 - 측면충돌,안전운전불이행,건조,맑음,교차로 - 교차로안,승용,남,51세,상해없음,승용,남,45세,경상
2023082200100433,2023년 8월 22일 17시,화요일,충청남도 천안시 서북구 불당동,사망사고,1,0,0,0,차대사람 - 횡단중,안전운전불이행,건조,맑음,단일로 - 기타,승합,남,64세,상해없음,보행자,남,67세,사망
2023082200100434,2023년 8월 22일 17시,화요일,충청남도 아산시 신창면,경상사고,0,0,1,0,차대차 - 추돌,안전운전불이행,건조,맑음,교차로 - 교차로부근,승용,남,31세,상해없음,승용,남,37세,경상
2023082200100435,2023년 8월 22일 17시,화요일,충청남도 천안시 동남구 청당동,중상사고,0,1,1,0,차대차 - 측면충돌,안전거리미확보,건조,맑음,단일로 - 기타,승합,남,55세,상해없음,승용,여,71세,중상
2023082200100480,2023년 8월 22일 18시,화요일,충청남도 아산시 배방읍,경상사고,0,0,1,0,차대사람 - 보도통행중,기타,건조,맑음,기타 - 기타,이륜,남,40세,상해없음,보행자,여,51세,경상
2023082200100523,2023년 8월 22일 19시,화요일,충청남도 홍성군 홍성읍,경상사고,0,0,1,0,차대차 - 측면충돌,안전운전불이행,건조,맑음,기타 - 기타,승용,남,72세,상해없음,화물,남,50세,경상
2023082200100524,2023년 8월 22일 19시,화요일,충청남도 천안시 동남구 청당동,경상사고,0,0,1,0,차대차 - 추돌,안전운전불이행,젖음/습기,비,교차로 - 교차로안,승용,남,27세,상해없음,승용,여,35세,경상
2023082200100565,2023년 8월 22일 20시,화요일,충청남도 홍성군 홍성읍,중상사고,0,1,0,0,차대차 - 기타,신호위반,건조,맑음,교차로 - 교차로횡단보도내,원동기,남,25세,상해없음,자전거,남,67세,중상
2023082200100594,2023년 8월 22일 21시,화요일,충청남도 천안시 서북구 입장면,중상사고,0,4,0,0,차대차 - 측면충돌,안전운전불이행,건조,맑음,기타 - 기타,승용,여,49세,기타불명,승용,남,45세,중상
2023082300100007,2023년 8월 23일 00시,수요일,충청남도 천안시 서북구 직산읍,중상사고,0,1,0,0,차량단독 - 공작물충돌,안전운전불이행,젖음/습기,비,단일로 - 기타,승용,남,50세,중상,,,,
2023082300100012,2023년 8월 23일 01시,수요일,충청남도 예산군 예산읍,부상신고사고,0,0,0,1,차량단독 - 공작물충돌,안전운전불이행,젖음/습기,비,교차로 - 교차로안,승용,남,25세,부상신고,,,,
2023082300100040,2023년 8월 23일 06시,수요일,충청남도 천안시 서북구 불당동,부상신고사고,0,0,0,2,차대차 - 기타,안전운전불이행,건조,맑음,교차로 - 교차로안,승용,남,25세,상해없음,승용,남,55세,부상신고
2023082300100041,2023년 8월 23일 06시,수요일,충청남도 천안시 서북구 성성동,경상사고,0,0,1,0,차대차 - 측면충돌,안전거리미확보,젖음/습기,흐림,교차로 - 교차로안,승용,남,51세,상해없음,승용,남,38세,경상
2023082300100091,2023년 8월 23일 08시,수요일,충청남도 천안시 서북구 직산읍,부상신고사고,0,0,0,2,차대차 - 기타,안전운전불이행,건조,맑음,기타 - 기타,승용,여,27세,상해없음,승합,남,52세,부상신고
2023082300100126,2023년 8월 23일 09시,수요일,충청남도 홍성군 홍성읍,중상사고,0,1,0,0,차대사람 - 보도통행중,안전운전불이행,젖음/습기,흐림,교차로 - 교차로횡단보도내,승용,여,37세,상해없음,보행자,여,89세,중상
2023082300100182,2023년 8월 23일 11시,수요일,충청남도 천안시 서북구 두정동,부상신고사고,0,0,0,1,차대차 - 기타,안전운전불이행,건조,맑음,단일로 - 기타,원동기,남,35세,부상신고,승용,여,48세,상해없음
2023082300100220,2023년 8월 23일 12시,수요일,충청남도 천안시 서북구 쌍용동,중상사고,0,1,0,0,차대사람 - 횡단중,안전운전불이행,건조,맑음,교차로 - 교차로횡단보도내,승용,남,57세,상해없음,보행자,여,73세,중상
2023082300100248,2023년 8월 23일 13시,수요일,충청남도 아산시 신창면,중상사고,0,1,0,0,차대차 - 정면충돌,안전운전불이행,건조,흐림,교차로 - 교차로안,승용,남,72세,상해없음,이륜,남,59세,중상
2023082300100281,2023년 8월 23일 14시,수요일,충청남도 아산시 음봉면,경상사고,0,0,2,0,차대차 - 추돌,안전운전불이행,건조,맑음,교차로 - 교차로부근,승용,남,34세,상해없음,승용,남,70세,경상
2023082300100282,2023년 8월 23일 14시,수요일,충청남도 천안시 동남구 목천읍,경상사고,0,0,3,0,차대차 - 측면충돌,안전운전불이행,건조,맑음,기타 - 기타,승용,남,43세,경상,승용,여,47세,경상
2023082300100306,2023년 8월 23일 15시,수요일,충청남도 금산군 추부면,경상사고,0,0,2,0,차대차 - 추돌,안전운전불이행,건조,맑음,교차로 - 교차로부근,화물,남,69세,상해없음,승용,여,54세,경상
2023082300100404,2023년 8월 23일 18시,수요일,충청남도 천안시 동남구 용곡동,경상사고,0,0,1,0,차대차 - 기타,중앙선침범,건조,흐림,단일로 - 기타,승합,남,50세,상해없음,화물,남,27세,경상
2023082300100456,2023년 8월 23일 19시,수요일,충청남도 서산시 읍내동,경상사고,0,0,1,0,차대차 - 추돌,안전운전불이행,젖음/습기,비,단일로 - 기타,화물,남,49세,기타불명,승용,여,67세,경상
2023082300100457,2023년 8월 23일 19시,수요일,충청남도 천안시 서북구 쌍용동,경상사고,0,0,1,0,차대차 - 기타,안전거리미확보,건조,맑음,단일로 - 기타,승합,남,65세,상해없음,이륜,남,26세,경상
2023082300100458,2023년 8월 23일 19시,수요일,충청남도 천안시 서북구 불당동,경상사고,0,0,4,0,차대차 - 측면충돌,안전운전불이행,젖음/습기,비,단일로 - 기타,승용,여,47세,상해없음,승용,남,31세,경상
2023082300100488,2023년 8월 23일 20시,수요일,충청남도 서산시 해미면,중상사고,0,1,1,0,차대차 - 측면충돌,안전운전불이행,건조,맑음,교차로 - 교차로부근,승용,남,62세,상해없음,화물,여,56세,중상
2023082300100489,2023년 8월 23일 20시,수요일,충청남도 천안시 서북구 두정동,경상사고,0,0,1,0,차대사람 - 기타,안전운전불이행,건조,맑음,교차로 - 교차로안,승용,남,24세,상해없음,보행자,남,22세,경상
2023082300100490,2023년 8월 23일 20시,수요일,충청남도 논산시 취암동,중상사고,0,1,0,0,차대사람 - 횡단중,신호위반,젖음/습기,비,단일로 - 기타,이륜,남,29세,상해없음,보행자,남,20세,중상