사고번호,사고일시,요일,시군구,사고내용,사망자수,중상자수,경상자수,부상신고자수,사고유형,법규위반,노면상태,기상상태,도로형태,가해운전자 차종,가해운전자 성별,가해운전자 연령,가해운전자 상해정도,피해운전자 차종,피해운전자 성별,피해운전자 연령,피해운전자 상해정도
2023090100100312,2023년 9월 1일 13시,금요일,충청남도 서산시 동문동,경상사고,0,0,1,0,차대차 - 측면충돌,안전운전불이행,건조,맑음,교차로 - 교차로안,승용,남,72세,상해없음,승용,여,63세,경상
2023090100100313,2023년 9월 1일 13시,금요일,충청남도 논산시 부적면,경상사고,0,0,1,0,차대차 - 추돌,안전운전불이행,건조,맑음,단일로 - 기타,이륜,남,51세,경상,화물,남,70세,상해없음
2023090100100314,2023년 9월 1일 13시,금요일,충청남도 태안군 태안읍,경상사고,0,0,1,0,차대차 - 측면충돌,안전운전불이행,건조,맑음,단일로 - 기타,건설기계,남,52세,기타불명,이륜,남,75세,경상
2023090100100389,2023년 9월 1일 15시,금요일,충청남도 천안시 서북구 불당동,경상사고,0,0,1,0,차대차 - 측면충돌,교차로운행방법위반,건조,맑음,교차로 - 교차로안,승용,여,46세,기타불명,승용,여,32세,경상
2023090100100390,2023년 9월 1일 15시,금요일,충청남도 당진시 읍내동,경상사고,0,0,1,0,차대차 - 기타,기타,건조,맑음,교차로 - 교차로안,승용,남,58세,상해없음,이륜,여,69세,경상
2023090100100391,2023년 9월 1일 15시,금요일,충청남도 천안시 동남구 대흥동,경상사고,0,0,2,0,차대차 - 측면충돌,교차로운행방법위반,건조,맑음,교차로 - 교차로안,승용,남,58세,경상,승용,여,33세,경상
2023090100100440,2023년 9월 1일 16시,금요일,충청남도 서산시 동문동,경상사고,0,0,1,0,차대사람 - 길가장자리구역통행중,안전운전불이행,건조,맑음,단일로 - 기타,승용,남,62세,상해없음,보행자,여,67세,경상
2023090100100497,2023년 9월 1일 17시,금요일,충청남도 서산시 대산읍,경상사고,0,0,3,0,차대차 - 측면충돌,신호위반,건조,맑음,교차로 - 교차로안,화물,남,56세,상해없음,화물,남,32세,상해없음
2023090100100498,2023년 9월 1일 17시,금요일,충청남도 천안시 서북구 불당동,경상사고,0,0,1,0,차대차 - 기타,신호위반,건조,맑음,교차로 - 교차로안,승합,남,58세,상해없음,이륜,남,48세,경상
2023090100100499,2023년 9월 1일 17시,금요일,충청남도 논산시 취암동,경상사고,0,0,2,0,차대차 - 추돌,안전운전불이행,건조,맑음,단일로 - 기타,이륜,남,87세,기타불명,승용,여,48세,경상
2023090100100500,2023년 9월 1일 17시,금요일,충청남도 천안시 동남구 목천읍,경상사고,0,0,2,0,차대차 - 측면충돌,직진우회전진행방해,건조,맑음,교차로 - 교차로안,화물,남,53세,상해없음,승용,여,43세,경상
2023090100100555,2023년 9월 1일 18시,금요일,충청남도 서산시 동문동,중상사고,0,1,0,0,차대차 - 정면충돌,안전운전불이행,건조,맑음,교차로 - 교차로안,화물,남,49세,상해없음,이륜,남,32세,중상
2023090100100556,2023년 9월 1일 18시,금요일,충청남도 천안시 서북구 성환읍,경상사고,0,0,1,0,차대차 - 정면충돌,신호위반,건조,맑음,교차로 - 교차로부근,이륜,남,31세,경상,승용,남,48세,상해없음
2023090100100557,2023년 9월 1일 18시,금요일,충청남도 아산시 배방읍,경상사고,0,0,1,0,차대차 - 측면충돌,안전운전불이행,건조,맑음,교차로 - 교차로부근,특수,남,48세,상해없음,승용,여,40세,경상
2023090100100610,2023년 9월 1일 19시,금요일,충청남도 천안시 동남구 병천면,경상사고,0,0,1,0,차대차 - 기타,중앙선침범,건조,맑음,단일로 - 기타,승용,남,46세,상해없음,이륜,남,53세,경상
2023090100100657,2023년 9월 1일 20시,금요일,충청남도 천안시 동남구 신부동,경상사고,0,0,1,1,차대차 - 측면충돌,신호위반,건조,맑음,교차로 - 교차로안,이륜,남,53세,부상신고,승용,여,27세,경상
2023090100100686,2023년 9월 1일 21시,금요일,충청남도 아산시 온천동,중상사고,0,1,0,0,차대차 - 정면충돌,중앙선침범,건조,맑음,교차로 - 교차로부근,승용,여,55세,상해없음,이륜,남,27세,중상
2023090100100703,2023년 9월 1일 22시,금요일,충청남도 예산군 덕산면,경상사고,0,0,1,0,차대차 - 측면충돌,직진우회전진행방해,건조,맑음,교차로 - 교차로안,원동기,남,38세,상해없음,원동기,남,14세,경상
2023090100100729,2023년 9월 1일 23시,금요일,충청남도 홍성군 홍북읍,경상사고,0,0,1,0,차대차 - 기타,신호위반,건조,맑음,교차로 - 교차로안,승용,남,64세,상해없음,승용,남,51세,경상
2023090100100730,2023년 9월 1일 23시,금요일,충청남도 당진시 석문면,중상사고,0,2,0,0,차대차 - 정면충돌,중앙선침범,건조,맑음,단일로 - 지하차도(도로)내,승용,남,43세,상해없음,승용,여,61세,중상
2023090200100010,2023년 9월 2일 00시,토요일,충청남도 청양군 청양읍,경상사고,0,0,1,0,차대차 - 추돌,안전운전불이행,건조,맑음,교차로 - 교차로부근,승용,남,28세,상해없음,승용,남,26세,경상
2023090200100029,2023년 9월 2일 02시,토요일,충청남도 논산시 취암동,부상신고사고,0,0,0,1,차대차 - 기타,안전운전불이행,건조,맑음,단일로 - 기타,승용,남,32세,부상신고,승용,남,58세,기타불명
2023090200100059,2023년 9월 2일 06시,토요일,충청남도 천안시 서북구 차암동,경상사고,0,0,1,0,차대차 - 측면충돌,직진우회전진행방해,건조,맑음,교차로 - 교차로안,승용,남,66세,상해없음,승용,남,63세,경상
2023090200100070,2023년 9월 2일 07시,토요일,충청남도 서천군 기산면,중상사고,0,1,0,0,차량단독 - 공작물충돌,안전운전불이행,건조,맑음,교차로 - 교차로안,승용,여,56세,중상,,,,
2023090200100110,2023년 9월 2일 09시,토요일,충청남도 천안시 서북구 백석동,경상사고,0,0,1,1,차대차 - 측면충돌,불법유턴,건조,맑음,단일로 - 기타,자전거,남,56세,부상신고,승용,남,40세,경상
2023090200100111,2023년 9월 2일 09시,토요일,충청남도 아산시 탕정면,경상사고,0,0,1,0,차대차 - 측면충돌,안전운전불이행,건조,맑음,단일로 - 기타,승용,남,42세,상해없음,승용,남,28세,경상
2023090200100112,2023년 9월 2일 09시,토요일,충청남도 서천군 마서면,중상사고,0,1,0,1,차대차 - 추돌,안전거리미확보,건조,맑음,단일로 - 기타,승합,남,45세,상해없음,화물,여,64세,중상
2023090200100113,2023년 9월 2일 09시,토요일,충청남도 당진시 신평면,중상사고,0,1,0,0,차대사람 - 차도통행중,안전운전불이행,건조,맑음,교차로 - 교차로안,화물,남,63세,상해없음,보행자,남,88세,중상
2023090200100148,2023년 9월 2일 10시,토요일,충청남도 천안시 동남구 봉명동,중상사고,0,1,1,0,차대차 - 측면충돌,직진우회전진행방해,건조,맑음,교차로 - 교차로안,이륜,남,53세,중상,승용,남,44세,경상
2023090200100149,2023년 9월 2일 10시,토요일,충청남도 천안시 서북구 차암동,경상사고,0,0,1,0,차대차 - 기타,신호위반,건조,맑음,교차로 - 교차로안,승용,남,58세,상해없음,승용,여,45세,경상
2023090200100150,2023년 9월 2일 10시,토요일,충청남도 천안시 동남구 성황동,경상사고,0,0,3,0,차대차 - 측면충돌,안전운전불이행,건조,맑음,교차로 - 교차로부근,화물,남,60세,상해없음,승용,남,47세,경상
2023090200100202,2023년 9월 2일 11시,토요일,충청남도 아산시 염치읍,경상사고,0,0,2,0,차대차 - 측면충돌,안전운전불이행,건조,맑음,단일로 - 기타,건설기계,남,33세,상해없음,승용,남,25세,경상
2023090200100203,2023년 9월 2일 11시,토요일,충청남도 천안시 동남구 청당동,경상사고,0,0,1,0,차대차 - 측면충돌,교차로운행방법위반,건조,맑음,교차로 - 교차로안,화물,남,72세,상해없음,승용,여,34세,경상
2023090200100204,2023년 9월 2일 11시,토요일,충청남도 태안군 이원면,경상사고,0,0,1,0,차대차 - 측면충돌,안전운전불이행,건조,맑음,교차로 - 교차로부근,화물,남,58세,상해없음,승용,남,61세,경상
2023090200100306,2023년 9월 2일 13시,토요일,충청남도 천안시 동남구 사직동,경상사고,0,0,2,0,차대차 - 기타,안전운전불이행,건조,맑음,단일로 - 기타,화물,남,67세,상해없음,승용,남,34세,경상
2023090200100352,2023년 9월 2일 14시,토요일,충청남도 천안시 서북구 쌍용동,경상사고,0,0,4,0,차대차 - 후진중충돌,안전운전불이행,건조,맑음,교차로 - 교차로부근,승용,여,56세,상해없음,승용,남,45세,경상
2023090200100353,2023년 9월 2일 14시,토요일,충청남도 아산시 방축동,중상사고,0,1,0,0,차대차 - 기타,안전운전불이행,건조,맑음,단일로 - 기타,승용,남,60세,상해없음,자전거,남,47세,중상
2023090200100354,2023년 9월 2일 14시,토요일,충청남도 예산군 예산읍,경상사고,0,0,2,0,차대차 - 측면충돌,안전운전불이행,건조,맑음,주차장 - 주차장,승용,남,42세,상해없음,승용,남,51세,상해없음
2023090200100355,2023년 9월 2일 14시,토요일,충청남도 부여군 부여읍,경상사고,0,0,5,0,차대차 - 추돌,안전운전불이행,건조,맑음,단일로 - 기타,승용,남,59세,상해없음,승용,여,44세,경상
2023090200100414,2023년 9월 2일 16시,토요일,충청남도 천안시 서북구 불당동,부상신고사고,0,0,0,1,차대사람 - 횡단중,보행자보호의무위반,건조,맑음,교차로 - 교차로횡단보도내,승용,남,35세,상해없음,보행자,남,11세,부상신고
2023090200100415,2023년 9월 2일 16시,토요일,충청남도 천안시 서북구 불당동,경상사고,0,0,1,0,차대차 - 측면충돌,안전운전불이행,건조,맑음,교차로 - 교차로부근,승용,남,22세,상해없음,승용,남,47세,경상
2023090200100485,2023년 9월 2일 18시,토요일,충청남도 당진시 고대면,경상사고,0,0,1,0,차대사람 - 기타,안전운전불이행,건조,맑음,단일로 - 기타,화물,남,71세,기타불명,보행자,남,56세,경상
2023090200100518,2023년 9월 2일 19시,토요일,충청남도 천안시 동남구 사직동,중상사고,0,1,0,0,차대사람 - 횡단중,안전운전불이행,건조,맑음,단일로 - 기타,승용,남,51세,상해없음,보행자,여,68세,중상
2023090200100546,2023년 9월 2일 20시,토요일,충청남도 천안시 서북구 불당동,부상신고사고,0,0,0,3,차대차 - 측면충돌,직진우회전진행방해,건조,맑음,교차로 - 교차로안,승용,남,48세,부상신고,승용,남,24세,부상신고
2023090200100589,2023년 9월 2일 22시,토요일,충청남도 천안시 서북구 쌍용동,경상사고,0,0,1,0,차대사람 - 기타,안전운전불이행,건조,맑음,교차로 - 교차로안,화물,남,68세,상해없음,보행자,여,34세,경상
2023090200100590,2023년 9월 2일 22시,토요일,충청남도 천안시 서북구 쌍용동,경상사고,0,0,1,0,차대차 - 측면충돌,안전운전불이행,건조,맑음,단일로 - 기타,승용,남,26세,상해없음,이륜,남,28세,경상
2023090200100591,2023년 9월 2일 22시,토요일,충청남도 아산시 온천동,중상사고,0,1,0,0,차대차 - 측면충돌,신호위반,건조,맑음,교차로 - 교차로안,승용,남,44세,상해없음,승용,남,56세,중상
2023090200100609,2023년 9월 2일 23시,토요일,충청남도 천안시 서북구 성정동,경상사고,0,0,2,0,차대차 - 추돌,안전운전불이행,건조,맑음,단일로 - 기타,승용,남,63세,상해없음,승용,남,70세,경상
2023090300100020,2023년 9월 3일 02시,일요일,충청남도 논산시 내동,경상사고,0,0,1,0,차량단독 - 공작물충돌,안전운전불이행,건조,맑음,교차로 - 교차로안,이륜,남,17세,경상,,,,
2023090300100043,2023년 9월 3일 05시,일요일,충청남도 천안시 서북구 성정동,경상사고,0,0,1,0,차대차 - 추돌,안전운전불이행,건조,맑음,교차로 - 교차로부근,승용,남,43세,상해없음,승용,남,62세,경상
2023090300100057,2023년 9월 3일 07시,일요일,충청남도 서산시 성연면,경상사고,0,0,1,0,차대차 - 기타,신호위반,건조,맑음,교차로 - 교차로안,승용,남,70세,상해없음,승합,남,53세,경상
2023090300100058,2023년 9월 3일 07시,일요일,충청남도 천안시 서북구 두정동,경상사고,0,0,1,0,차대차 - 기타,신호위반,건조,맑음,기타 - 기타,자전거,남,62세,경상,승용,남,65세,상해없음
2023090300100065,2023년 9월 3일 08시,일요일,충청남도 천안시 서북구 백석동,중상사고,0,1,0,0,차대차 - 기타,안전거리미확보,건조,맑음,교차로 - 교차로안,승용,여,31세,기타불명,승용,여,41세,중상
2023090300100092,2023년 9월 3일 10시,일요일,충청남도 보령시 남포면,경상사고,0,0,1,0,차대차 - 기타,안전운전불이행,건조,맑음,단일로 - 기타,화물,남,30세,상해없음,승용,여,64세,경상
2023090300100093,2023년 9월 3일 10시,일요일,충청남도 예산군 삽교읍,경상사고,0,0,1,0,차대차 - 후진중충돌,안전운전불이행,건조,맑음,단일로 - 기타,화물,남,86세,상해없음,승용,남,65세,경상
2023090300100142,2023년 9월 3일 12시,일요일,충청남도 아산시 온천동,경상사고,0,0,1,0,차대차 - 측면충돌,안전운전불이행,건조,맑음,교차로 - 교차로안,승용,여,49세,상해없음,승용,남,63세,경상
2023090300100165,2023년 9월 3일 13시,일요일,충청남도 당진시 송악읍,중상사고,0,1,2,0,차대차 - 정면충돌,안전운전불이행,건조,맑음,기타 - 기타,화물,남,54세,상해없음,승합,남,55세,상해없음
2023090300100193,2023년 9월 3일 14시,일요일,충청남도 아산시 모종동,경상사고,0,0,1,0,차대차 - 추돌,안전운전불이행,건조,맑음,단일로 - 기타,개인형이동수단(PM),남,15세,상해없음,이륜,남,31세,경상
2023090300100245,2023년 9월 3일 16시,일요일,충청남도 천안시 동남구 다가동,중상사고,0,1,0,0,차대차 - 정면충돌,안전운전불이행,건조,맑음,기타 - 기타,승용,여,47세,상해없음,자전거,남,66세,중상
2023090300100272,2023년 9월 3일 17시,일요일,충청남도 천안시 서북구 두정동,경상사고,0,0,1,0,차대차 - 기타,중앙선침범,건조,맑음,기타 - 기타,승용,남,29세,기타불명,이륜,남,48세,경상
2023090300100273,2023년 9월 3일 17시,일요일,충청남도 예산군 예산읍,중상사고,0,1,0,0,차대사람 - 차도통행중,안전운전불이행,건조,맑음,단일로 - 기타,승용,남,83세,상해없음,보행자,여,64세,중상
2023090300100274,2023년 9월 3일 17시,일요일,충청남도 당진시 신평면,경상사고,0,0,1,0,차대사람 - 차도통행중,보행자보호의무위반,건조,맑음,단일로 - 기타,원동기,남,54세,상해없음,보행자,여,48세,경상
2023090300100275,2023년 9월 3일 17시,일요일,충청남도 태안군 고남면,중상사고,0,1,0,0,차대사람 - 기타,안전운전불이행,건조,맑음,단일로 - 기타,화물,남,63세,상해없음,보행자,남,86세,중상
2023090300100305,2023년 9월 3일 18시,일요일,충청남도 청양군 화성면,중상사고,0,1,2,0,차대차 - 추돌,기타,건조,맑음,교차로 - 교차로부근,승용,남,43세,경상,승용,여,27세,중상
2023090300100327,2023년 9월 3일 19시,일요일,충청남도 홍성군 홍북읍,경상사고,0,0,2,0,차대차 - 정면충돌,신호위반,건조,맑음,교차로 - 교차로횡단보도내,승용,여,55세,경상,승용,남,44세,경상
2023090300100328,2023년 9월 3일 19시,일요일,충청남도 예산군 예산읍,경상사고,0,0,2,0,차대차 - 정면충돌,교차로운행방법위반,건조,맑음,교차로 - 교차로안,승용,남,37세,상해없음,승용,남,49세,경상
2023090300100359,2023년 9월 3일 20시,일요일,충청남도 아산시 배방읍,경상사고,0,0,1,0,차대차 - 추돌,안전운전불이행,건조,맑음,교차로 - 교차로안,승용,남,29세,상해없음,승용,여,29세,경상
2023090300100360,2023년 9월 3일 20시,일요일,충청남도 공주시 탄천면,중상사고,0,1,0,0,차대차 - 측면충돌,안전거리미확보,건조,맑음,교차로 - 교차로부근,화물,남,66세,상해없음,승용,여,23세,중상
2023090400100012,2023년 9월 4일 02시,월요일,충청남도 천안시 서북구 성정동,중상사고,0,1,1,0,차대차 - 측면충돌,교차로운행방법위반,건조,맑음,교차로 - 교차로안,이륜,남,49세,경상,이륜,남,17세,중상
2023090400100043,2023년 9월 4일 06시,월요일,충청남도 서산시 지곡면,경상사고,0,0,1,0,차대차 - 측면충돌,안전운전불이행,건조,맑음,교차로 - 교차로부근,승용,남,52세,상해없음,화물,여,62세,경상
2023090400100044,2023년 9월 4일 06시,월요일,충청남도 천안시 동남구 풍세면,경상사고,0,0,1,0,차대차 - 측면충돌,안전운전불이행,건조,맑음,단일로 - 기타,승용,여,62세,상해없음,승용,남,34세,경상
2023090400100065,2023년 9월 4일 07시,월요일,충청남도 천안시 서북구 직산읍,경상사고,0,0,1,0,차대차 - 정면충돌,중앙선침범,건조,맑음,단일로 - 기타,승용,여,35세,상해없음,승용,여,25세,경상
2023090400100066,2023년 9월 4일 07시,월요일,충청남도 천안시 서북구 차암동,경상사고,0,0,3,1,차대차 - 측면충돌,안전운전불이행,건조,맑음,교차로 - 교차로안,승용,여,36세,부상신고,승용,남,28세,경상
2023090400100108,2023년 9월 4일 08시,월요일,충청남도 아산시 신동,중상사고,0,1,0,0,차대차 - 측면충돌,안전운전불이행,건조,맑음,교차로 - 교차로안,승용,여,39세,상해없음,이륜,남,72세,중상
2023090400100109,2023년 9월 4일 08시,월요일,충청남도 아산시 배방읍,중상사고,0,1,3,0,차대차 - 측면충돌,신호위반,건조,맑음,교차로 - 교차로안,승용,여,42세,상해없음,화물,남,68세,중상
2023090400100110,2023년 9월 4일 08시,월요일,충청남도 예산군 덕산면,경상사고,0,0,1,0,차대차 - 정면충돌,교차로운행방법위반,건조,맑음,교차로 - 교차로안,화물,남,49세,상해없음,승용,남,24세,경상
2023090400100111,2023년 9월 4일 08시,월요일,충청남도 부여군 규암면,경상사고,0,0,1,0,차대차 - 정면충돌,안전운전불이행,건조,맑음,단일로 - 기타,화물,남,55세,상해없음,이륜,남,82세,경상
2023090400100252,2023년 9월 4일 12시,월요일,충청남도 천안시 서북구 쌍용동,경상사고,0,0,1,0,차대차 - 측면충돌,안전운전불이행,건조,맑음,단일로 - 기타,이륜,남,23세,경상,화물,남,58세,상해없음
2023090400100286,2023년 9월 4일 13시,월요일,충청남도 천안시 서북구 쌍용동,경상사고,0,0,1,0,차대차 - 기타,기타,건조,맑음,단일로 - 기타,승용,남,52세,상해없음,이륜,남,38세,경상
2023090400100287,2023년 9월 4일 13시,월요일,충청남도 아산시 온천동,경상사고,0,0,1,0,차대차 - 기타,안전운전불이행,건조,맑음,단일로 - 기타,승용,남,21세,상해없음,이륜,남,63세,경상
2023090400100288,2023년 9월 4일 13시,월요일,충청남도 아산시 도고면,중상사고,0,1,0,0,차대차 - 측면충돌,안전운전불이행,건조,맑음,단일로 - 기타,화물,남,32세,상해없음,농기계,남,63세,중상
2023090400100289,2023년 9월 4일 13시,월요일,충청남도 아산시 탕정면,경상사고,0,0,1,0,차대차 - 기타,안전운전불이행,건조,맑음,단일로 - 기타,승용,여,24세,상해없음,화물,여,46세,상해없음
2023090400100290,2023년 9월 4일 13시,월요일,충청남도 당진시 합덕읍,경상사고,0,0,2,0,차대차 - 측면충돌,안전운전불이행,건조,맑음,교차로 - 교차로부근,승용,남,40세,상해없음,승용,여,37세,경상
2023090400100291,2023년 9월 4일 13시,월요일,충청남도 천안시 동남구 목천읍,경상사고,0,0,1,0,차대차 - 기타,안전운전불이행,건조,맑음,단일로 - 기타,승용,남,76세,상해없음,승용,남,60세,경상
2023090400100315,2023년 9월 4일 14시,월요일,충청남도 천안시 서북구 쌍용동,경상사고,0,0,1,0,차대차 - 추돌,안전운전불이행,건조,맑음,교차로 - 교차로부근,승용,여,47세,상해없음,승용,남,46세,경상
2023090400100356,2023년 9월 4일 15시,월요일,충청남도 금산군 금산읍,중상사고,0,1,0,0,차대사람 - 기타,기타,건조,맑음,교차로 - 교차로횡단보도내,승용,여,43세,상해없음,보행자,여,51세,중상
2023090400100390,2023년 9월 4일 16시,월요일,충청남도 천안시 서북구 두정동,중상사고,0,1,0,1,차대차 - 기타,신호위반,건조,맑음,교차로 - 교차로안,이륜,남,45세,상해없음,이륜,남,23세,부상신고
2023090400100431,2023년 9월 4일 17시,월요일,충청남도 공주시 반포면,경상사고,0,0,1,0,차대사람 - 기타,안전운전불이행,건조,맑음,단일로 - 기타,화물,남,70세,상해없음,보행자,남,65세,경상
2023090400100468,2023년 9월 4일 18시,월요일,충청남도 천안시 서북구 불당동,경상사고,0,0,2,0,차대차 - 기타,교차로운행방법위반,건조,맑음,교차로 - 교차로안,승용,여,61세,상해없음,승용,여,45세,경상
2023090400100524,2023년 9월 4일 19시,월요일,충청남도 보령시 신흑동,중상사고,0,1,0,0,차대사람 - 기타,안전운전불이행,건조,맑음,기타 - 기타,승용,남,24세,상해없음,보행자,여,43세,중상
2023090400100562,2023년 9월 4일 20시,월요일,충청남도 서산시 예천동,경상사고,0,0,2,0,차대차 - 정면충돌,신호위반,건조,맑음,교차로 - 교차로안,화물,남,63세,상해없음,승용,여,43세,경상
2023090400100563,2023년 9월 4일 20시,월요일,충청남도 아산시 배방읍,경상사고,0,0,2,0,차대차 - 측면충돌,안전거리미확보,건조,맑음,단일로 - 기타,승용,남,53세,상해없음,승용,남,26세,경상
2023090400100564,2023년 9월 4일 20시,월요일,충청남도 천안시 동남구 청당동,경상사고,0,0,1,0,차대사람 - 기타,보행자보호의무위반,건조,맑음,단일로 - 기타,승용,남,61세,상해없음,보행자,여,22세,경상
2023090400100588,2023년 9월 4일 21시,월요일,충청남도 아산시 배방읍,중상사고,0,1,6,0,차대차 - 추돌,안전운전불이행,건조,맑음,교차로 - 교차로부근,승용,남,36세,상해없음,승합,남,60세,중상
2023090400100619,2023년 9월 4일 23시,월요일,충청남도 천안시 동남구 신부동,부상신고사고,0,0,0,1,차대사람 - 길가장자리구역통행중,안전운전불이행,건조,맑음,단일로 - 기타,승용,남,23세,기타불명,보행자,남,25세,부상신고
2023090500100009,2023년 9월 5일 00시,화요일,충청남도 천안시 서북구 불당동,중상사고,0,1,0,0,차대사람 - 횡단중,기타,건조,흐림,교차로 - 교차로부근,승용,남,40세,상해없음,보행자,여,21세,중상
2023090500100010,2023년 9월 5일 00시,화요일,충청남도 아산시 배방읍,중상사고,0,1,0,0,차대차 - 측면충돌,안전운전불이행,건조,맑음,교차로 - 교차로안,승용,남,30세,상해없음,승용,여,57세,중상
2023090500100011,2023년 9월 5일 00시,화요일,충청남도 아산시 염치읍,중상사고,0,1,0,0,차량단독 - 공작물충돌,기타,건조,맑음,단일로 - 기타,승용,남,39세,상해없음,,,,
2023090500100046,2023년 9월 5일 05시,화요일,충청남도 논산시 취암동,경상사고,0,0,1,0,차대사람 - 차도통행중,안전운전불이행,건조,맑음,교차로 - 교차로안,승용,남,21세,상해없음,보행자,남,50세,경상
2023090500100047,2023년 9월 5일 05시,화요일,충청남도 홍성군 홍북읍,경상사고,0,0,1,0,차대차 - 측면충돌,신호위반,건조,맑음,교차로 - 교차로안,승용,남,66세,상해없음,승합,남,43세,경상
2023090500100048,2023년 9월 5일 05시,화요일,충청남도 아산시 인주면,경상사고,0,0,1,0,차대사람 - 기타,안전운전불이행,건조,맑음,단일로 - 기타,승용,남,55세,상해없음,보행자,여,81세,경상
2023090500100049,2023년 9월 5일 05시,화요일,충청남도 아산시 배방읍,중상사고,0,1,0,0,차량단독 - 공작물충돌,안전운전불이행,건조,맑음,단일로 - 기타,승용,남,74세,중상,,,,
2023090500100061,2023년 9월 5일 06시,화요일,충청남도 아산시 인주면,경상사고,0,0,1,0,차대차 - 추돌,안전운전불이행,건조,맑음,교차로 - 교차로부근,승용,남,68세,상해없음,승용,남,46세,경상
2023090500100062,2023년 9월 5일 06시,화요일,충청남도 천안시 동남구 광덕면,경상사고,0,0,1,0,차대차 - 정면충돌,안전운전불이행,건조,맑음,단일로 - 기타,화물,남,34세,상해없음,화물,남,53세,경상
2023090500100167,2023년 9월 5일 09시,화요일,충청남도 서산시 대산읍,부상신고사고,0,0,0,1,차대사람 - 차도통행중,안전운전불이행,건조,맑음,기타 - 기타,기타불명,기타불명,미분류,기타불명,보행자,여,42세,부상신고
2023090500100168,2023년 9월 5일 09시,화요일,충청남도 서천군 화양면,중상사고,0,1,0,0,차량단독 - 도로외이탈 - 기타,안전운전불이행,건조,맑음,단일로 - 기타,자전거,여,78세,중상,,,,
2023090500100169,2023년 9월 5일 09시,화요일,충청남도 금산군 금산읍,경상사고,0,0,1,0,차대차 - 측면충돌,안전운전불이행,건조,맑음,교차로 - 교차로안,승용,여,60세,상해없음,승용,여,48세,경상
2023090500100250,2023년 9월 5일 11시,화요일,충청남도 서천군 비인면,경상사고,0,0,4,0,차대차 - 측면충돌,직진우회전진행방해,건조,맑음,교차로 - 교차로안,승용,여,47세,경상,승용,남,57세,상해없음
2023090500100283,2023년 9월 5일 12시,화요일,충청남도 공주시 신관동,중상사고,0,1,0,0,차대차 - 추돌,교차로운행방법위반,건조,맑음,교차로 - 교차로안,승용,여,59세,상해없음,이륜,남,36세,중상
2023090500100284,2023년 9월 5일 12시,화요일,충청남도 당진시 석문면,중상사고,0,1,0,0,차대차 - 추돌,안전운전불이행,건조,맑음,단일로 - 기타,자전거,남,57세,중상,자전거,남,55세,상해없음
2023090500100316,2023년 9월 5일 13시,화요일,충청남도 서산시 동문동,경상사고,0,0,1,0,차대차 - 기타,중앙선침범,건조,맑음,교차로 - 교차로안,승용,남,63세,상해없음,이륜,남,29세,경상
2023090500100317,2023년 9월 5일 13시,화요일,충청남도 천안시 서북구 성거읍,경상사고,0,0,2,0,차대차 - 측면충돌,신호위반,건조,맑음,교차로 - 교차로안,화물,남,45세,기타불명,승용,여,24세,경상
2023090500100346,2023년 9월 5일 14시,화요일,충청남도 서산시 예천동,경상사고,0,0,1,0,차대차 - 측면충돌,불법유턴,건조,맑음,단일로 - 기타,승용,여,41세,상해없음,승용,여,64세,경상
2023090500100347,2023년 9월 5일 14시,화요일,충청남도 아산시 음봉면,중상사고,0,1,0,0,차대차 - 측면충돌,안전운전불이행,건조,맑음,교차로 - 교차로안,승용,남,77세,상해없음,원동기,남,87세,중상
2023090500100374,2023년 9월 5일 15시,화요일,충청남도 천안시 서북구 직산읍,경상사고,0,0,1,0,차대차 - 측면충돌,안전거리미확보,건조,맑음,단일로 - 기타,승용,남,64세,기타불명,승용,여,23세,상해없음
2023090500100375,2023년 9월 5일 15시,화요일,충청남도 천안시 서북구 쌍용동,중상사고,0,1,0,0,차대차 - 기타,안전운전불이행,건조,맑음,교차로 - 교차로안,건설기계,남,61세,상해없음,승용,여,62세,중상
2023090500100376,2023년 9월 5일 15시,화요일,충청남도 계룡시 엄사면,중상사고,0,1,0,0,차대사람 - 횡단중,보행자보호의무위반,건조,맑음,교차로 - 교차로안,승용,남,46세,상해없음,보행자,여,66세,중상
2023090500100377,2023년 9월 5일 15시,화요일,충청남도 부여군 부여읍,경상사고,0,0,1,0,차대차 - 기타,차로위반,건조,맑음,단일로 - 기타,화물,남,75세,상해없음,승용,여,64세,경상
2023090500100417,2023년 9월 5일 16시,화요일,충청남도 보령시 명천동,경상사고,0,0,3,0,차대차 - 추돌,안전운전불이행,건조,맑음,교차로 - 교차로부근,승용,여,60세,기타불명,승용,여,49세,경상
2023090500100418,2023년 9월 5일 16시,화요일,충청남도 예산군 삽교읍,부상신고사고,0,0,0,1,차대차 - 측면충돌,직진우회전진행방해,건조,맑음,교차로 - 교차로안,이륜,남,28세,부상신고,승용,남,43세,상해없음
2023090500100464,2023년 9월 5일 17시,화요일,충청남도 천안시 서북구 불당동,중상사고,0,1,0,0,차대차 - 측면충돌,중앙선침범,건조,맑음,단일로 - 기타,승용,남,58세,상해없음,이륜,남,21세,중상
2023090500100465,2023년 9월 5일 17시,화요일,충청남도 천안시 서북구 신당동,부상신고사고,0,0,0,1,차대차 - 추돌,안전운전불이행,건조,맑음,교차로 - 교차로부근,승용,여,55세,상해없음,승용,여,34세,부상신고