사고번호,사고일시,요일,시군구,사고내용,사망자수,중상자수,경상자수,부상신고자수,사고유형,법규위반,노면상태,기상상태,도로형태,가해운전자 차종,가해운전자 성별,가해운전자 연령,가해운전자 상해정도,피해운전자 차종,피해운전자 성별,피해운전자 연령,피해운전자 상해정도
2023091300100569,2023년 9월 13일 19시,수요일,충청남도 천안시 서북구 쌍용동,중상사고,0,1,0,0,차대사람 - 횡단중,신호위반,젖음/습기,비,교차로 - 교차로횡단보도내,이륜,남,33세,상해없음,보행자,남,52세,중상
2023091300100623,2023년 9월 13일 20시,수요일,충청남도 천안시 서북구 쌍용동,중상사고,0,1,0,0,차대사람 - 횡단중,안전운전불이행,젖음/습기,비,단일로 - 기타,승합,남,71세,상해없음,보행자,남,53세,중상
2023091300100624,2023년 9월 13일 20시,수요일,충청남도 천안시 서북구 두정동,경상사고,0,0,1,0,차대차 - 추돌,안전운전불이행,젖음/습기,비,교차로 - 교차로부근,승합,남,61세,상해없음,승용,여,52세,경상
2023091300100625,2023년 9월 13일 20시,수요일,충청남도 천안시 동남구 신방동,경상사고,0,0,1,0,차대사람 - 횡단중,안전운전불이행,젖음/습기,비,단일로 - 기타,승용,남,61세,상해없음,보행자,남,13세,경상
2023091300100657,2023년 9월 13일 21시,수요일,충청남도 홍성군 금마면,경상사고,0,0,1,0,차대차 - 정면충돌,안전운전불이행,젖음/습기,비,교차로 - 교차로안,승용,남,44세,상해없음,승용,여,21세,경상
2023091300100658,2023년 9월 13일 21시,수요일,충청남도 당진시 대덕동,경상사고,0,0,2,0,차대차 - 측면충돌,신호위반,젖음/습기,비,교차로 - 교차로안,승용,여,37세,경상,승용,남,50세,경상
2023091300100680,2023년 9월 13일 22시,수요일,충청남도 공주시 신관동,경상사고,0,0,5,0,차대차 - 기타,신호위반,젖음/습기,비,교차로 - 교차로안,승용,여,51세,상해없음,승용,남,44세,경상
2023091400100015,2023년 9월 14일 00시,목요일,충청남도 천안시 동남구 영성동,중상사고,0,1,0,0,차량단독 - 공작물충돌,안전운전불이행,젖음/습기,비,단일로 - 기타,승용,남,70세,중상,,,,
2023091400100064,2023년 9월 14일 06시,목요일,충청남도 천안시 서북구 성환읍,중상사고,0,1,0,0,차대차 - 기타,안전운전불이행,젖음/습기,비,교차로 - 교차로안,승용,남,62세,기타불명,이륜,남,60세,중상
2023091400100065,2023년 9월 14일 06시,목요일,충청남도 아산시 온천동,중상사고,0,1,0,0,차대차 - 측면충돌,신호위반,젖음/습기,흐림,교차로 - 교차로횡단보도내,승용,남,82세,상해없음,자전거,여,62세,중상
2023091400100129,2023년 9월 14일 08시,목요일,충청남도 태안군 태안읍,경상사고,0,0,2,0,차대차 - 후진중충돌,안전운전불이행,건조,맑음,단일로 - 기타,화물,남,65세,경상,승용,여,68세,경상
2023091400100165,2023년 9월 14일 09시,목요일,충청남도 천안시 서북구 두정동,경상사고,0,0,1,0,차대차 - 후진중충돌,안전운전불이행,젖음/습기,흐림,단일로 - 기타,승합,남,38세,상해없음,승용,여,51세,경상
2023091400100166,2023년 9월 14일 09시,목요일,충청남도 천안시 서북구 성정동,경상사고,0,0,3,0,차대차 - 추돌,안전운전불이행,건조,맑음,교차로 - 교차로부근,승용,남,23세,상해없음,승합,남,43세,경상
2023091400100167,2023년 9월 14일 09시,목요일,충청남도 예산군 삽교읍,경상사고,0,0,1,0,차대차 - 측면충돌,신호위반,건조,맑음,교차로 - 교차로안,화물,남,28세,상해없음,승용,여,29세,경상
2023091400100168,2023년 9월 14일 09시,목요일,충청남도 예산군 예산읍,경상사고,0,0,2,0,차대차 - 추돌,안전운전불이행,건조,맑음,교차로 - 교차로부근,화물,남,69세,상해없음,승용,여,39세,경상
2023091400100199,2023년 9월 14일 10시,목요일,충청남도 공주시 신관동,경상사고,0,0,1,0,차대차 - 측면충돌,안전운전불이행,건조,맑음,단일로 - 기타,자전거,남,83세,경상,승용,남,50세,상해없음
2023091400100222,2023년 9월 14일 11시,목요일,충청남도 서산시 대산읍,경상사고,0,0,1,0,차대차 - 기타,안전운전불이행,건조,맑음,교차로 - 교차로부근,화물,남,61세,상해없음,화물,남,51세,경상
2023091400100223,2023년 9월 14일 11시,목요일,충청남도 당진시 채운동,경상사고,0,0,1,0,차대차 - 측면충돌,안전운전불이행,건조,맑음,단일로 - 기타,승용,남,53세,상해없음,자전거,여,55세,경상
2023091400100258,2023년 9월 14일 12시,목요일,충청남도 공주시 상왕동,부상신고사고,0,0,0,1,차량단독 - 도로외이탈 - 기타,안전운전불이행,건조,흐림,단일로 - 기타,승용,남,57세,부상신고,,,,
2023091400100259,2023년 9월 14일 12시,목요일,충청남도 천안시 동남구 병천면,경상사고,0,0,3,0,차대차 - 측면충돌,신호위반,건조,맑음,교차로 - 교차로안,승용,남,65세,상해없음,승용,남,52세,경상
2023091400100327,2023년 9월 14일 14시,목요일,충청남도 천안시 서북구 신당동,부상신고사고,0,0,0,1,차대차 - 추돌,안전거리미확보,건조,맑음,단일로 - 기타,승용,여,36세,상해없음,승용,여,36세,부상신고
2023091400100382,2023년 9월 14일 16시,목요일,충청남도 천안시 서북구 백석동,부상신고사고,0,0,0,1,차대차 - 기타,보행자보호의무위반,건조,맑음,교차로 - 교차로안,기타불명,기타불명,미분류,기타불명,자전거,남,6세,부상신고
2023091400100383,2023년 9월 14일 16시,목요일,충청남도 당진시 우강면,경상사고,0,0,1,0,차대차 - 기타,안전운전불이행,건조,맑음,단일로 - 기타,기타불명,기타불명,미분류,기타불명,자전거,여,35세,경상
2023091400100423,2023년 9월 14일 17시,목요일,충청남도 천안시 동남구 쌍용동,중상사고,0,1,0,0,차대차 - 측면충돌,신호위반,건조,맑음,교차로 - 교차로안,승합,남,55세,상해없음,원동기,남,48세,중상
2023091400100461,2023년 9월 14일 18시,목요일,충청남도 천안시 서북구 두정동,중상사고,0,1,0,0,차대사람 - 횡단중,보행자보호의무위반,건조,맑음,교차로 - 교차로안,승용,여,58세,상해없음,보행자,여,17세,중상
2023091400100462,2023년 9월 14일 18시,목요일,충청남도 천안시 서북구 성정동,경상사고,0,0,2,0,차대차 - 측면충돌,교차로운행방법위반,건조,맑음,교차로 - 교차로안,승용,남,58세,경상,승용,남,39세,경상
2023091400100515,2023년 9월 14일 19시,목요일,충청남도 천안시 동남구 안서동,중상사고,0,1,0,0,차대사람 - 횡단중,보행자보호의무위반,건조,맑음,단일로 - 기타,이륜,남,32세,상해없음,보행자,여,50세,중상
2023091400100543,2023년 9월 14일 20시,목요일,충청남도 공주시 신관동,경상사고,0,0,1,0,차대차 - 측면충돌,교차로운행방법위반,건조,맑음,교차로 - 교차로안,승용,여,64세,상해없음,승용,남,24세,경상
2023091400100544,2023년 9월 14일 20시,목요일,충청남도 당진시 읍내동,중상사고,0,1,0,0,차대차 - 측면충돌,신호위반,건조,맑음,교차로 - 교차로안,화물,남,55세,상해없음,승용,여,54세,중상
2023091400100572,2023년 9월 14일 21시,목요일,충청남도 당진시 수청동,경상사고,0,0,1,0,차대차 - 추돌,안전운전불이행,건조,맑음,단일로 - 기타,승용,남,33세,상해없음,이륜,남,38세,경상
2023091400100573,2023년 9월 14일 21시,목요일,충청남도 당진시 읍내동,경상사고,0,0,1,0,차대차 - 추돌,안전운전불이행,건조,맑음,교차로 - 교차로부근,승용,남,28세,상해없음,승용,여,47세,경상
2023091400100594,2023년 9월 14일 22시,목요일,충청남도 천안시 서북구 불당동,경상사고,0,0,1,0,차대차 - 정면충돌,안전운전불이행,건조,맑음,교차로 - 교차로안,승용,여,55세,상해없음,승용,남,27세,경상
2023091500100006,2023년 9월 15일 00시,금요일,충청남도 천안시 동남구 광덕면,중상사고,0,1,0,0,차대차 - 추돌,안전거리미확보,건조,맑음,교차로 - 교차로부근,승용,남,41세,상해없음,승용,여,26세,중상
2023091500100023,2023년 9월 15일 02시,금요일,충청남도 보령시 명천동,경상사고,0,0,1,0,차량단독 - 공작물충돌,안전운전불이행,젖음/습기,비,교차로 - 교차로안,승용,남,34세,경상,,,,
2023091500100048,2023년 9월 15일 05시,금요일,충청남도 공주시 신관동,경상사고,0,0,1,0,차대차 - 측면충돌,안전운전불이행,젖음/습기,비,교차로 - 교차로안,승용,여,72세,기타불명,화물,남,68세,경상
2023091500100087,2023년 9월 15일 07시,금요일,충청남도 아산시 탕정면,경상사고,0,0,1,0,차대차 - 정면충돌,안전거리미확보,젖음/습기,비,교차로 - 교차로안,승합,남,61세,상해없음,승용,남,35세,경상
2023091500100119,2023년 9월 15일 08시,금요일,충청남도 천안시 서북구 두정동,경상사고,0,0,1,0,차대사람 - 횡단중,보행자보호의무위반,젖음/습기,흐림,교차로 - 교차로부근,승용,여,45세,기타불명,보행자,남,9세,경상
2023091500100159,2023년 9월 15일 09시,금요일,충청남도 서산시 수석동,중상사고,0,1,0,0,차대차 - 추돌,안전운전불이행,건조,맑음,단일로 - 기타,화물,남,53세,상해없음,농기계,남,75세,중상
2023091500100289,2023년 9월 15일 13시,금요일,충청남도 서산시 부석면,사망사고,1,0,0,0,차량단독 - 기타,안전운전불이행,건조,맑음,단일로 - 기타,승용,남,76세,사망,,,,
2023091500100320,2023년 9월 15일 14시,금요일,충청남도 천안시 서북구 직산읍,중상사고,0,1,0,0,차대차 - 후진중충돌,안전운전불이행,젖음/습기,맑음,교차로 - 교차로안,승용,남,59세,상해없음,승용,남,70세,중상
2023091500100321,2023년 9월 15일 14시,금요일,충청남도 아산시 방축동,중상사고,0,1,3,0,차대차 - 추돌,중앙선침범,건조,맑음,교차로 - 교차로안,이륜,남,83세,중상,승용,여,40세,경상
2023091500100322,2023년 9월 15일 14시,금요일,충청남도 천안시 동남구 성남면,중상사고,0,1,2,0,차대차 - 추돌,안전운전불이행,젖음/습기,비,기타 - 기타,승용,남,56세,상해없음,승용,여,28세,경상
2023091500100385,2023년 9월 15일 16시,금요일,충청남도 논산시 연무읍,경상사고,0,0,1,0,차대사람 - 횡단중,보행자보호의무위반,젖음/습기,흐림,교차로 - 교차로횡단보도내,화물,남,61세,상해없음,보행자,여,9세,경상
2023091500100386,2023년 9월 15일 16시,금요일,충청남도 논산시 대교동,중상사고,0,1,0,0,차대사람 - 횡단중,보행자보호의무위반,건조,맑음,교차로 - 교차로횡단보도내,승용,남,30세,상해없음,보행자,여,63세,중상
2023091500100431,2023년 9월 15일 17시,금요일,충청남도 천안시 서북구 직산읍,경상사고,0,0,1,0,차대사람 - 기타,안전운전불이행,젖음/습기,흐림,주차장 - 주차장,승용,여,63세,상해없음,보행자,여,43세,경상
2023091500100432,2023년 9월 15일 17시,금요일,충청남도 부여군 규암면,중상사고,0,1,1,0,차대차 - 기타,직진우회전진행방해,건조,맑음,교차로 - 교차로안,승용,여,20세,경상,화물,남,28세,중상
2023091500100433,2023년 9월 15일 17시,금요일,충청남도 부여군 은산면,중상사고,0,2,0,0,차량단독 - 전도전복 - 전도,안전운전불이행,젖음/습기,비,단일로 - 기타,승합,남,55세,상해없음,,,,
2023091500100485,2023년 9월 15일 18시,금요일,충청남도 논산시 부적면,중상사고,0,1,3,0,차대차 - 측면충돌,신호위반,젖음/습기,비,교차로 - 교차로안,승용,남,50세,상해없음,승용,여,60세,경상
2023091500100486,2023년 9월 15일 18시,금요일,충청남도 아산시 음봉면,경상사고,0,0,1,0,차대차 - 추돌,안전운전불이행,건조,맑음,단일로 - 기타,승용,남,49세,상해없음,승용,남,31세,경상
2023091500100487,2023년 9월 15일 18시,금요일,충청남도 천안시 동남구 문화동,경상사고,0,0,2,0,차대차 - 정면충돌,안전운전불이행,건조,맑음,기타 - 기타,승용,여,43세,기타불명,화물,남,18세,경상
2023091500100488,2023년 9월 15일 18시,금요일,충청남도 천안시 동남구 신방동,경상사고,0,0,1,0,차대차 - 추돌,안전거리미확보,건조,맑음,교차로 - 교차로안,승용,남,25세,상해없음,승용,남,41세,경상
2023091500100546,2023년 9월 15일 19시,금요일,충청남도 천안시 서북구 성정동,경상사고,0,0,3,0,차대사람 - 기타,안전운전불이행,젖음/습기,비,주차장 - 주차장,승용,남,59세,상해없음,보행자,여,34세,경상
2023091500100547,2023년 9월 15일 19시,금요일,충청남도 천안시 서북구 두정동,경상사고,0,0,1,0,차대차 - 추돌,안전운전불이행,젖음/습기,비,단일로 - 기타,승용,여,32세,상해없음,승용,남,61세,경상
2023091500100548,2023년 9월 15일 19시,금요일,충청남도 천안시 동남구 목천읍,경상사고,0,0,1,0,차대차 - 추돌,안전운전불이행,건조,맑음,기타 - 기타,화물,남,53세,기타불명,승용,여,54세,경상
2023091500100586,2023년 9월 15일 20시,금요일,충청남도 천안시 동남구 신부동,경상사고,0,0,2,0,차대차 - 추돌,안전거리미확보,건조,맑음,단일로 - 기타,승용,여,29세,경상,승용,남,46세,상해없음
2023091500100614,2023년 9월 15일 21시,금요일,충청남도 서산시 지곡면,경상사고,0,0,4,0,차대차 - 추돌,안전거리미확보,건조,맑음,단일로 - 기타,승용,남,44세,상해없음,화물,남,66세,경상
2023091500100615,2023년 9월 15일 21시,금요일,충청남도 천안시 서북구 성정동,경상사고,0,0,1,0,차대사람 - 횡단중,신호위반,젖음/습기,비,단일로 - 기타,기타불명,기타불명,미분류,기타불명,보행자,남,38세,경상
2023091500100674,2023년 9월 15일 23시,금요일,충청남도 홍성군 홍북읍,경상사고,0,0,4,0,차대차 - 측면충돌,신호위반,건조,맑음,교차로 - 교차로안,승용,여,57세,기타불명,승용,남,42세,경상
2023091600100093,2023년 9월 16일 08시,토요일,충청남도 천안시 동남구 목천읍,중상사고,0,1,0,0,차대사람 - 횡단중,안전운전불이행,젖음/습기,비,단일로 - 기타,승용,여,62세,상해없음,보행자,남,84세,중상
2023091600100115,2023년 9월 16일 09시,토요일,충청남도 아산시 탕정면,중상사고,0,1,0,0,차량단독 - 기타,안전운전불이행,건조,맑음,단일로 - 기타,자전거,남,61세,중상,,,,
2023091600100176,2023년 9월 16일 11시,토요일,충청남도 아산시 온천동,경상사고,0,0,1,0,차대차 - 측면충돌,안전운전불이행,건조,맑음,교차로 - 교차로안,화물,남,66세,상해없음,자전거,남,12세,경상
2023091600100177,2023년 9월 16일 11시,토요일,충청남도 공주시 소학동,중상사고,0,1,0,0,차대차 - 정면충돌,중앙선침범,건조,맑음,단일로 - 기타,이륜,남,31세,상해없음,승용,남,37세,중상
2023091600100178,2023년 9월 16일 11시,토요일,충청남도 천안시 동남구 신부동,경상사고,0,0,1,0,차대사람 - 횡단중,보행자보호의무위반,건조,맑음,단일로 - 기타,승합,남,28세,상해없음,보행자,여,73세,경상
2023091600100220,2023년 9월 16일 12시,토요일,충청남도 서산시 대산읍,경상사고,0,0,1,0,차대사람 - 기타,안전운전불이행,건조,흐림,단일로 - 기타,화물,남,55세,상해없음,보행자,여,57세,경상
2023091600100221,2023년 9월 16일 12시,토요일,충청남도 천안시 서북구 성환읍,경상사고,0,0,2,0,차대차 - 기타,안전운전불이행,건조,맑음,단일로 - 기타,승용,여,46세,상해없음,승용,남,37세,경상
2023091600100258,2023년 9월 16일 13시,토요일,충청남도 천안시 서북구 백석동,경상사고,0,0,1,0,차대차 - 측면충돌,안전운전불이행,건조,맑음,단일로 - 기타,승용,남,68세,상해없음,승용,남,31세,경상
2023091600100259,2023년 9월 16일 13시,토요일,충청남도 천안시 동남구 병천면,중상사고,0,1,7,2,차대차 - 추돌,안전거리미확보,건조,맑음,단일로 - 기타,승용,여,62세,경상,승용,남,52세,상해없음
2023091600100299,2023년 9월 16일 14시,토요일,충청남도 아산시 권곡동,경상사고,0,0,1,0,차대차 - 측면충돌,안전운전불이행,젖음/습기,비,단일로 - 기타,이륜,여,41세,경상,승용,남,34세,상해없음
2023091600100300,2023년 9월 16일 14시,토요일,충청남도 아산시 송악면,중상사고,0,4,4,0,차대차 - 정면충돌,중앙선침범,젖음/습기,비,단일로 - 기타,승용,남,53세,중상,승용,여,45세,중상
2023091600100301,2023년 9월 16일 14시,토요일,충청남도 부여군 규암면,경상사고,0,0,2,0,차대차 - 정면충돌,중앙선침범,젖음/습기,비,단일로 - 기타,화물,남,67세,경상,화물,남,57세,경상
2023091600100302,2023년 9월 16일 14시,토요일,충청남도 당진시 대호지면,경상사고,0,0,2,0,차대차 - 정면충돌,안전운전불이행,건조,맑음,단일로 - 기타,승용,남,68세,기타불명,승용,남,63세,경상
2023091600100303,2023년 9월 16일 14시,토요일,충청남도 청양군 정산면,중상사고,0,1,0,0,차대차 - 측면충돌,신호위반,젖음/습기,비,교차로 - 교차로안,화물,남,46세,상해없음,승용,남,39세,중상
2023091600100329,2023년 9월 16일 15시,토요일,충청남도 공주시 유구읍,경상사고,0,0,1,0,차대사람 - 기타,안전운전불이행,건조,맑음,단일로 - 기타,화물,남,56세,상해없음,보행자,여,80세,경상
2023091600100366,2023년 9월 16일 16시,토요일,충청남도 천안시 서북구 입장면,경상사고,0,0,2,0,차대차 - 측면충돌,안전운전불이행,젖음/습기,비,교차로 - 교차로부근,건설기계,남,56세,상해없음,승용,남,26세,경상
2023091600100367,2023년 9월 16일 16시,토요일,충청남도 천안시 서북구 직산읍,경상사고,0,0,2,0,차대차 - 추돌,안전운전불이행,젖음/습기,비,단일로 - 기타,승용,남,33세,상해없음,승용,여,44세,경상
2023091600100368,2023년 9월 16일 16시,토요일,충청남도 천안시 서북구 성정동,경상사고,0,0,1,0,차대차 - 측면충돌,안전운전불이행,젖음/습기,비,단일로 - 기타,승용,남,46세,상해없음,승용,여,51세,경상
2023091600100369,2023년 9월 16일 16시,토요일,충청남도 부여군 부여읍,경상사고,0,0,1,0,차대차 - 측면충돌,교차로운행방법위반,건조,맑음,교차로 - 교차로안,승용,남,53세,상해없음,승용,여,43세,경상
2023091600100410,2023년 9월 16일 17시,토요일,충청남도 천안시 서북구 불당동,경상사고,0,0,1,0,차대차 - 기타,안전운전불이행,젖음/습기,비,교차로 - 교차로부근,승용,여,55세,상해없음,이륜,남,42세,경상
2023091600100411,2023년 9월 16일 17시,토요일,충청남도 천안시 서북구 불당동,경상사고,0,0,3,0,차대차 - 기타,안전거리미확보,건조,맑음,단일로 - 기타,승용,여,63세,상해없음,승용,여,43세,경상
2023091600100448,2023년 9월 16일 18시,토요일,충청남도 천안시 서북구 성성동,경상사고,0,0,1,0,차대차 - 기타,안전운전불이행,젖음/습기,비,단일로 - 기타,승용,여,54세,기타불명,승용,여,52세,경상
2023091600100449,2023년 9월 16일 18시,토요일,충청남도 아산시 음봉면,경상사고,0,0,1,0,차대차 - 추돌,안전운전불이행,건조,맑음,교차로 - 교차로부근,기타불명,기타불명,미분류,기타불명,승용,남,39세,경상
2023091600100487,2023년 9월 16일 19시,토요일,충청남도 아산시 온천동,경상사고,0,0,1,0,차대차 - 측면충돌,안전운전불이행,건조,맑음,단일로 - 기타,승용,남,42세,상해없음,이륜,남,25세,경상
2023091600100488,2023년 9월 16일 19시,토요일,충청남도 청양군 비봉면,중상사고,0,1,1,0,차대차 - 측면충돌,안전운전불이행,젖음/습기,비,교차로 - 교차로안,승용,남,43세,상해없음,승용,남,66세,중상
2023091600100489,2023년 9월 16일 19시,토요일,충청남도 천안시 동남구 다가동,경상사고,0,0,1,0,차대차 - 측면충돌,신호위반,건조,맑음,단일로 - 기타,승용,여,33세,상해없음,승용,남,65세,경상
2023091600100525,2023년 9월 16일 20시,토요일,충청남도 보령시 동대동,경상사고,0,0,1,0,차대차 - 측면충돌,안전운전불이행,건조,맑음,단일로 - 기타,승용,남,34세,상해없음,이륜,남,19세,경상
2023091600100526,2023년 9월 16일 20시,토요일,충청남도 천안시 동남구 병천면,경상사고,0,0,1,0,차대차 - 측면충돌,안전운전불이행,건조,맑음,단일로 - 기타,기타불명,기타불명,미분류,기타불명,승용,남,34세,경상
2023091600100555,2023년 9월 16일 21시,토요일,충청남도 천안시 서북구 쌍용동,경상사고,0,0,1,4,차대차 - 측면충돌,안전운전불이행,건조,맑음,교차로 - 교차로부근,승용,남,30세,부상신고,승용,남,25세,부상신고
2023091600100556,2023년 9월 16일 21시,토요일,충청남도 천안시 동남구 목천읍,경상사고,0,0,3,0,차대차 - 정면충돌,중앙선침범,건조,맑음,단일로 - 기타,승합,남,56세,상해없음,승합,남,62세,상해없음
2023091600100581,2023년 9월 16일 22시,토요일,충청남도 태안군 태안읍,경상사고,0,0,3,0,차대차 - 측면충돌,교차로운행방법위반,건조,맑음,교차로 - 교차로안,승용,남,56세,상해없음,화물,여,46세,경상
2023091700100009,2023년 9월 17일 00시,일요일,충청남도 아산시 모종동,경상사고,0,0,5,0,차대차 - 측면충돌,교차로운행방법위반,건조,맑음,교차로 - 교차로안,승용,남,40세,상해없음,승용,남,52세,경상
2023091700100042,2023년 9월 17일 04시,일요일,충청남도 천안시 동남구 신방동,경상사고,0,0,1,0,차대사람 - 횡단중,신호위반,건조,맑음,교차로 - 교차로횡단보도내,승용,남,68세,상해없음,보행자,남,28세,경상
2023091700100059,2023년 9월 17일 06시,일요일,충청남도 서산시 대산읍,중상사고,0,1,0,0,차대사람 - 길가장자리구역통행중,안전운전불이행,건조,맑음,단일로 - 기타,승용,여,68세,상해없음,보행자,여,68세,중상
2023091700100167,2023년 9월 17일 12시,일요일,충청남도 예산군 덕산면,경상사고,0,0,1,0,차대차 - 측면충돌,직진우회전진행방해,건조,맑음,교차로 - 교차로안,승용,남,65세,상해없음,승용,여,52세,경상
2023091700100168,2023년 9월 17일 12시,일요일,충청남도 천안시 동남구 봉명동,경상사고,0,0,1,0,차대차 - 측면충돌,안전운전불이행,건조,맑음,교차로 - 교차로부근,승용,남,26세,상해없음,자전거,남,7세,경상
2023091700100197,2023년 9월 17일 13시,일요일,충청남도 천안시 서북구 두정동,경상사고,0,0,2,0,차대차 - 정면충돌,안전운전불이행,건조,맑음,교차로 - 교차로부근,승용,여,37세,기타불명,승용,여,48세,경상
2023091700100198,2023년 9월 17일 13시,일요일,충청남도 청양군 정산면,중상사고,0,1,1,0,차대차 - 측면충돌,직진우회전진행방해,건조,맑음,교차로 - 교차로안,화물,남,39세,상해없음,이륜,여,39세,경상
2023091700100241,2023년 9월 17일 14시,일요일,충청남도 공주시 우성면,중상사고,0,2,0,0,차대차 - 측면충돌,신호위반,건조,맑음,교차로 - 교차로안,승용,남,58세,기타불명,승용,여,55세,중상
2023091700100242,2023년 9월 17일 14시,일요일,충청남도 당진시 합덕읍,경상사고,0,0,1,0,차대차 - 측면충돌,안전운전불이행,건조,맑음,교차로 - 교차로안,승용,남,37세,상해없음,승용,남,52세,경상
2023091700100243,2023년 9월 17일 14시,일요일,충청남도 금산군 금산읍,경상사고,0,0,1,0,차대사람 - 기타,안전운전불이행,건조,맑음,기타 - 기타,화물,남,73세,상해없음,보행자,여,90세,경상
2023091700100244,2023년 9월 17일 14시,일요일,충청남도 논산시 가야곡면,경상사고,0,0,2,0,차대차 - 측면충돌,안전운전불이행,건조,맑음,단일로 - 기타,승용,남,18세,상해없음,화물,남,33세,경상
2023091700100277,2023년 9월 17일 15시,일요일,충청남도 아산시 배방읍,경상사고,0,0,1,0,차대차 - 측면충돌,안전거리미확보,건조,맑음,교차로 - 교차로부근,승용,남,26세,기타불명,승용,남,66세,경상
2023091700100329,2023년 9월 17일 17시,일요일,충청남도 천안시 서북구 두정동,경상사고,0,0,1,0,차대차 - 측면충돌,안전거리미확보,젖음/습기,비,단일로 - 기타,승용,남,45세,기타불명,이륜,남,42세,경상
2023091700100330,2023년 9월 17일 17시,일요일,충청남도 아산시 모종동,경상사고,0,0,2,0,차대차 - 추돌,안전운전불이행,젖음/습기,비,교차로 - 교차로부근,화물,남,60세,상해없음,승용,여,31세,경상
2023091700100331,2023년 9월 17일 17시,일요일,충청남도 공주시 산성동,경상사고,0,0,1,0,차대차 - 후진중충돌,안전운전불이행,건조,맑음,단일로 - 기타,승합,남,70세,기타불명,승용,남,53세,경상
2023091700100332,2023년 9월 17일 17시,일요일,충청남도 당진시 송산면,중상사고,0,1,1,0,차대차 - 측면충돌,안전운전불이행,건조,맑음,단일로 - 기타,승용,남,32세,중상,승용,남,56세,경상
2023091700100362,2023년 9월 17일 18시,일요일,충청남도 천안시 서북구 성환읍,부상신고사고,0,0,0,1,차대차 - 측면충돌,안전운전불이행,건조,맑음,교차로 - 교차로안,개인형이동수단(PM),남,19세,부상신고,승용,남,61세,상해없음
2023091700100363,2023년 9월 17일 18시,일요일,충청남도 공주시 신관동,중상사고,0,1,0,0,차대사람 - 보도통행중,안전운전불이행,건조,맑음,단일로 - 기타,개인형이동수단(PM),남,16세,상해없음,보행자,여,45세,중상
2023091700100394,2023년 9월 17일 19시,일요일,충청남도 보령시 신흑동,경상사고,0,0,1,0,차대차 - 측면충돌,신호위반,건조,맑음,교차로 - 교차로안,승용,남,34세,상해없음,승용,여,42세,경상
2023091700100395,2023년 9월 17일 19시,일요일,충청남도 당진시 송악읍,경상사고,0,0,1,0,차대차 - 추돌,안전운전불이행,건조,맑음,교차로 - 교차로안,화물,남,63세,상해없음,승합,남,60세,경상
2023091700100396,2023년 9월 17일 19시,일요일,충청남도 천안시 동남구 목천읍,경상사고,0,0,1,0,차대차 - 기타,안전운전불이행,건조,맑음,단일로 - 기타,승용,남,36세,기타불명,이륜,남,36세,경상
2023091700100483,2023년 9월 17일 23시,일요일,충청남도 천안시 서북구 두정동,부상신고사고,0,0,0,1,차대차 - 측면충돌,안전운전불이행,건조,맑음,단일로 - 기타,이륜,남,45세,부상신고,승용,남,49세,상해없음
2023091700100484,2023년 9월 17일 23시,일요일,충청남도 논산시 가야곡면,경상사고,0,0,2,0,차대차 - 기타,안전운전불이행,젖음/습기,비,기타 - 기타,승용,남,40세,상해없음,승용,남,48세,경상
2023091800100035,2023년 9월 18일 06시,월요일,충청남도 서산시 갈산동,경상사고,0,0,1,0,차대차 - 기타,안전거리미확보,건조,맑음,교차로 - 교차로안,승용,남,58세,상해없음,이륜,남,33세,경상
2023091800100036,2023년 9월 18일 06시,월요일,충청남도 아산시 배방읍,경상사고,0,0,1,0,차대차 - 기타,안전운전불이행,건조,맑음,단일로 - 고가도로위,화물,남,58세,상해없음,승합,남,40세,경상
2023091800100065,2023년 9월 18일 07시,월요일,충청남도 천안시 동남구 광덕면,경상사고,0,0,2,0,차대차 - 추돌,안전운전불이행,건조,맑음,단일로 - 기타,화물,남,63세,상해없음,승용,여,46세,경상
2023091800100100,2023년 9월 18일 08시,월요일,충청남도 서산시 예천동,경상사고,0,0,1,0,차대차 - 측면충돌,교차로운행방법위반,건조,맑음,교차로 - 교차로안,승용,남,71세,상해없음,승용,여,29세,경상
2023091800100101,2023년 9월 18일 08시,월요일,충청남도 천안시 동남구 신방동,경상사고,0,0,2,0,차대차 - 측면충돌,교차로운행방법위반,건조,맑음,교차로 - 교차로안,승용,여,39세,경상,승용,여,26세,경상
2023091800100146,2023년 9월 18일 09시,월요일,충청남도 서산시 석림동,경상사고,0,0,1,0,차대사람 - 기타,안전운전불이행,건조,맑음,기타 - 기타,승용,남,69세,상해없음,보행자,남,37세,경상
2023091800100147,2023년 9월 18일 09시,월요일,충청남도 아산시 온천동,중상사고,0,1,0,0,차대사람 - 길가장자리구역통행중,보행자보호의무위반,건조,맑음,교차로 - 교차로안,승용,여,55세,상해없음,보행자,여,81세,중상
2023091800100148,2023년 9월 18일 09시,월요일,충청남도 당진시 우두동,중상사고,0,1,0,0,차대차 - 기타,신호위반,건조,맑음,교차로 - 교차로안,승용,여,20세,상해없음,이륜,남,29세,중상