사고번호,사고일시,요일,시군구,사고내용,사망자수,중상자수,경상자수,부상신고자수,사고유형,법규위반,노면상태,기상상태,도로형태,가해운전자 차종,가해운전자 성별,가해운전자 연령,가해운전자 상해정도,피해운전자 차종,피해운전자 성별,피해운전자 연령,피해운전자 상해정도
2023101200100329,2023년 10월 12일 14시,목요일,충청남도 천안시 서북구 불당동,경상사고,0,0,2,0,차대차 - 측면충돌,안전거리미확보,건조,맑음,단일로 - 기타,화물,남,47세,상해없음,승용,남,33세,경상
2023101200100331,2023년 10월 12일 14시,목요일,충청남도 천안시 동남구 신부동,경상사고,0,0,1,0,차대차 - 측면충돌,교차로운행방법위반,건조,맑음,교차로 - 교차로안,승합,남,52세,상해없음,화물,남,67세,경상
2023101200100366,2023년 10월 12일 15시,목요일,충청남도 당진시 고대면,경상사고,0,0,5,0,차대차 - 추돌,안전거리미확보,건조,맑음,단일로 - 기타,승용,남,67세,경상,승용,여,43세,경상
2023101200100367,2023년 10월 12일 15시,목요일,충청남도 금산군 군북면,중상사고,0,1,1,0,차대차 - 측면충돌,안전운전불이행,건조,맑음,교차로 - 교차로안,승용,남,88세,경상,건설기계,남,49세,상해없음
2023101200100404,2023년 10월 12일 16시,목요일,충청남도 예산군 덕산면,경상사고,0,0,2,0,차대차 - 측면충돌,교차로운행방법위반,건조,맑음,교차로 - 교차로안,승용,여,71세,상해없음,승합,남,50세,경상
2023101200100435,2023년 10월 12일 17시,목요일,충청남도 아산시 염치읍,경상사고,0,0,1,0,차대차 - 정면충돌,안전운전불이행,건조,맑음,단일로 - 기타,승용,여,50세,상해없음,승용,남,40세,경상
2023101200100436,2023년 10월 12일 17시,목요일,충청남도 예산군 고덕면,경상사고,0,0,1,0,차대차 - 기타,신호위반,건조,맑음,단일로 - 기타,승용,여,51세,상해없음,승용,남,31세,경상
2023101200100480,2023년 10월 12일 18시,목요일,충청남도 천안시 동남구 광덕면,사망사고,1,0,0,1,차대사람 - 길가장자리구역통행중,안전운전불이행,건조,맑음,단일로 - 기타,화물,남,27세,상해없음,보행자,남,87세,사망
2023101200100544,2023년 10월 12일 19시,목요일,충청남도 아산시 음봉면,경상사고,0,0,1,0,차대차 - 측면충돌,안전거리미확보,건조,맑음,단일로 - 기타,승용,남,54세,상해없음,승용,여,45세,경상
2023101200100582,2023년 10월 12일 20시,목요일,충청남도 서산시 음암면,경상사고,0,0,1,0,차대차 - 추돌,안전거리미확보,건조,맑음,기타 - 기타,승용,남,30세,경상,농기계,남,56세,상해없음
2023101200100623,2023년 10월 12일 22시,목요일,충청남도 천안시 서북구 쌍용동,경상사고,0,0,1,0,차대차 - 정면충돌,신호위반,건조,맑음,교차로 - 교차로안,승용,남,27세,상해없음,이륜,남,35세,경상
2023101300100021,2023년 10월 13일 02시,금요일,충청남도 천안시 서북구 두정동,부상신고사고,0,0,0,1,차대차 - 정면충돌,신호위반,건조,맑음,교차로 - 교차로안,승용,남,38세,상해없음,개인형이동수단(PM),여,22세,부상신고
2023101300100024,2023년 10월 13일 03시,금요일,충청남도 당진시 석문면,경상사고,0,0,1,0,차대차 - 측면충돌,교차로운행방법위반,건조,맑음,교차로 - 교차로안,화물,남,28세,경상,화물,남,66세,상해없음
2023101300100028,2023년 10월 13일 04시,금요일,충청남도 아산시 둔포면,경상사고,0,0,1,0,차대차 - 측면충돌,중앙선침범,건조,맑음,단일로 - 기타,승용,남,39세,상해없음,화물,남,57세,경상
2023101300100042,2023년 10월 13일 05시,금요일,충청남도 보령시 천북면,경상사고,0,0,1,0,차대차 - 추돌,안전운전불이행,건조,맑음,단일로 - 지하차도(도로)내,승용,남,45세,상해없음,농기계,남,56세,경상
2023101300100104,2023년 10월 13일 08시,금요일,충청남도 서산시 대산읍,경상사고,0,0,1,0,차대차 - 측면충돌,차로위반,건조,맑음,단일로 - 기타,화물,남,53세,상해없음,승용,남,32세,경상
2023101300100105,2023년 10월 13일 08시,금요일,충청남도 공주시 옥룡동,경상사고,0,0,1,0,차대차 - 기타,안전운전불이행,건조,맑음,단일로 - 기타,승용,여,63세,상해없음,화물,남,41세,경상
2023101300100143,2023년 10월 13일 09시,금요일,충청남도 천안시 서북구 성성동,중상사고,0,1,1,0,차대차 - 측면충돌,기타,건조,맑음,단일로 - 기타,이륜,남,58세,중상,승용,남,60세,경상
2023101300100144,2023년 10월 13일 09시,금요일,충청남도 천안시 서북구 두정동,경상사고,0,0,1,0,차대차 - 후진중충돌,안전운전불이행,건조,맑음,기타 - 기타,승용,남,33세,기타불명,승용,남,26세,경상
2023101300100145,2023년 10월 13일 09시,금요일,충청남도 예산군 오가면,경상사고,0,0,1,0,차대차 - 측면충돌,안전운전불이행,건조,맑음,주차장 - 주차장,화물,남,41세,상해없음,승용,남,29세,상해없음
2023101300100188,2023년 10월 13일 10시,금요일,충청남도 공주시 사곡면,경상사고,0,0,1,0,차대차 - 추돌,안전운전불이행,건조,맑음,단일로 - 기타,건설기계,남,52세,상해없음,승용,여,45세,경상
2023101300100189,2023년 10월 13일 10시,금요일,충청남도 태안군 태안읍,경상사고,0,0,3,0,차대차 - 추돌,안전운전불이행,건조,맑음,단일로 - 기타,승용,남,26세,상해없음,승용,여,32세,경상
2023101300100233,2023년 10월 13일 11시,금요일,충청남도 공주시 우성면,중상사고,0,1,0,0,차대차 - 기타,안전운전불이행,건조,맑음,단일로 - 기타,승용,남,49세,상해없음,농기계,남,71세,중상
2023101300100234,2023년 10월 13일 11시,금요일,충청남도 천안시 동남구 신부동,경상사고,0,0,1,0,차대차 - 측면충돌,안전거리미확보,건조,맑음,교차로 - 교차로부근,승용,여,73세,상해없음,승용,여,56세,경상
2023101300100275,2023년 10월 13일 12시,금요일,충청남도 천안시 서북구 쌍용동,경상사고,0,0,1,0,차대사람 - 횡단중,안전운전불이행,건조,맑음,단일로 - 기타,승용,여,44세,상해없음,보행자,여,51세,경상
2023101300100308,2023년 10월 13일 13시,금요일,충청남도 천안시 동남구 삼룡동,경상사고,0,0,3,0,차대차 - 추돌,안전운전불이행,건조,맑음,단일로 - 기타,건설기계,남,61세,상해없음,승용,남,51세,경상
2023101300100369,2023년 10월 13일 15시,금요일,충청남도 계룡시 두마면,경상사고,0,0,1,0,차대차 - 측면충돌,신호위반,건조,맑음,교차로 - 교차로안,승용,여,68세,상해없음,승용,여,28세,경상
2023101300100370,2023년 10월 13일 15시,금요일,충청남도 당진시 수청동,경상사고,0,0,2,0,차대차 - 측면충돌,안전운전불이행,건조,맑음,교차로 - 교차로부근,승용,여,45세,상해없음,승용,여,41세,경상
2023101300100411,2023년 10월 13일 16시,금요일,충청남도 서산시 동문동,경상사고,0,0,1,0,차대사람 - 차도통행중,안전운전불이행,건조,맑음,단일로 - 기타,승용,남,64세,기타불명,보행자,남,55세,경상
2023101300100412,2023년 10월 13일 16시,금요일,충청남도 아산시 풍기동,중상사고,0,1,0,0,차대사람 - 기타,안전운전불이행,건조,맑음,단일로 - 지하차도(도로)내,승용,남,68세,상해없음,보행자,여,15세,중상
2023101300100454,2023년 10월 13일 17시,금요일,충청남도 서산시 예천동,경상사고,0,0,1,0,차대차 - 측면충돌,신호위반,건조,맑음,단일로 - 기타,승용,남,82세,상해없음,승용,남,34세,경상
2023101300100455,2023년 10월 13일 17시,금요일,충청남도 서산시 대산읍,경상사고,0,0,1,0,차대차 - 추돌,안전운전불이행,건조,맑음,교차로 - 교차로부근,승용,남,20세,상해없음,승용,남,39세,경상
2023101300100456,2023년 10월 13일 17시,금요일,충청남도 아산시 탕정면,중상사고,0,1,0,0,차대차 - 측면충돌,안전운전불이행,건조,맑음,교차로 - 교차로부근,건설기계,남,49세,상해없음,자전거,여,67세,중상
2023101300100457,2023년 10월 13일 17시,금요일,충청남도 예산군 예산읍,경상사고,0,0,3,0,차대차 - 추돌,안전운전불이행,건조,맑음,기타 - 기타,승용,남,30세,경상,승용,여,29세,경상
2023101300100513,2023년 10월 13일 18시,금요일,충청남도 서산시 운산면,중상사고,0,1,1,0,차대차 - 추돌,안전거리미확보,건조,맑음,단일로 - 기타,화물,남,68세,상해없음,화물,남,45세,중상
2023101300100514,2023년 10월 13일 18시,금요일,충청남도 논산시 지산동,경상사고,0,0,1,0,차대차 - 측면충돌,중앙선침범,건조,맑음,교차로 - 교차로부근,승용,남,56세,상해없음,이륜,남,31세,경상
2023101300100597,2023년 10월 13일 19시,금요일,충청남도 예산군 고덕면,경상사고,0,0,2,0,차대차 - 추돌,안전운전불이행,건조,맑음,단일로 - 기타,화물,여,61세,경상,농기계,남,67세,경상
2023101300100633,2023년 10월 13일 20시,금요일,충청남도 보령시 대천동,중상사고,0,1,0,0,차대사람 - 횡단중,신호위반,건조,맑음,교차로 - 교차로안,승용,남,23세,상해없음,보행자,남,51세,중상
2023101300100656,2023년 10월 13일 21시,금요일,충청남도 천안시 서북구 성정동,경상사고,0,0,1,0,차대차 - 기타,안전운전불이행,건조,맑음,기타 - 기타,승용,남,44세,상해없음,승용,남,50세,기타불명
2023101300100709,2023년 10월 13일 23시,금요일,충청남도 서산시 동문동,중상사고,0,2,0,0,차대차 - 측면충돌,신호위반,건조,맑음,교차로 - 교차로안,승용,남,41세,상해없음,승용,남,55세,중상
2023101300100710,2023년 10월 13일 23시,금요일,충청남도 천안시 서북구 백석동,부상신고사고,0,0,0,1,차대사람 - 차도통행중,보행자보호의무위반,건조,맑음,교차로 - 교차로횡단보도내,승용,여,25세,상해없음,보행자,남,34세,부상신고
2023101300100711,2023년 10월 13일 23시,금요일,충청남도 당진시 읍내동,경상사고,0,0,1,0,차대차 - 측면충돌,신호위반,건조,맑음,교차로 - 교차로안,화물,남,64세,상해없음,이륜,남,36세,경상
2023101400100033,2023년 10월 14일 03시,토요일,충청남도 천안시 서북구 불당동,경상사고,0,0,1,0,차대차 - 추돌,안전운전불이행,건조,맑음,단일로 - 기타,승용,여,28세,상해없음,승용,여,54세,경상
2023101400100141,2023년 10월 14일 10시,토요일,충청남도 아산시 탕정면,경상사고,0,0,1,0,차대차 - 측면충돌,안전거리미확보,건조,맑음,단일로 - 기타,화물,남,61세,상해없음,승용,남,34세,경상
2023101400100142,2023년 10월 14일 10시,토요일,충청남도 서천군 종천면,경상사고,0,0,1,0,차량단독 - 기타,안전운전불이행,건조,맑음,기타 - 기타,승용,남,75세,경상,,,,
2023101400100167,2023년 10월 14일 11시,토요일,충청남도 천안시 서북구 신당동,경상사고,0,0,1,0,차대차 - 기타,안전운전불이행,건조,맑음,단일로 - 기타,화물,남,62세,상해없음,승용,남,55세,경상
2023101400100169,2023년 10월 14일 11시,토요일,충청남도 천안시 동남구 성남면,경상사고,0,0,1,0,차대차 - 측면충돌,안전운전불이행,건조,맑음,단일로 - 기타,승용,여,58세,상해없음,승용,여,34세,경상
2023101400100170,2023년 10월 14일 11시,토요일,충청남도 천안시 동남구 안서동,중상사고,0,1,2,0,차대차 - 기타,안전운전불이행,건조,맑음,기타 - 기타,화물,남,48세,상해없음,화물,남,66세,경상
2023101400100211,2023년 10월 14일 12시,토요일,충청남도 서산시 장동,중상사고,0,1,1,0,차량단독 - 도로외이탈 - 추락,안전운전불이행,건조,맑음,교차로 - 교차로부근,승용,남,80세,경상,,,,
2023101400100212,2023년 10월 14일 12시,토요일,충청남도 아산시 배방읍,경상사고,0,0,2,0,차대차 - 후진중충돌,안전운전불이행,건조,맑음,단일로 - 기타,승용,남,75세,상해없음,승용,남,72세,경상
2023101400100213,2023년 10월 14일 12시,토요일,충청남도 예산군 대흥면,경상사고,0,0,1,0,차대사람 - 기타,안전운전불이행,건조,맑음,단일로 - 기타,화물,남,74세,상해없음,보행자,여,66세,경상
2023101400100251,2023년 10월 14일 13시,토요일,충청남도 천안시 동남구 사직동,경상사고,0,0,2,0,차대차 - 측면충돌,안전운전불이행,건조,맑음,단일로 - 기타,승용,여,33세,상해없음,승용,남,55세,경상
2023101400100252,2023년 10월 14일 13시,토요일,충청남도 천안시 동남구 원성동,경상사고,0,0,1,0,차대차 - 측면충돌,직진우회전진행방해,건조,맑음,교차로 - 교차로안,승용,남,46세,상해없음,승용,여,63세,경상
2023101400100285,2023년 10월 14일 14시,토요일,충청남도 아산시 영인면,경상사고,0,0,2,0,차대차 - 추돌,안전거리미확보,젖음/습기,비,단일로 - 기타,승용,남,66세,상해없음,승용,남,52세,경상
2023101400100286,2023년 10월 14일 14시,토요일,충청남도 천안시 동남구 대흥동,경상사고,0,0,1,0,차대차 - 기타,안전운전불이행,건조,맑음,단일로 - 기타,화물,남,63세,상해없음,승용,여,59세,경상
2023101400100354,2023년 10월 14일 16시,토요일,충청남도 논산시 연무읍,경상사고,0,0,1,0,차량단독 - 전도전복 - 전도,안전운전불이행,건조,맑음,단일로 - 기타,이륜,남,59세,경상,,,,
2023101400100355,2023년 10월 14일 16시,토요일,충청남도 청양군 청양읍,경상사고,0,0,1,0,차대사람 - 차도통행중,안전운전불이행,젖음/습기,비,단일로 - 기타,승용,남,55세,상해없음,보행자,여,9세,경상
2023101400100384,2023년 10월 14일 17시,토요일,충청남도 서산시 팔봉면,중상사고,0,3,0,0,차대차 - 정면충돌,중앙선침범,건조,맑음,단일로 - 기타,승용,남,64세,상해없음,승용,여,66세,중상
2023101400100385,2023년 10월 14일 17시,토요일,충청남도 천안시 서북구 불당동,부상신고사고,0,0,0,1,차대사람 - 기타,기타,건조,맑음,단일로 - 기타,개인형이동수단(PM),남,16세,상해없음,보행자,여,11세,부상신고
2023101400100386,2023년 10월 14일 17시,토요일,충청남도 보령시 대천동,경상사고,0,0,1,0,차대차 - 후진중충돌,안전운전불이행,건조,맑음,기타 - 기타,승용,남,62세,상해없음,승용,남,30세,경상
2023101400100388,2023년 10월 14일 17시,토요일,충청남도 천안시 동남구 안서동,경상사고,0,0,1,0,차대차 - 측면충돌,안전운전불이행,젖음/습기,흐림,단일로 - 기타,화물,남,66세,상해없음,승용,여,40세,경상
2023101400100427,2023년 10월 14일 18시,토요일,충청남도 천안시 서북구 성환읍,중상사고,0,1,0,0,차대사람 - 횡단중,보행자보호의무위반,건조,맑음,교차로 - 교차로횡단보도내,승용,여,36세,상해없음,보행자,여,82세,중상
2023101400100428,2023년 10월 14일 18시,토요일,충청남도 보령시 오천면,경상사고,0,0,1,0,차대차 - 후진중충돌,안전운전불이행,젖음/습기,비,교차로 - 교차로안,화물,남,62세,상해없음,승용,남,41세,경상
2023101400100429,2023년 10월 14일 18시,토요일,충청남도 천안시 동남구 청수동,중상사고,0,1,0,0,차대차 - 기타,안전운전불이행,건조,맑음,단일로 - 기타,자전거,남,59세,중상,승용,남,62세,상해없음
2023101400100461,2023년 10월 14일 19시,토요일,충청남도 논산시 내동,사망사고,1,0,0,0,차대사람 - 차도통행중,안전운전불이행,건조,맑음,단일로 - 기타,승용,남,60세,상해없음,보행자,여,79세,사망
2023101400100462,2023년 10월 14일 19시,토요일,충청남도 아산시 방축동,경상사고,0,0,1,0,차대사람 - 횡단중,신호위반,건조,맑음,기타 - 기타,이륜,남,24세,상해없음,보행자,여,58세,경상
2023101400100463,2023년 10월 14일 19시,토요일,충청남도 예산군 예산읍,중상사고,0,1,0,0,차대차 - 측면충돌,안전운전불이행,젖음/습기,흐림,교차로 - 교차로안,개인형이동수단(PM),여,19세,중상,승용,여,55세,상해없음
2023101400100464,2023년 10월 14일 19시,토요일,충청남도 천안시 동남구 청수동,경상사고,0,0,1,0,차대차 - 정면충돌,직진우회전진행방해,건조,맑음,교차로 - 교차로안,승용,여,33세,상해없음,개인형이동수단(PM),남,60세,경상
2023101400100497,2023년 10월 14일 20시,토요일,충청남도 공주시 신관동,중상사고,0,1,0,0,차대차 - 측면충돌,안전운전불이행,젖음/습기,흐림,교차로 - 교차로안,이륜,남,42세,상해없음,자전거,남,31세,중상
2023101400100498,2023년 10월 14일 20시,토요일,충청남도 천안시 동남구 구성동,중상사고,0,1,1,0,차대사람 - 횡단중,보행자보호의무위반,건조,맑음,교차로 - 교차로부근,승용,여,58세,상해없음,보행자,여,42세,중상
2023101400100555,2023년 10월 14일 22시,토요일,충청남도 예산군 덕산면,경상사고,0,0,1,0,차대차 - 측면충돌,안전운전불이행,젖음/습기,흐림,교차로 - 교차로안,승용,남,57세,상해없음,승용,남,29세,경상
2023101400100556,2023년 10월 14일 22시,토요일,충청남도 당진시 송악읍,경상사고,0,0,2,0,차대차 - 측면충돌,안전운전불이행,건조,맑음,교차로 - 교차로안,승용,여,44세,상해없음,승용,여,44세,경상
2023101400100557,2023년 10월 14일 22시,토요일,충청남도 천안시 동남구 청수동,경상사고,0,0,3,0,차대사람 - 횡단중,보행자보호의무위반,건조,맑음,단일로 - 기타,승용,남,29세,상해없음,보행자,여,13세,경상
2023101500100008,2023년 10월 15일 00시,일요일,충청남도 공주시 웅진동,중상사고,0,1,2,0,차대차 - 추돌,안전운전불이행,젖음/습기,안개,단일로 - 기타,승용,남,36세,상해없음,승용,남,62세,상해없음
2023101500100023,2023년 10월 15일 01시,일요일,충청남도 당진시 채운동,경상사고,0,0,1,0,차대차 - 측면충돌,안전운전불이행,건조,맑음,단일로 - 기타,이륜,남,42세,상해없음,이륜,남,50세,경상
2023101500100024,2023년 10월 15일 01시,일요일,충청남도 태안군 남면,경상사고,0,0,2,0,차대차 - 추돌,교차로운행방법위반,건조,맑음,교차로 - 교차로안,승용,여,51세,경상,승용,남,44세,경상
2023101500100044,2023년 10월 15일 04시,일요일,충청남도 청양군 정산면,중상사고,0,1,0,0,차량단독 - 공작물충돌,안전운전불이행,건조,맑음,단일로 - 기타,승용,남,47세,중상,,,,
2023101500100045,2023년 10월 15일 04시,일요일,충청남도 태안군 태안읍,경상사고,0,0,1,0,차대차 - 추돌,안전운전불이행,건조,맑음,단일로 - 기타,승용,남,27세,상해없음,승용,남,55세,경상
2023101500100050,2023년 10월 15일 05시,일요일,충청남도 보령시 신흑동,중상사고,0,1,1,0,차대차 - 측면충돌,기타,젖음/습기,흐림,교차로 - 교차로부근,승용,남,25세,경상,승용,남,58세,중상
2023101500100108,2023년 10월 15일 10시,일요일,충청남도 홍성군 구항면,경상사고,0,0,1,0,차대차 - 기타,신호위반,건조,맑음,단일로 - 기타,승용,여,62세,상해없음,승용,여,33세,경상
2023101500100130,2023년 10월 15일 11시,일요일,충청남도 서산시 해미면,경상사고,0,0,1,0,차대차 - 기타,중앙선침범,건조,맑음,단일로 - 기타,승용,남,78세,상해없음,자전거,남,46세,경상
2023101500100131,2023년 10월 15일 11시,일요일,충청남도 천안시 동남구 목천읍,경상사고,0,0,1,0,차량단독 - 도로외이탈 - 기타,안전운전불이행,건조,맑음,단일로 - 기타,화물,남,63세,경상,,,,
2023101500100181,2023년 10월 15일 13시,일요일,충청남도 아산시 득산동,중상사고,0,1,2,0,차대차 - 측면충돌,안전운전불이행,건조,맑음,교차로 - 교차로안,승용,기타불명,미분류,기타불명,승용,남,24세,중상
2023101500100220,2023년 10월 15일 14시,일요일,충청남도 서천군 장항읍,경상사고,0,0,1,0,차대차 - 추돌,안전운전불이행,건조,맑음,교차로 - 교차로부근,화물,남,47세,상해없음,승용,남,66세,경상
2023101500100221,2023년 10월 15일 14시,일요일,충청남도 천안시 동남구 신방동,부상신고사고,0,0,0,2,차대차 - 기타,직진우회전진행방해,건조,맑음,교차로 - 교차로안,승용,여,53세,상해없음,이륜,남,75세,부상신고
2023101500100316,2023년 10월 15일 17시,일요일,충청남도 천안시 서북구 성정동,경상사고,0,0,2,0,차대차 - 측면충돌,안전거리미확보,건조,맑음,단일로 - 기타,승용,남,31세,상해없음,승용,남,30세,경상
2023101500100376,2023년 10월 15일 19시,일요일,충청남도 태안군 소원면,중상사고,0,3,0,0,차대차 - 기타,안전운전불이행,건조,흐림,단일로 - 기타,화물,남,58세,상해없음,화물,남,59세,중상
2023101500100401,2023년 10월 15일 20시,일요일,충청남도 아산시 둔포면,경상사고,0,0,1,0,차대차 - 정면충돌,안전운전불이행,건조,맑음,기타 - 기타,승용,남,44세,상해없음,이륜,남,27세,경상
2023101500100402,2023년 10월 15일 20시,일요일,충청남도 천안시 동남구 신부동,경상사고,0,0,1,0,차대차 - 측면충돌,교차로운행방법위반,건조,맑음,교차로 - 교차로안,승용,남,18세,기타불명,승용,남,26세,경상
2023101600100016,2023년 10월 16일 01시,월요일,충청남도 서산시 성연면,경상사고,0,0,1,0,차량단독 - 공작물충돌,안전운전불이행,건조,맑음,단일로 - 기타,승용,남,39세,경상,,,,
2023101600100045,2023년 10월 16일 06시,월요일,충청남도 서산시 읍내동,중상사고,0,1,0,0,차대사람 - 기타,안전운전불이행,건조,맑음,단일로 - 기타,승용,남,77세,상해없음,보행자,여,64세,중상
2023101600100046,2023년 10월 16일 06시,월요일,충청남도 서산시 대산읍,경상사고,0,0,1,0,차대차 - 정면충돌,안전운전불이행,건조,맑음,교차로 - 교차로안,화물,남,58세,상해없음,승용,여,57세,경상
2023101600100047,2023년 10월 16일 06시,월요일,충청남도 천안시 동남구 신부동,부상신고사고,0,0,0,1,차대차 - 측면충돌,안전운전불이행,건조,맑음,교차로 - 교차로안,원동기,남,59세,부상신고,승용,남,65세,상해없음
2023101600100067,2023년 10월 16일 07시,월요일,충청남도 천안시 서북구 불당동,경상사고,0,0,3,0,차대차 - 기타,안전운전불이행,건조,맑음,단일로 - 기타,승용,남,56세,경상,승합,남,58세,경상
2023101600100068,2023년 10월 16일 07시,월요일,충청남도 천안시 동남구 청당동,중상사고,0,1,0,0,차량단독 - 기타,안전운전불이행,건조,맑음,단일로 - 기타,승합,남,47세,상해없음,,,,
2023101600100102,2023년 10월 16일 08시,월요일,충청남도 서산시 음암면,중상사고,0,1,4,0,차대차 - 추돌,안전거리미확보,건조,맑음,단일로 - 기타,승용,남,23세,상해없음,승용,여,26세,경상
2023101600100103,2023년 10월 16일 08시,월요일,충청남도 계룡시 금암동,중상사고,0,1,1,0,차대차 - 측면충돌,신호위반,건조,맑음,교차로 - 교차로안,승용,남,65세,상해없음,승용,남,62세,중상
2023101600100104,2023년 10월 16일 08시,월요일,충청남도 논산시 내동,경상사고,0,0,1,0,차대사람 - 기타,안전운전불이행,건조,맑음,교차로 - 교차로횡단보도내,승용,남,54세,상해없음,보행자,남,39세,경상
2023101600100105,2023년 10월 16일 08시,월요일,충청남도 아산시 염치읍,중상사고,0,1,0,0,차대차 - 측면충돌,안전운전불이행,건조,맑음,교차로 - 교차로안,승용,남,31세,상해없음,자전거,남,47세,중상
2023101600100150,2023년 10월 16일 09시,월요일,충청남도 예산군 오가면,중상사고,0,1,2,0,차대차 - 추돌,안전거리미확보,건조,맑음,단일로 - 기타,승용,여,73세,경상,화물,남,63세,중상
2023101600100178,2023년 10월 16일 10시,월요일,충청남도 천안시 서북구 불당동,경상사고,0,0,2,0,차대차 - 기타,신호위반,건조,맑음,교차로 - 교차로안,승용,여,34세,기타불명,승용,남,32세,경상
2023101600100179,2023년 10월 16일 10시,월요일,충청남도 천안시 서북구 신당동,경상사고,0,0,1,0,차대차 - 측면충돌,안전운전불이행,건조,맑음,단일로 - 기타,승용,남,63세,상해없음,승용,여,61세,경상
2023101600100180,2023년 10월 16일 10시,월요일,충청남도 예산군 예산읍,경상사고,0,0,1,0,차대사람 - 기타,안전운전불이행,건조,맑음,주차장 - 주차장,승합,여,55세,상해없음,보행자,남,79세,경상
2023101600100252,2023년 10월 16일 12시,월요일,충청남도 서산시 지곡면,중상사고,0,1,2,0,차대차 - 추돌,안전운전불이행,건조,맑음,교차로 - 교차로안,화물,남,59세,상해없음,승용,여,71세,경상
2023101600100253,2023년 10월 16일 12시,월요일,충청남도 아산시 배방읍,경상사고,0,0,1,0,차대차 - 기타,안전운전불이행,건조,맑음,단일로 - 기타,화물,남,54세,상해없음,승용,남,36세,경상
2023101600100254,2023년 10월 16일 12시,월요일,충청남도 태안군 태안읍,경상사고,0,0,1,0,차대차 - 측면충돌,안전운전불이행,건조,맑음,교차로 - 교차로안,승용,남,85세,상해없음,승용,여,66세,경상
2023101600100291,2023년 10월 16일 13시,월요일,충청남도 논산시 상월면,중상사고,0,1,0,0,차대차 - 추돌,안전운전불이행,건조,맑음,단일로 - 기타,원동기,남,82세,중상,농기계,기타불명,미분류,기타불명
2023101600100292,2023년 10월 16일 13시,월요일,충청남도 아산시 배방읍,중상사고,0,1,2,0,차대차 - 측면충돌,직진우회전진행방해,건조,맑음,교차로 - 교차로안,승용,남,39세,중상,승용,여,40세,경상
2023101600100293,2023년 10월 16일 13시,월요일,충청남도 보령시 청라면,사망사고,1,0,0,0,차대차 - 측면충돌,안전운전불이행,건조,맑음,교차로 - 교차로안,승용,남,73세,상해없음,이륜,남,81세,사망
2023101600100294,2023년 10월 16일 13시,월요일,충청남도 당진시 송산면,중상사고,0,1,0,0,차대차 - 측면충돌,안전운전불이행,건조,맑음,단일로 - 지하차도(도로)내,승용,여,40세,상해없음,승용,남,54세,기타불명
2023101600100330,2023년 10월 16일 14시,월요일,충청남도 천안시 서북구 성성동,경상사고,0,0,4,0,차대차 - 측면충돌,교차로운행방법위반,건조,맑음,교차로 - 교차로안,화물,남,35세,경상,승용,여,42세,경상
2023101600100331,2023년 10월 16일 14시,월요일,충청남도 예산군 신양면,경상사고,0,0,2,0,차대차 - 측면충돌,차로위반,건조,맑음,단일로 - 기타,승용,남,76세,경상,승용,여,47세,경상
2023101600100332,2023년 10월 16일 14시,월요일,충청남도 천안시 동남구 북면,경상사고,0,0,2,0,차대차 - 정면충돌,안전운전불이행,건조,맑음,단일로 - 기타,승용,남,47세,상해없음,화물,남,54세,경상
2023101600100413,2023년 10월 16일 16시,월요일,충청남도 보령시 화산동,경상사고,0,0,1,0,차대차 - 기타,불법유턴,건조,맑음,교차로 - 교차로부근,승용,여,49세,상해없음,승용,남,38세,경상
2023101600100469,2023년 10월 16일 17시,월요일,충청남도 천안시 서북구 백석동,중상사고,0,1,1,0,차대차 - 기타,안전운전불이행,건조,맑음,단일로 - 기타,승용,남,49세,상해없음,승용,여,43세,중상
2023101600100517,2023년 10월 16일 18시,월요일,충청남도 서산시 석림동,경상사고,0,0,1,0,차대차 - 측면충돌,차로위반,건조,맑음,단일로 - 기타,승용,여,68세,상해없음,승용,남,40세,경상
2023101600100518,2023년 10월 16일 18시,월요일,충청남도 천안시 서북구 입장면,부상신고사고,0,0,0,1,차대차 - 측면충돌,안전운전불이행,건조,맑음,교차로 - 교차로안,승용,남,26세,상해없음,승용,남,62세,부상신고
2023101600100519,2023년 10월 16일 18시,월요일,충청남도 천안시 서북구 성정동,경상사고,0,0,1,0,차대차 - 추돌,안전운전불이행,건조,맑음,교차로 - 교차로부근,승용,여,54세,상해없음,이륜,남,29세,경상
2023101600100520,2023년 10월 16일 18시,월요일,충청남도 천안시 서북구 직산읍,경상사고,0,0,1,0,차대차 - 측면충돌,안전운전불이행,건조,맑음,단일로 - 기타,승용,여,36세,상해없음,승용,남,44세,경상
2023101600100521,2023년 10월 16일 18시,월요일,충청남도 서천군 기산면,경상사고,0,0,1,0,차량단독 - 전도전복 - 전도,안전운전불이행,건조,맑음,교차로 - 교차로부근,이륜,남,48세,경상,,,,