사고번호,사고일시,요일,시군구,사고내용,사망자수,중상자수,경상자수,부상신고자수,사고유형,법규위반,노면상태,기상상태,도로형태,가해운전자 차종,가해운전자 성별,가해운전자 연령,가해운전자 상해정도,피해운전자 차종,피해운전자 성별,피해운전자 연령,피해운전자 상해정도
2023101600100522,2023년 10월 16일 18시,월요일,충청남도 공주시 신관동,경상사고,0,0,1,0,차대차 - 기타,신호위반,건조,맑음,교차로 - 교차로안,이륜,남,82세,경상,승용,남,33세,상해없음
2023101600100523,2023년 10월 16일 18시,월요일,충청남도 당진시 수청동,중상사고,0,1,0,0,차대차 - 측면충돌,안전운전불이행,건조,맑음,단일로 - 지하차도(도로)내,승용,남,69세,상해없음,이륜,남,39세,중상
2023101600100524,2023년 10월 16일 18시,월요일,충청남도 천안시 동남구 목천읍,경상사고,0,0,1,0,차대차 - 추돌,안전운전불이행,건조,맑음,단일로 - 기타,화물,남,41세,상해없음,승용,남,67세,경상
2023101600100567,2023년 10월 16일 19시,월요일,충청남도 천안시 서북구 성정동,부상신고사고,0,0,0,1,차대사람 - 횡단중,안전운전불이행,건조,맑음,교차로 - 교차로횡단보도내,이륜,남,18세,부상신고,보행자,남,11세,상해없음
2023101600100568,2023년 10월 16일 19시,월요일,충청남도 홍성군 홍북읍,경상사고,0,0,1,0,차대사람 - 횡단중,신호위반,건조,맑음,교차로 - 교차로안,승용,남,60세,상해없음,보행자,여,8세,경상
2023101600100610,2023년 10월 16일 21시,월요일,충청남도 공주시 정안면,사망사고,1,2,3,0,차대차 - 추돌,안전운전불이행,건조,맑음,단일로 - 기타,화물,남,48세,경상,화물,남,41세,경상
2023101600100641,2023년 10월 16일 23시,월요일,충청남도 서산시 해미면,경상사고,0,0,1,0,차대차 - 추돌,안전운전불이행,건조,맑음,교차로 - 교차로부근,승용,남,40세,상해없음,화물,남,68세,경상
2023101600100642,2023년 10월 16일 23시,월요일,충청남도 천안시 서북구 성성동,경상사고,0,0,1,0,차대차 - 추돌,안전운전불이행,건조,맑음,단일로 - 기타,승용,남,27세,상해없음,승용,남,24세,경상
2023101700100006,2023년 10월 17일 00시,화요일,충청남도 당진시 읍내동,경상사고,0,0,1,0,차대차 - 측면충돌,신호위반,건조,맑음,교차로 - 교차로부근,승용,남,55세,상해없음,이륜,남,26세,경상
2023101700100034,2023년 10월 17일 05시,화요일,충청남도 공주시 옥룡동,경상사고,0,0,1,0,차대사람 - 횡단중,보행자보호의무위반,건조,맑음,교차로 - 교차로횡단보도내,승용,남,38세,상해없음,보행자,남,72세,경상
2023101700100035,2023년 10월 17일 05시,화요일,충청남도 공주시 정안면,경상사고,0,0,1,0,차대차 - 측면충돌,안전운전불이행,건조,흐림,교차로 - 교차로안,특수,남,65세,상해없음,승용,남,41세,경상
2023101700100036,2023년 10월 17일 05시,화요일,충청남도 청양군 정산면,중상사고,0,1,1,0,차대차 - 측면충돌,안전운전불이행,건조,맑음,단일로 - 터널,승용,여,23세,상해없음,화물,남,56세,중상
2023101700100113,2023년 10월 17일 08시,화요일,충청남도 천안시 서북구 직산읍,중상사고,0,1,0,0,차대사람 - 횡단중,보행자보호의무위반,건조,맑음,단일로 - 기타,승용,남,48세,상해없음,보행자,남,31세,중상
2023101700100114,2023년 10월 17일 08시,화요일,충청남도 예산군 예산읍,경상사고,0,0,2,0,차대차 - 측면충돌,직진우회전진행방해,건조,맑음,교차로 - 교차로부근,이륜,남,22세,경상,승용,여,55세,경상
2023101700100115,2023년 10월 17일 08시,화요일,충청남도 천안시 동남구 신부동,경상사고,0,0,1,0,차대차 - 측면충돌,교차로운행방법위반,건조,맑음,교차로 - 교차로안,화물,남,38세,상해없음,승용,남,27세,경상
2023101700100198,2023년 10월 17일 10시,화요일,충청남도 천안시 서북구 쌍용동,경상사고,0,0,1,0,차대차 - 측면충돌,안전운전불이행,건조,맑음,교차로 - 교차로안,승용,여,52세,상해없음,승용,남,69세,경상
2023101700100199,2023년 10월 17일 10시,화요일,충청남도 아산시 인주면,경상사고,0,0,1,0,차대차 - 측면충돌,안전운전불이행,건조,맑음,단일로 - 기타,특수,남,46세,상해없음,승용,남,52세,경상
2023101700100200,2023년 10월 17일 10시,화요일,충청남도 공주시 신관동,중상사고,0,1,0,0,차대차 - 측면충돌,안전운전불이행,건조,맑음,교차로 - 교차로횡단보도내,화물,남,75세,상해없음,개인형이동수단(PM),여,20세,중상
2023101700100201,2023년 10월 17일 10시,화요일,충청남도 천안시 동남구 용곡동,경상사고,0,0,1,0,차대차 - 정면충돌,안전운전불이행,건조,맑음,단일로 - 지하차도(도로)내,승용,여,53세,상해없음,승용,여,36세,경상
2023101700100241,2023년 10월 17일 11시,화요일,충청남도 아산시 온천동,중상사고,0,1,0,0,차대차 - 측면충돌,안전운전불이행,건조,맑음,단일로 - 기타,승용,여,44세,상해없음,이륜,남,62세,중상
2023101700100276,2023년 10월 17일 12시,화요일,충청남도 부여군 석성면,경상사고,0,0,1,0,차대차 - 측면충돌,교차로운행방법위반,건조,맑음,교차로 - 교차로안,화물,남,33세,상해없음,승용,남,68세,경상
2023101700100351,2023년 10월 17일 14시,화요일,충청남도 서산시 예천동,경상사고,0,0,1,0,차대차 - 기타,신호위반,건조,맑음,교차로 - 교차로안,승용,여,59세,상해없음,화물,남,58세,경상
2023101700100352,2023년 10월 17일 14시,화요일,충청남도 천안시 서북구 직산읍,경상사고,0,0,1,0,차대차 - 측면충돌,기타,건조,맑음,단일로 - 기타,승용,남,29세,상해없음,승용,여,35세,경상
2023101700100353,2023년 10월 17일 14시,화요일,충청남도 태안군 근흥면,경상사고,0,0,1,0,차대차 - 측면충돌,안전운전불이행,건조,맑음,단일로 - 기타,화물,남,60세,상해없음,이륜,남,67세,경상
2023101700100395,2023년 10월 17일 15시,화요일,충청남도 아산시 탕정면,중상사고,0,1,1,0,차대차 - 측면충돌,차로위반,건조,맑음,단일로 - 기타,승용,여,42세,중상,승용,남,35세,경상
2023101700100487,2023년 10월 17일 17시,화요일,충청남도 천안시 서북구 성정동,중상사고,0,1,0,0,차대차 - 기타,기타,건조,맑음,기타 - 기타,승용,남,61세,상해없음,이륜,남,58세,중상
2023101700100488,2023년 10월 17일 17시,화요일,충청남도 아산시 인주면,중상사고,0,1,6,0,차대차 - 추돌,안전운전불이행,건조,맑음,단일로 - 기타,승합,남,60세,상해없음,승용,여,25세,경상
2023101700100489,2023년 10월 17일 17시,화요일,충청남도 예산군 삽교읍,경상사고,0,0,1,0,차대차 - 측면충돌,안전운전불이행,건조,맑음,교차로 - 교차로부근,화물,남,64세,상해없음,승용,여,52세,경상
2023101700100490,2023년 10월 17일 17시,화요일,충청남도 당진시 원당동,경상사고,0,0,1,0,차대차 - 추돌,안전운전불이행,건조,맑음,단일로 - 기타,승용,남,37세,상해없음,승용,남,43세,경상
2023101700100491,2023년 10월 17일 17시,화요일,충청남도 당진시 채운동,경상사고,0,0,1,0,차대차 - 측면충돌,안전운전불이행,건조,맑음,교차로 - 교차로안,승용,남,54세,상해없음,승용,남,33세,경상
2023101700100534,2023년 10월 17일 18시,화요일,충청남도 서산시 대산읍,경상사고,0,0,1,0,차대차 - 기타,안전운전불이행,건조,맑음,단일로 - 기타,화물,남,62세,상해없음,승용,남,43세,경상
2023101700100535,2023년 10월 17일 18시,화요일,충청남도 천안시 서북구 입장면,경상사고,0,0,1,0,차대차 - 기타,신호위반,건조,맑음,기타 - 기타,승용,여,52세,상해없음,승용,남,42세,경상
2023101700100536,2023년 10월 17일 18시,화요일,충청남도 공주시 옥룡동,경상사고,0,0,1,0,차대차 - 측면충돌,안전운전불이행,건조,맑음,단일로 - 기타,승용,여,46세,기타불명,승용,남,36세,경상
2023101700100599,2023년 10월 17일 19시,화요일,충청남도 천안시 동남구 동면,경상사고,0,0,1,0,차대차 - 측면충돌,교차로운행방법위반,건조,맑음,교차로 - 교차로안,승용,남,62세,상해없음,승용,남,29세,경상
2023101700100673,2023년 10월 17일 22시,화요일,충청남도 천안시 동남구 청당동,경상사고,0,0,1,0,차대차 - 추돌,안전운전불이행,건조,맑음,단일로 - 지하차도(도로)내,승용,남,41세,상해없음,승용,여,45세,경상
2023101800100018,2023년 10월 18일 01시,수요일,충청남도 천안시 서북구 불당동,경상사고,0,0,2,0,차대차 - 정면충돌,신호위반,건조,맑음,교차로 - 교차로안,승용,남,36세,상해없음,승용,남,68세,경상
2023101800100054,2023년 10월 18일 06시,수요일,충청남도 서산시 대산읍,경상사고,0,0,1,0,차량단독 - 기타,안전운전불이행,건조,맑음,단일로 - 기타,이륜,여,72세,경상,,,,
2023101800100055,2023년 10월 18일 06시,수요일,충청남도 천안시 동남구 광덕면,경상사고,0,0,1,0,차대차 - 기타,안전운전불이행,건조,맑음,단일로 - 기타,특수,남,60세,상해없음,승용,남,47세,경상
2023101800100079,2023년 10월 18일 07시,수요일,충청남도 천안시 동남구 신부동,경상사고,0,0,1,0,차대차 - 추돌,안전운전불이행,건조,맑음,단일로 - 기타,승용,남,66세,상해없음,승용,남,33세,경상
2023101800100080,2023년 10월 18일 07시,수요일,충청남도 천안시 동남구 목천읍,경상사고,0,0,1,0,차대차 - 기타,중앙선침범,건조,맑음,단일로 - 기타,승용,남,54세,상해없음,승용,여,61세,경상
2023101800100116,2023년 10월 18일 08시,수요일,충청남도 청양군 청양읍,경상사고,0,0,1,0,차대차 - 측면충돌,직진우회전진행방해,건조,맑음,교차로 - 교차로안,이륜,남,74세,경상,화물,남,73세,상해없음
2023101800100154,2023년 10월 18일 09시,수요일,충청남도 예산군 예산읍,경상사고,0,0,1,0,차대사람 - 길가장자리구역통행중,안전운전불이행,건조,맑음,교차로 - 교차로부근,승용,남,84세,상해없음,보행자,여,87세,경상
2023101800100155,2023년 10월 18일 09시,수요일,충청남도 예산군 고덕면,경상사고,0,0,1,0,차대차 - 측면충돌,중앙선침범,건조,맑음,단일로 - 기타,승용,남,59세,상해없음,화물,남,43세,경상
2023101800100156,2023년 10월 18일 09시,수요일,충청남도 천안시 동남구 신부동,경상사고,0,0,1,0,차대차 - 기타,안전운전불이행,건조,흐림,단일로 - 기타,승용,남,72세,기타불명,승용,남,57세,경상
2023101800100221,2023년 10월 18일 11시,수요일,충청남도 아산시 용화동,경상사고,0,0,1,0,차대차 - 기타,직진우회전진행방해,건조,맑음,교차로 - 교차로안,승용,여,61세,기타불명,승용,여,71세,경상
2023101800100222,2023년 10월 18일 11시,수요일,충청남도 서천군 비인면,사망사고,1,0,2,0,차대차 - 추돌,안전운전불이행,건조,맑음,단일로 - 기타,화물,남,52세,사망,화물,남,48세,경상
2023101800100257,2023년 10월 18일 12시,수요일,충청남도 천안시 서북구 쌍용동,경상사고,0,0,3,0,차대차 - 측면충돌,교차로운행방법위반,건조,맑음,교차로 - 교차로안,원동기,남,34세,경상,승용,여,24세,경상
2023101800100258,2023년 10월 18일 12시,수요일,충청남도 태안군 이원면,중상사고,0,1,0,0,차대차 - 추돌,중앙선침범,건조,맑음,단일로 - 기타,사륜오토바이(ATV),남,83세,중상,승용,여,31세,상해없음
2023101800100259,2023년 10월 18일 12시,수요일,충청남도 태안군 안면읍,경상사고,0,0,1,0,차대사람 - 횡단중,보행자보호의무위반,건조,맑음,교차로 - 교차로안,승용,남,82세,상해없음,보행자,남,28세,경상
2023101800100301,2023년 10월 18일 13시,수요일,충청남도 아산시 배방읍,중상사고,0,1,0,0,차대차 - 추돌,기타,건조,맑음,단일로 - 기타,승용,여,67세,기타불명,승용,여,33세,중상
2023101800100340,2023년 10월 18일 14시,수요일,충청남도 부여군 부여읍,중상사고,0,1,0,0,차대사람 - 횡단중,보행자보호의무위반,건조,맑음,교차로 - 교차로횡단보도내,승용,남,66세,상해없음,보행자,여,76세,중상
2023101800100341,2023년 10월 18일 14시,수요일,충청남도 태안군 근흥면,경상사고,0,0,1,0,차대차 - 측면충돌,안전운전불이행,건조,맑음,교차로 - 교차로안,화물,남,59세,상해없음,승용,여,29세,경상
2023101800100376,2023년 10월 18일 15시,수요일,충청남도 천안시 서북구 불당동,중상사고,0,1,0,0,차대차 - 기타,신호위반,건조,맑음,교차로 - 교차로안,사륜오토바이(ATV),남,65세,중상,화물,남,27세,상해없음
2023101800100377,2023년 10월 18일 15시,수요일,충청남도 예산군 예산읍,부상신고사고,0,0,0,1,차대차 - 측면충돌,안전운전불이행,건조,맑음,교차로 - 교차로부근,이륜,여,74세,부상신고,승용,여,55세,상해없음
2023101800100419,2023년 10월 18일 16시,수요일,충청남도 아산시 둔포면,경상사고,0,0,1,0,차대차 - 기타,기타,건조,맑음,단일로 - 기타,화물,남,68세,상해없음,승용,남,45세,경상
2023101800100462,2023년 10월 18일 17시,수요일,충청남도 천안시 서북구 두정동,중상사고,0,1,0,0,차대차 - 기타,안전거리미확보,건조,맑음,단일로 - 기타,승용,남,47세,기타불명,이륜,남,41세,중상
2023101800100463,2023년 10월 18일 17시,수요일,충청남도 천안시 서북구 성성동,중상사고,0,1,0,0,차대차 - 기타,중앙선침범,건조,맑음,단일로 - 기타,승용,여,55세,상해없음,승용,남,40세,중상
2023101800100516,2023년 10월 18일 18시,수요일,충청남도 천안시 서북구 쌍용동,경상사고,0,0,1,0,차대차 - 기타,안전운전불이행,건조,맑음,단일로 - 기타,승용,남,62세,상해없음,자전거,여,52세,경상
2023101800100517,2023년 10월 18일 18시,수요일,충청남도 금산군 부리면,사망사고,2,0,0,0,차대차 - 추돌,안전운전불이행,건조,맑음,단일로 - 기타,승용,남,29세,상해없음,농기계,남,68세,사망
2023101800100621,2023년 10월 18일 21시,수요일,충청남도 아산시 온천동,사망사고,1,0,0,0,차대차 - 측면충돌,직진우회전진행방해,건조,맑음,교차로 - 교차로안,개인형이동수단(PM),남,50세,사망,승용,남,37세,상해없음
2023101800100657,2023년 10월 18일 23시,수요일,충청남도 아산시 실옥동,경상사고,0,0,1,0,차대사람 - 기타,안전운전불이행,건조,맑음,단일로 - 기타,승용,여,46세,상해없음,보행자,남,61세,경상
2023101800100658,2023년 10월 18일 23시,수요일,충청남도 청양군 화성면,경상사고,0,0,1,0,차대차 - 추돌,안전운전불이행,건조,맑음,교차로 - 교차로부근,승용,남,30세,상해없음,승용,남,25세,경상
2023101900100034,2023년 10월 19일 05시,목요일,충청남도 천안시 동남구 병천면,사망사고,1,0,0,0,차대사람 - 기타,안전운전불이행,건조,맑음,단일로 - 기타,승용,남,67세,상해없음,보행자,여,82세,사망
2023101900100069,2023년 10월 19일 07시,목요일,충청남도 서산시 팔봉면,중상사고,0,1,1,0,차량단독 - 공작물충돌,안전운전불이행,건조,맑음,단일로 - 기타,원동기,남,16세,경상,,,,
2023101900100070,2023년 10월 19일 07시,목요일,충청남도 아산시 음봉면,경상사고,0,0,1,0,차대차 - 기타,안전운전불이행,건조,맑음,단일로 - 기타,승용,남,37세,상해없음,승용,여,33세,경상
2023101900100107,2023년 10월 19일 08시,목요일,충청남도 천안시 서북구 성거읍,경상사고,0,0,1,0,차대차 - 측면충돌,안전거리미확보,건조,맑음,단일로 - 기타,승합,남,60세,상해없음,승용,여,51세,경상
2023101900100108,2023년 10월 19일 08시,목요일,충청남도 아산시 송악면,경상사고,0,0,1,0,차량단독 - 공작물충돌,안전운전불이행,건조,맑음,단일로 - 기타,화물,남,55세,경상,,,,
2023101900100109,2023년 10월 19일 08시,목요일,충청남도 아산시 신동,중상사고,0,1,0,0,차대차 - 기타,안전거리미확보,건조,맑음,단일로 - 기타,승용,여,28세,상해없음,승용,여,27세,중상
2023101900100139,2023년 10월 19일 09시,목요일,충청남도 천안시 동남구 병천면,중상사고,0,1,0,0,차대사람 - 횡단중,안전운전불이행,젖음/습기,비,단일로 - 기타,이륜,남,73세,상해없음,보행자,여,81세,중상
2023101900100182,2023년 10월 19일 10시,목요일,충청남도 천안시 서북구 성거읍,중상사고,0,3,1,0,차대차 - 정면충돌,신호위반,건조,맑음,교차로 - 교차로안,승용,여,40세,중상,승용,남,57세,중상
2023101900100183,2023년 10월 19일 10시,목요일,충청남도 아산시 염치읍,경상사고,0,0,4,0,차대차 - 측면충돌,안전운전불이행,젖음/습기,비,단일로 - 기타,승용,남,62세,상해없음,승용,남,76세,경상
2023101900100205,2023년 10월 19일 11시,목요일,충청남도 아산시 둔포면,경상사고,0,0,2,0,차대차 - 추돌,안전운전불이행,젖음/습기,비,단일로 - 기타,화물,남,67세,상해없음,승용,남,40세,경상
2023101900100206,2023년 10월 19일 11시,목요일,충청남도 서천군 서면,경상사고,0,0,2,0,차대차 - 측면충돌,안전운전불이행,건조,맑음,교차로 - 교차로안,승용,여,62세,상해없음,특수,남,65세,경상
2023101900100242,2023년 10월 19일 12시,목요일,충청남도 홍성군 홍동면,중상사고,0,1,0,0,차대차 - 기타,신호위반,젖음/습기,비,교차로 - 교차로안,승용,여,61세,상해없음,화물,남,74세,중상
2023101900100243,2023년 10월 19일 12시,목요일,충청남도 공주시 이인면,경상사고,0,0,1,0,차대차 - 측면충돌,안전거리미확보,젖음/습기,비,단일로 - 기타,기타불명,기타불명,미분류,기타불명,승용,남,43세,경상
2023101900100263,2023년 10월 19일 13시,목요일,충청남도 청양군 대치면,경상사고,0,0,1,0,차량단독 - 공작물충돌,안전운전불이행,젖음/습기,비,단일로 - 기타,승용,여,40세,경상,,,,
2023101900100264,2023년 10월 19일 13시,목요일,충청남도 청양군 정산면,경상사고,0,0,2,0,차량단독 - 공작물충돌,안전운전불이행,젖음/습기,비,단일로 - 기타,승용,남,65세,경상,,,,
2023101900100322,2023년 10월 19일 15시,목요일,충청남도 아산시 둔포면,경상사고,0,0,1,0,차대차 - 측면충돌,안전운전불이행,건조,맑음,교차로 - 교차로부근,화물,남,63세,상해없음,승용,여,44세,경상
2023101900100323,2023년 10월 19일 15시,목요일,충청남도 보령시 대천동,중상사고,0,1,0,0,차대차 - 측면충돌,안전운전불이행,건조,맑음,교차로 - 교차로안,승용,남,65세,상해없음,승용,여,53세,중상
2023101900100324,2023년 10월 19일 15시,목요일,충청남도 부여군 임천면,경상사고,0,0,2,0,차대차 - 측면충돌,교차로운행방법위반,젖음/습기,비,교차로 - 교차로안,승용,남,57세,상해없음,화물,남,65세,경상
2023101900100325,2023년 10월 19일 15시,목요일,충청남도 천안시 동남구 신방동,경상사고,0,0,2,0,차대차 - 기타,안전거리미확보,건조,맑음,단일로 - 기타,승용,남,65세,상해없음,승용,남,30세,경상
2023101900100326,2023년 10월 19일 15시,목요일,충청남도 천안시 동남구 목천읍,경상사고,0,0,2,0,차대차 - 측면충돌,안전거리미확보,젖음/습기,비,단일로 - 기타,화물,남,59세,상해없음,승용,남,48세,경상
2023101900100354,2023년 10월 19일 16시,목요일,충청남도 논산시 부적면,중상사고,0,1,0,0,차대차 - 측면충돌,신호위반,젖음/습기,비,교차로 - 교차로안,원동기,여,76세,중상,화물,남,57세,상해없음
2023101900100355,2023년 10월 19일 16시,목요일,충청남도 서천군 서천읍,경상사고,0,0,2,0,차대차 - 정면충돌,안전운전불이행,젖음/습기,비,교차로 - 교차로안,화물,남,56세,경상,승용,남,54세,경상
2023101900100447,2023년 10월 19일 18시,목요일,충청남도 천안시 동남구 용곡동,경상사고,0,0,1,0,차대차 - 기타,신호위반,젖음/습기,비,교차로 - 교차로안,승용,남,58세,상해없음,승용,남,35세,경상
2023101900100491,2023년 10월 19일 19시,목요일,충청남도 서천군 마서면,경상사고,0,0,2,0,차대차 - 정면충돌,중앙선침범,젖음/습기,비,단일로 - 기타,승용,남,58세,상해없음,승합,남,59세,경상
2023101900100611,2023년 10월 19일 23시,목요일,충청남도 홍성군 홍성읍,부상신고사고,0,0,0,1,차대사람 - 차도통행중,안전운전불이행,건조,맑음,교차로 - 교차로안,이륜,남,37세,상해없음,보행자,남,57세,부상신고
2023101900100612,2023년 10월 19일 23시,목요일,충청남도 천안시 동남구 청당동,경상사고,0,0,1,0,차대차 - 추돌,안전운전불이행,건조,맑음,단일로 - 기타,화물,남,54세,경상,화물,남,39세,기타불명
2023102000100027,2023년 10월 20일 03시,금요일,충청남도 보령시 신흑동,중상사고,0,4,0,0,차대차 - 측면충돌,신호위반,건조,맑음,교차로 - 교차로안,승용,남,71세,상해없음,승용,여,20세,중상
2023102000100041,2023년 10월 20일 05시,금요일,충청남도 서산시 음암면,경상사고,0,0,1,0,차대차 - 추돌,안전운전불이행,젖음/습기,비,교차로 - 교차로부근,화물,남,62세,상해없음,승용,남,60세,상해없음
2023102000100056,2023년 10월 20일 06시,금요일,충청남도 천안시 서북구 백석동,경상사고,0,0,1,0,차대차 - 기타,신호위반,건조,맑음,교차로 - 교차로안,승용,여,42세,상해없음,이륜,남,37세,경상
2023102000100074,2023년 10월 20일 07시,금요일,충청남도 천안시 동남구 구룡동,경상사고,0,0,1,0,차대차 - 측면충돌,차로위반,건조,맑음,단일로 - 기타,승용,여,25세,상해없음,화물,남,43세,경상
2023102000100121,2023년 10월 20일 08시,금요일,충청남도 아산시 영인면,경상사고,0,0,1,0,차대차 - 추돌,안전운전불이행,건조,맑음,교차로 - 교차로부근,승용,남,34세,상해없음,승용,남,30세,경상
2023102000100122,2023년 10월 20일 08시,금요일,충청남도 예산군 삽교읍,경상사고,0,0,2,0,차대차 - 측면충돌,직진우회전진행방해,건조,맑음,교차로 - 교차로안,승용,남,40세,상해없음,승용,여,44세,경상
2023102000100193,2023년 10월 20일 10시,금요일,충청남도 아산시 배방읍,중상사고,0,1,0,1,차대차 - 측면충돌,신호위반,건조,맑음,교차로 - 교차로안,승용,여,51세,부상신고,승용,남,39세,중상
2023102000100194,2023년 10월 20일 10시,금요일,충청남도 아산시 배방읍,경상사고,0,0,1,0,차대차 - 추돌,안전운전불이행,건조,맑음,단일로 - 기타,승용,여,22세,기타불명,승용,여,45세,경상
2023102000100225,2023년 10월 20일 11시,금요일,충청남도 아산시 온천동,경상사고,0,0,1,0,차대차 - 측면충돌,신호위반,건조,맑음,교차로 - 교차로안,승용,남,60세,상해없음,승용,여,38세,경상
2023102000100268,2023년 10월 20일 12시,금요일,충청남도 천안시 서북구 성정동,중상사고,0,1,0,0,차대차 - 측면충돌,안전운전불이행,건조,맑음,교차로 - 교차로부근,승용,남,71세,상해없음,이륜,남,42세,중상
2023102000100269,2023년 10월 20일 12시,금요일,충청남도 아산시 남동,경상사고,0,0,1,0,차대차 - 측면충돌,직진우회전진행방해,건조,맑음,교차로 - 교차로안,승용,남,22세,상해없음,화물,남,66세,경상
2023102000100270,2023년 10월 20일 12시,금요일,충청남도 금산군 금산읍,경상사고,0,0,2,0,차대차 - 측면충돌,교차로운행방법위반,건조,맑음,교차로 - 교차로안,승용,여,32세,상해없음,승용,여,43세,경상
2023102000100271,2023년 10월 20일 12시,금요일,충청남도 천안시 동남구 봉명동,경상사고,0,0,1,0,차대차 - 후진중충돌,안전운전불이행,건조,맑음,기타 - 기타,승용,여,62세,상해없음,이륜,남,42세,경상
2023102000100312,2023년 10월 20일 13시,금요일,충청남도 서산시 대산읍,경상사고,0,0,1,0,차대차 - 측면충돌,중앙선침범,건조,맑음,교차로 - 교차로부근,승용,남,62세,상해없음,승용,여,21세,경상
2023102000100313,2023년 10월 20일 13시,금요일,충청남도 천안시 서북구 백석동,경상사고,0,0,1,0,차대차 - 측면충돌,안전운전불이행,건조,맑음,기타 - 기타,승합,남,44세,상해없음,승용,여,59세,경상
2023102000100314,2023년 10월 20일 13시,금요일,충청남도 천안시 서북구 성환읍,경상사고,0,0,1,0,차대차 - 측면충돌,신호위반,건조,맑음,교차로 - 교차로안,화물,남,75세,상해없음,승용,남,32세,경상
2023102000100315,2023년 10월 20일 13시,금요일,충청남도 천안시 서북구 쌍용동,중상사고,0,1,0,0,차대차 - 측면충돌,안전운전불이행,건조,맑음,단일로 - 기타,승용,여,65세,상해없음,이륜,남,55세,중상
2023102000100316,2023년 10월 20일 13시,금요일,충청남도 공주시 정안면,중상사고,0,1,0,0,차대사람 - 기타,안전운전불이행,건조,맑음,교차로 - 교차로안,승용,남,59세,상해없음,보행자,남,34세,중상
2023102000100317,2023년 10월 20일 13시,금요일,충청남도 청양군 장평면,중상사고,0,1,0,0,차대사람 - 길가장자리구역통행중,안전운전불이행,건조,맑음,기타 - 기타,승용,남,45세,상해없음,보행자,여,61세,중상
2023102000100356,2023년 10월 20일 14시,금요일,충청남도 천안시 서북구 쌍용동,경상사고,0,0,1,0,차대사람 - 기타,보행자보호의무위반,건조,맑음,기타 - 기타,개인형이동수단(PM),남,21세,상해없음,보행자,여,7세,경상
2023102000100357,2023년 10월 20일 14시,금요일,충청남도 아산시 둔포면,경상사고,0,0,1,0,차대사람 - 길가장자리구역통행중,안전운전불이행,건조,맑음,단일로 - 기타,화물,남,74세,상해없음,보행자,남,60세,경상
2023102000100399,2023년 10월 20일 15시,금요일,충청남도 천안시 서북구 쌍용동,경상사고,0,0,1,0,차대차 - 측면충돌,중앙선침범,건조,맑음,교차로 - 교차로부근,승용,남,44세,상해없음,승용,여,40세,경상
2023102000100400,2023년 10월 20일 15시,금요일,충청남도 논산시 지산동,중상사고,0,1,1,0,차대차 - 측면충돌,불법유턴,건조,맑음,교차로 - 교차로부근,개인형이동수단(PM),남,19세,경상,승합,남,67세,상해없음
2023102000100401,2023년 10월 20일 15시,금요일,충청남도 서산시 대산읍,경상사고,0,0,1,0,차대차 - 기타,안전운전불이행,건조,기타,기타 - 기타,승용,남,60세,상해없음,승용,남,65세,경상
2023102000100455,2023년 10월 20일 16시,금요일,충청남도 천안시 서북구 성정동,경상사고,0,0,1,0,차대차 - 측면충돌,안전운전불이행,건조,맑음,단일로 - 기타,승용,남,55세,상해없음,승용,남,39세,경상
2023102000100457,2023년 10월 20일 16시,금요일,충청남도 계룡시 엄사면,경상사고,0,0,1,0,차대사람 - 기타,안전운전불이행,건조,맑음,교차로 - 교차로안,승용,남,75세,상해없음,보행자,여,86세,경상
2023102000100458,2023년 10월 20일 16시,금요일,충청남도 아산시 탕정면,경상사고,0,0,1,0,차대차 - 추돌,안전운전불이행,건조,맑음,단일로 - 기타,승용,남,22세,상해없음,승용,여,47세,경상
2023102000100459,2023년 10월 20일 16시,금요일,충청남도 보령시 대천동,경상사고,0,0,1,0,차대사람 - 차도통행중,안전운전불이행,건조,맑음,단일로 - 지하차도(도로)내,승용,여,25세,상해없음,보행자,여,68세,경상
2023102000100460,2023년 10월 20일 16시,금요일,충청남도 예산군 삽교읍,경상사고,0,0,1,0,차대차 - 측면충돌,안전운전불이행,건조,맑음,교차로 - 교차로안,승용,남,68세,상해없음,화물,여,24세,경상
2023102000100524,2023년 10월 20일 17시,금요일,충청남도 예산군 덕산면,경상사고,0,0,1,0,차대차 - 추돌,안전운전불이행,건조,맑음,단일로 - 기타,승용,남,74세,상해없음,자전거,남,69세,경상
2023102000100588,2023년 10월 20일 18시,금요일,충청남도 서산시 동문동,경상사고,0,0,1,0,차대사람 - 기타,안전운전불이행,건조,맑음,기타 - 기타,승용,남,49세,기타불명,보행자,남,81세,경상
2023102000100589,2023년 10월 20일 18시,금요일,충청남도 서산시 성연면,경상사고,0,0,1,0,차대차 - 측면충돌,안전운전불이행,건조,맑음,기타 - 기타,승용,남,49세,상해없음,화물,남,57세,경상
2023102000100590,2023년 10월 20일 18시,금요일,충청남도 천안시 서북구 백석동,경상사고,0,0,1,0,차대차 - 정면충돌,중앙선침범,건조,맑음,기타 - 기타,승용,남,23세,상해없음,승용,남,39세,경상