사고번호,사고일시,요일,시군구,사고내용,사망자수,중상자수,경상자수,부상신고자수,사고유형,법규위반,노면상태,기상상태,도로형태,가해운전자 차종,가해운전자 성별,가해운전자 연령,가해운전자 상해정도,피해운전자 차종,피해운전자 성별,피해운전자 연령,피해운전자 상해정도
2023102000100592,2023년 10월 20일 18시,금요일,충청남도 태안군 태안읍,경상사고,0,0,3,0,차대차 - 추돌,안전운전불이행,건조,맑음,단일로 - 기타,승용,남,53세,상해없음,승용,여,66세,경상
2023102000100647,2023년 10월 20일 19시,금요일,충청남도 홍성군 홍성읍,경상사고,0,0,1,0,차대차 - 정면충돌,중앙선침범,건조,맑음,단일로 - 기타,화물,남,58세,상해없음,승용,여,27세,경상
2023102000100648,2023년 10월 20일 19시,금요일,충청남도 보령시 명천동,경상사고,0,0,1,0,차대사람 - 차도통행중,안전운전불이행,건조,맑음,교차로 - 교차로부근,승용,여,44세,상해없음,보행자,남,49세,경상
2023102000100685,2023년 10월 20일 20시,금요일,충청남도 서산시 성연면,경상사고,0,0,2,0,차대차 - 기타,신호위반,건조,맑음,단일로 - 기타,승용,남,38세,경상,승용,남,60세,경상
2023102000100686,2023년 10월 20일 20시,금요일,충청남도 예산군 예산읍,중상사고,0,1,0,0,차대사람 - 길가장자리구역통행중,중앙선침범,건조,흐림,단일로 - 기타,승용,남,47세,상해없음,보행자,여,62세,중상
2023102000100687,2023년 10월 20일 20시,금요일,충청남도 태안군 근흥면,경상사고,0,0,2,0,차대차 - 추돌,안전운전불이행,건조,흐림,교차로 - 교차로부근,승용,남,25세,상해없음,화물,남,54세,경상
2023102000100711,2023년 10월 20일 21시,금요일,충청남도 아산시 둔포면,경상사고,0,0,1,0,차대차 - 후진중충돌,안전운전불이행,건조,맑음,단일로 - 기타,승용,남,51세,상해없음,승용,남,30세,경상
2023102100100008,2023년 10월 21일 00시,토요일,충청남도 천안시 서북구 성정동,경상사고,0,0,1,0,차대차 - 후진중충돌,안전운전불이행,건조,맑음,단일로 - 기타,승용,여,62세,상해없음,승용,남,30세,경상
2023102100100020,2023년 10월 21일 01시,토요일,충청남도 태안군 남면,중상사고,0,2,0,0,차대차 - 기타,교차로운행방법위반,건조,흐림,교차로 - 교차로안,승용,남,22세,상해없음,승용,남,22세,중상
2023102100100045,2023년 10월 21일 04시,토요일,충청남도 아산시 배방읍,경상사고,0,0,1,0,차대차 - 기타,안전운전불이행,건조,맑음,기타 - 기타,승용,남,27세,상해없음,승용,남,24세,경상
2023102100100058,2023년 10월 21일 06시,토요일,충청남도 천안시 서북구 두정동,중상사고,0,1,0,0,차대차 - 측면충돌,신호위반,건조,맑음,교차로 - 교차로부근,승합,남,66세,상해없음,이륜,남,23세,중상
2023102100100059,2023년 10월 21일 06시,토요일,충청남도 논산시 벌곡면,중상사고,0,1,0,0,차대차 - 정면충돌,중앙선침범,건조,맑음,단일로 - 기타,승용,남,67세,상해없음,화물,남,58세,중상
2023102100100072,2023년 10월 21일 07시,토요일,충청남도 서천군 서면,중상사고,0,1,0,0,차대사람 - 길가장자리구역통행중,안전운전불이행,건조,맑음,단일로 - 기타,화물,남,51세,상해없음,보행자,남,82세,중상
2023102100100090,2023년 10월 21일 08시,토요일,충청남도 천안시 서북구 쌍용동,경상사고,0,0,1,0,차대차 - 기타,안전운전불이행,건조,맑음,단일로 - 기타,이륜,남,44세,상해없음,승용,남,52세,경상
2023102100100091,2023년 10월 21일 08시,토요일,충청남도 태안군 근흥면,중상사고,0,1,1,0,차대차 - 측면충돌,교차로운행방법위반,젖음/습기,흐림,단일로 - 기타,이륜,남,84세,상해없음,승용,여,42세,중상
2023102100100125,2023년 10월 21일 09시,토요일,충청남도 아산시 송악면,경상사고,0,0,2,0,차대차 - 기타,안전운전불이행,건조,맑음,단일로 - 기타,승용,여,55세,상해없음,승용,여,52세,경상
2023102100100126,2023년 10월 21일 09시,토요일,충청남도 천안시 동남구 신부동,경상사고,0,0,1,0,차대차 - 정면충돌,직진우회전진행방해,젖음/습기,비,교차로 - 교차로안,승용,남,81세,기타불명,승용,여,65세,경상
2023102100100198,2023년 10월 21일 11시,토요일,충청남도 태안군 소원면,중상사고,0,1,0,0,차대차 - 측면충돌,교차로운행방법위반,건조,맑음,교차로 - 교차로안,화물,남,50세,상해없음,화물,남,76세,중상
2023102100100246,2023년 10월 21일 12시,토요일,충청남도 천안시 서북구 불당동,중상사고,0,1,0,0,차대차 - 측면충돌,차로위반,건조,맑음,교차로 - 교차로부근,승용,여,51세,상해없음,이륜,남,44세,중상
2023102100100247,2023년 10월 21일 12시,토요일,충청남도 논산시 반월동,경상사고,0,0,2,0,차대차 - 정면충돌,안전운전불이행,건조,맑음,주차장 - 주차장,승합,남,27세,상해없음,승용,남,47세,경상
2023102100100248,2023년 10월 21일 12시,토요일,충청남도 논산시 취암동,경상사고,0,0,2,0,차대차 - 측면충돌,안전운전불이행,건조,맑음,교차로 - 교차로부근,승용,남,27세,상해없음,승용,남,55세,경상
2023102100100249,2023년 10월 21일 12시,토요일,충청남도 부여군 은산면,경상사고,0,0,2,0,차대차 - 측면충돌,중앙선침범,건조,맑음,단일로 - 기타,승용,남,64세,상해없음,승용,남,22세,경상
2023102100100288,2023년 10월 21일 13시,토요일,충청남도 홍성군 홍성읍,경상사고,0,0,3,0,차대차 - 측면충돌,안전운전불이행,건조,맑음,교차로 - 교차로안,승용,여,60세,상해없음,승용,남,42세,경상
2023102100100334,2023년 10월 21일 14시,토요일,충청남도 천안시 서북구 쌍용동,경상사고,0,0,2,0,차대차 - 정면충돌,신호위반,건조,맑음,교차로 - 교차로부근,승용,여,55세,상해없음,승용,여,51세,경상
2023102100100454,2023년 10월 21일 17시,토요일,충청남도 부여군 옥산면,중상사고,0,1,0,0,차대차 - 추돌,안전운전불이행,건조,맑음,교차로 - 교차로부근,승용,남,68세,상해없음,승용,남,70세,중상
2023102100100455,2023년 10월 21일 17시,토요일,충청남도 당진시 순성면,경상사고,0,0,4,0,차대차 - 추돌,안전운전불이행,건조,맑음,기타 - 기타,승합,남,69세,기타불명,승용,남,62세,경상
2023102100100490,2023년 10월 21일 18시,토요일,충청남도 서산시 해미면,경상사고,0,0,1,0,차대사람 - 차도통행중,안전운전불이행,건조,맑음,단일로 - 기타,개인형이동수단(PM),여,19세,상해없음,보행자,남,22세,경상
2023102100100491,2023년 10월 21일 18시,토요일,충청남도 홍성군 홍북읍,중상사고,0,1,0,0,차대차 - 기타,신호위반,건조,맑음,교차로 - 교차로안,승용,여,44세,상해없음,이륜,남,54세,중상
2023102100100536,2023년 10월 21일 19시,토요일,충청남도 서산시 음암면,사망사고,1,0,0,0,차대사람 - 차도통행중,안전운전불이행,건조,맑음,단일로 - 기타,승용,여,55세,상해없음,보행자,남,80세,사망
2023102100100537,2023년 10월 21일 19시,토요일,충청남도 천안시 동남구 용곡동,경상사고,0,0,1,0,차대차 - 측면충돌,신호위반,건조,맑음,교차로 - 교차로안,승용,남,45세,상해없음,승용,여,65세,경상
2023102100100602,2023년 10월 21일 21시,토요일,충청남도 예산군 예산읍,부상신고사고,0,0,0,1,차대차 - 추돌,안전운전불이행,건조,맑음,교차로 - 교차로부근,화물,남,59세,부상신고,승용,남,47세,상해없음
2023102100100626,2023년 10월 21일 22시,토요일,충청남도 서산시 해미면,경상사고,0,0,3,0,차대차 - 정면충돌,신호위반,건조,흐림,교차로 - 교차로안,화물,남,49세,상해없음,승용,남,22세,경상
2023102100100646,2023년 10월 21일 23시,토요일,충청남도 논산시 내동,경상사고,0,0,2,0,차대차 - 측면충돌,안전운전불이행,건조,맑음,교차로 - 교차로안,개인형이동수단(PM),여,19세,경상,승용,남,56세,경상
2023102200100011,2023년 10월 22일 00시,일요일,충청남도 천안시 동남구 구성동,경상사고,0,0,4,0,차대차 - 측면충돌,안전거리미확보,건조,맑음,교차로 - 교차로부근,승합,남,35세,기타불명,승용,남,43세,경상
2023102200100024,2023년 10월 22일 01시,일요일,충청남도 천안시 동남구 사직동,경상사고,0,0,1,0,차대차 - 정면충돌,중앙선침범,건조,맑음,단일로 - 지하차도(도로)내,승용,여,36세,상해없음,승용,여,23세,경상
2023102200100045,2023년 10월 22일 05시,일요일,충청남도 공주시 이인면,경상사고,0,0,1,0,차대차 - 추돌,안전운전불이행,건조,맑음,기타 - 기타,승용,남,32세,기타불명,화물,남,52세,경상
2023102200100093,2023년 10월 22일 09시,일요일,충청남도 아산시 염치읍,경상사고,0,0,1,0,차대차 - 측면충돌,신호위반,건조,맑음,교차로 - 교차로안,승용,남,73세,상해없음,승용,여,32세,경상
2023102200100094,2023년 10월 22일 09시,일요일,충청남도 당진시 수청동,경상사고,0,0,4,0,차대차 - 측면충돌,안전운전불이행,건조,맑음,교차로 - 교차로안,승용,남,38세,상해없음,승용,남,35세,경상
2023102200100123,2023년 10월 22일 10시,일요일,충청남도 천안시 서북구 불당동,경상사고,0,0,1,0,차대차 - 정면충돌,안전운전불이행,건조,맑음,교차로 - 교차로안,승용,남,37세,상해없음,이륜,여,26세,경상
2023102200100151,2023년 10월 22일 11시,일요일,충청남도 서산시 동문동,중상사고,0,1,3,1,차대차 - 측면충돌,직진우회전진행방해,건조,맑음,교차로 - 교차로안,승합,남,66세,상해없음,승용,남,68세,중상
2023102200100152,2023년 10월 22일 11시,일요일,충청남도 천안시 동남구 대흥동,경상사고,0,0,1,0,차대차 - 측면충돌,안전거리미확보,건조,맑음,교차로 - 교차로부근,승용,남,50세,상해없음,승용,남,80세,경상
2023102200100236,2023년 10월 22일 14시,일요일,충청남도 서산시 부석면,중상사고,0,1,5,0,차대차 - 정면충돌,중앙선침범,건조,맑음,교차로 - 교차로부근,승용,남,65세,상해없음,화물,남,61세,경상
2023102200100263,2023년 10월 22일 15시,일요일,충청남도 서천군 서면,경상사고,0,0,3,0,차대차 - 측면충돌,안전운전불이행,건조,맑음,교차로 - 교차로부근,승용,남,62세,상해없음,승용,남,23세,경상
2023102200100328,2023년 10월 22일 17시,일요일,충청남도 서산시 동문동,경상사고,0,0,2,0,차대차 - 측면충돌,차로위반,건조,맑음,단일로 - 기타,승용,남,47세,상해없음,승용,남,27세,경상
2023102200100329,2023년 10월 22일 17시,일요일,충청남도 태안군 안면읍,중상사고,0,3,0,0,차량단독 - 공작물충돌,중앙선침범,건조,맑음,교차로 - 교차로부근,승용,남,25세,상해없음,,,,
2023102200100390,2023년 10월 22일 19시,일요일,충청남도 천안시 서북구 성정동,경상사고,0,0,1,0,차대차 - 측면충돌,신호위반,건조,맑음,교차로 - 교차로안,승용,남,53세,상해없음,이륜,남,43세,경상
2023102200100391,2023년 10월 22일 19시,일요일,충청남도 태안군 태안읍,경상사고,0,0,2,0,차대차 - 기타,중앙선침범,건조,맑음,단일로 - 기타,이륜,남,38세,상해없음,승용,여,29세,경상
2023102200100421,2023년 10월 22일 20시,일요일,충청남도 예산군 덕산면,사망사고,1,0,1,0,차대차 - 측면충돌,중앙선침범,건조,맑음,교차로 - 교차로부근,화물,여,52세,경상,이륜,남,29세,사망
2023102200100437,2023년 10월 22일 21시,일요일,충청남도 천안시 서북구 성정동,경상사고,0,0,1,0,차대차 - 정면충돌,중앙선침범,건조,맑음,단일로 - 기타,승용,남,36세,상해없음,승용,남,34세,경상
2023102200100456,2023년 10월 22일 23시,일요일,충청남도 천안시 동남구 신방동,경상사고,0,0,1,0,차대차 - 기타,신호위반,건조,맑음,교차로 - 교차로안,승용,남,27세,상해없음,승용,남,29세,경상
2023102300100003,2023년 10월 23일 00시,월요일,충청남도 보령시 명천동,경상사고,0,0,1,0,차대사람 - 횡단중,보행자보호의무위반,건조,맑음,교차로 - 교차로안,승용,여,58세,상해없음,보행자,남,28세,경상
2023102300100055,2023년 10월 23일 07시,월요일,충청남도 천안시 서북구 성정동,중상사고,0,1,0,0,차대차 - 측면충돌,교차로운행방법위반,건조,맑음,교차로 - 교차로안,승용,남,49세,상해없음,이륜,남,68세,중상
2023102300100056,2023년 10월 23일 07시,월요일,충청남도 예산군 삽교읍,중상사고,0,1,0,0,차대사람 - 기타,안전운전불이행,건조,맑음,단일로 - 기타,화물,남,53세,상해없음,보행자,남,82세,중상
2023102300100097,2023년 10월 23일 08시,월요일,충청남도 천안시 서북구 직산읍,중상사고,0,1,3,0,차대차 - 기타,안전운전불이행,건조,맑음,단일로 - 기타,건설기계,남,56세,경상,화물,남,47세,중상
2023102300100098,2023년 10월 23일 08시,월요일,충청남도 아산시 배방읍,중상사고,0,1,4,0,차대차 - 기타,안전운전불이행,건조,맑음,단일로 - 기타,승용,여,38세,경상,승용,여,36세,중상
2023102300100099,2023년 10월 23일 08시,월요일,충청남도 당진시 석문면,중상사고,0,1,0,0,차대사람 - 횡단중,안전운전불이행,건조,맑음,교차로 - 교차로횡단보도내,화물,남,53세,상해없음,보행자,여,66세,중상
2023102300100175,2023년 10월 23일 10시,월요일,충청남도 서산시 대산읍,중상사고,0,1,1,0,차대차 - 측면충돌,교차로운행방법위반,건조,맑음,교차로 - 교차로안,승용,여,61세,중상,승용,남,32세,경상
2023102300100176,2023년 10월 23일 10시,월요일,충청남도 태안군 태안읍,경상사고,0,0,2,0,차대차 - 후진중충돌,안전운전불이행,건조,맑음,교차로 - 교차로안,화물,남,50세,상해없음,승용,남,49세,경상
2023102300100203,2023년 10월 23일 11시,월요일,충청남도 천안시 동남구 구룡동,경상사고,0,0,1,0,차대차 - 측면충돌,불법유턴,건조,맑음,교차로 - 교차로부근,화물,남,20세,상해없음,화물,남,56세,경상
2023102300100232,2023년 10월 23일 12시,월요일,충청남도 천안시 서북구 입장면,경상사고,0,0,1,0,차대차 - 기타,신호위반,건조,맑음,교차로 - 교차로안,이륜,남,42세,상해없음,승용,여,52세,경상
2023102300100233,2023년 10월 23일 12시,월요일,충청남도 당진시 송산면,경상사고,0,0,1,0,차대사람 - 기타,안전운전불이행,건조,맑음,기타 - 기타,화물,남,58세,상해없음,보행자,남,59세,경상
2023102300100308,2023년 10월 23일 14시,월요일,충청남도 천안시 동남구 신부동,중상사고,0,1,0,0,차대사람 - 횡단중,보행자보호의무위반,건조,맑음,교차로 - 교차로안,승용,남,66세,상해없음,보행자,남,10세,중상
2023102300100343,2023년 10월 23일 15시,월요일,충청남도 아산시 배방읍,경상사고,0,0,1,0,차대차 - 측면충돌,신호위반,건조,맑음,교차로 - 교차로안,승용,여,41세,상해없음,화물,남,52세,경상
2023102300100344,2023년 10월 23일 15시,월요일,충청남도 공주시 정안면,중상사고,0,1,0,0,차대차 - 기타,중앙선침범,건조,맑음,단일로 - 기타,화물,남,69세,기타불명,이륜,남,45세,중상
2023102300100421,2023년 10월 23일 17시,월요일,충청남도 서산시 운산면,경상사고,0,0,2,0,차대차 - 측면충돌,안전운전불이행,건조,맑음,단일로 - 기타,승용,남,73세,상해없음,승용,남,45세,경상
2023102300100422,2023년 10월 23일 17시,월요일,충청남도 천안시 서북구 성거읍,경상사고,0,0,2,0,차대차 - 측면충돌,안전운전불이행,건조,맑음,교차로 - 교차로안,화물,남,64세,상해없음,승용,남,82세,경상
2023102300100423,2023년 10월 23일 17시,월요일,충청남도 아산시 권곡동,경상사고,0,0,2,0,차대차 - 추돌,안전운전불이행,건조,맑음,단일로 - 기타,승용,남,48세,상해없음,승용,여,31세,경상
2023102300100424,2023년 10월 23일 17시,월요일,충청남도 천안시 동남구 삼룡동,경상사고,0,0,1,0,차대차 - 측면충돌,안전거리미확보,건조,맑음,단일로 - 기타,승용,여,66세,상해없음,이륜,남,41세,경상
2023102300100524,2023년 10월 23일 19시,월요일,충청남도 천안시 서북구 불당동,경상사고,0,0,1,0,차대사람 - 횡단중,보행자보호의무위반,건조,맑음,교차로 - 교차로횡단보도내,승용,여,26세,기타불명,보행자,남,71세,경상
2023102300100568,2023년 10월 23일 21시,월요일,충청남도 당진시 읍내동,경상사고,0,0,1,0,차대사람 - 횡단중,안전운전불이행,건조,맑음,교차로 - 교차로횡단보도내,승용,여,54세,상해없음,보행자,여,43세,경상
2023102300100569,2023년 10월 23일 21시,월요일,충청남도 당진시 수청동,경상사고,0,0,2,0,차대차 - 추돌,안전운전불이행,건조,맑음,교차로 - 교차로부근,승용,남,41세,상해없음,승용,여,27세,경상
2023102400100006,2023년 10월 24일 00시,화요일,충청남도 아산시 온천동,경상사고,0,0,2,0,차대차 - 추돌,안전운전불이행,건조,맑음,교차로 - 교차로부근,승용,여,51세,상해없음,승용,여,22세,경상
2023102400100007,2023년 10월 24일 00시,화요일,충청남도 아산시 둔포면,경상사고,0,0,1,0,차대차 - 추돌,안전운전불이행,건조,맑음,단일로 - 기타,승용,남,24세,상해없음,승용,남,39세,경상
2023102400100008,2023년 10월 24일 00시,화요일,충청남도 공주시 유구읍,부상신고사고,0,0,0,1,차량단독 - 도로외이탈 - 기타,안전운전불이행,건조,맑음,교차로 - 교차로부근,승용,여,51세,부상신고,,,,
2023102400100043,2023년 10월 24일 05시,화요일,충청남도 보령시 주포면,중상사고,0,1,0,0,차대차 - 측면충돌,신호위반,건조,맑음,교차로 - 교차로안,화물,남,60세,상해없음,화물,남,78세,중상
2023102400100097,2023년 10월 24일 08시,화요일,충청남도 서천군 장항읍,경상사고,0,0,1,0,차대차 - 기타,안전운전불이행,건조,맑음,단일로 - 기타,승용,여,58세,상해없음,자전거,남,81세,경상
2023102400100098,2023년 10월 24일 08시,화요일,충청남도 공주시 유구읍,경상사고,0,0,1,0,차대차 - 측면충돌,교차로운행방법위반,건조,맑음,교차로 - 교차로안,승용,여,55세,상해없음,승용,남,26세,경상
2023102400100153,2023년 10월 24일 09시,화요일,충청남도 계룡시 두마면,경상사고,0,0,2,0,차대차 - 측면충돌,교차로운행방법위반,건조,맑음,교차로 - 교차로부근,승용,여,54세,경상,승용,여,39세,경상
2023102400100154,2023년 10월 24일 09시,화요일,충청남도 예산군 덕산면,경상사고,0,0,1,0,차대사람 - 기타,안전운전불이행,건조,맑음,기타 - 기타,승용,남,59세,상해없음,보행자,여,83세,경상
2023102400100155,2023년 10월 24일 09시,화요일,충청남도 천안시 동남구 신부동,경상사고,0,0,1,0,차대차 - 기타,안전운전불이행,건조,맑음,교차로 - 교차로안,승합,남,70세,상해없음,승합,남,53세,경상
2023102400100195,2023년 10월 24일 10시,화요일,충청남도 논산시 취암동,중상사고,0,1,0,0,차대사람 - 기타,안전운전불이행,건조,맑음,단일로 - 기타,자전거,남,21세,상해없음,보행자,여,85세,중상
2023102400100196,2023년 10월 24일 10시,화요일,충청남도 홍성군 홍성읍,중상사고,0,1,0,0,차대사람 - 기타,안전운전불이행,건조,맑음,교차로 - 교차로안,승용,남,68세,상해없음,보행자,남,46세,중상
2023102400100253,2023년 10월 24일 12시,화요일,충청남도 서산시 석남동,경상사고,0,0,1,0,차대차 - 기타,안전거리미확보,건조,맑음,단일로 - 기타,승용,여,78세,상해없음,화물,남,32세,경상
2023102400100254,2023년 10월 24일 12시,화요일,충청남도 천안시 서북구 불당동,경상사고,0,0,1,0,차대차 - 측면충돌,중앙선침범,건조,맑음,단일로 - 기타,승용,여,32세,상해없음,승용,여,37세,경상
2023102400100255,2023년 10월 24일 12시,화요일,충청남도 아산시 음봉면,경상사고,0,0,1,0,차대차 - 추돌,신호위반,건조,맑음,교차로 - 교차로부근,승용,남,50세,기타불명,승용,남,33세,경상
2023102400100256,2023년 10월 24일 12시,화요일,충청남도 천안시 동남구 청당동,경상사고,0,0,1,0,차대차 - 측면충돌,교차로운행방법위반,건조,맑음,교차로 - 교차로안,승용,남,66세,상해없음,이륜,남,29세,경상
2023102400100287,2023년 10월 24일 13시,화요일,충청남도 예산군 삽교읍,중상사고,0,1,0,0,차량단독 - 도로외이탈 - 추락,안전운전불이행,건조,맑음,교차로 - 교차로부근,화물,남,62세,중상,,,,
2023102400100339,2023년 10월 24일 15시,화요일,충청남도 서산시 잠홍동,경상사고,0,0,2,0,차대차 - 추돌,안전거리미확보,젖음/습기,흐림,교차로 - 교차로부근,특수,남,57세,상해없음,승용,여,65세,경상
2023102400100340,2023년 10월 24일 15시,화요일,충청남도 서산시 동문동,경상사고,0,0,1,0,차대차 - 기타,직진우회전진행방해,건조,맑음,교차로 - 교차로안,원동기,남,41세,경상,승용,남,62세,상해없음
2023102400100341,2023년 10월 24일 15시,화요일,충청남도 서산시 예천동,경상사고,0,0,1,0,차대사람 - 기타,안전운전불이행,건조,맑음,기타 - 기타,기타불명,기타불명,미분류,기타불명,보행자,여,11세,경상
2023102400100398,2023년 10월 24일 16시,화요일,충청남도 천안시 서북구 두정동,경상사고,0,0,1,1,차대차 - 측면충돌,중앙선침범,건조,맑음,단일로 - 기타,원동기,여,60세,부상신고,승용,남,29세,경상
2023102400100399,2023년 10월 24일 16시,화요일,충청남도 태안군 태안읍,경상사고,0,0,1,0,차대차 - 기타,안전운전불이행,건조,맑음,기타 - 기타,승용,남,82세,경상,승용,남,50세,상해없음
2023102400100433,2023년 10월 24일 17시,화요일,충청남도 아산시 배방읍,경상사고,0,0,1,0,차대차 - 기타,안전운전불이행,건조,맑음,교차로 - 교차로부근,승용,여,63세,상해없음,화물,남,58세,경상
2023102400100484,2023년 10월 24일 18시,화요일,충청남도 서산시 읍내동,중상사고,0,1,0,0,차대사람 - 기타,안전운전불이행,건조,맑음,주차장 - 주차장,승용,여,47세,상해없음,보행자,여,86세,중상
2023102400100485,2023년 10월 24일 18시,화요일,충청남도 공주시 신관동,경상사고,0,0,2,0,차대차 - 측면충돌,안전운전불이행,건조,맑음,교차로 - 교차로부근,승용,여,37세,경상,승용,남,27세,경상
2023102400100486,2023년 10월 24일 18시,화요일,충청남도 천안시 동남구 신부동,경상사고,0,0,2,0,차대차 - 측면충돌,교차로운행방법위반,건조,맑음,교차로 - 교차로안,승용,남,63세,상해없음,승용,남,66세,경상
2023102400100540,2023년 10월 24일 19시,화요일,충청남도 천안시 서북구 불당동,경상사고,0,0,1,0,차대차 - 기타,직진우회전진행방해,건조,흐림,교차로 - 교차로부근,승용,남,30세,상해없음,자전거,남,45세,경상
2023102400100541,2023년 10월 24일 19시,화요일,충청남도 천안시 서북구 백석동,경상사고,0,0,1,0,차대차 - 측면충돌,신호위반,건조,맑음,교차로 - 교차로안,승용,여,30세,상해없음,승용,남,40세,경상
2023102400100542,2023년 10월 24일 19시,화요일,충청남도 천안시 서북구 두정동,경상사고,0,0,1,0,차대사람 - 횡단중,보행자보호의무위반,건조,맑음,교차로 - 교차로부근,승용,남,30세,상해없음,보행자,남,32세,경상
2023102400100543,2023년 10월 24일 19시,화요일,충청남도 천안시 동남구 신부동,중상사고,0,1,1,0,차대차 - 추돌,안전거리미확보,건조,맑음,단일로 - 기타,화물,남,39세,상해없음,승용,남,30세,중상
2023102400100598,2023년 10월 24일 21시,화요일,충청남도 천안시 서북구 불당동,경상사고,0,0,1,0,차대차 - 측면충돌,안전운전불이행,건조,맑음,단일로 - 기타,승용,남,49세,상해없음,이륜,남,44세,경상
2023102400100619,2023년 10월 24일 22시,화요일,충청남도 천안시 동남구 신방동,경상사고,0,0,1,0,차대차 - 측면충돌,안전운전불이행,건조,맑음,단일로 - 기타,승용,여,44세,상해없음,승용,남,24세,경상
2023102400100630,2023년 10월 24일 23시,화요일,충청남도 당진시 채운동,경상사고,0,0,1,0,차대차 - 추돌,안전운전불이행,건조,맑음,교차로 - 교차로부근,승용,남,51세,상해없음,원동기,남,44세,경상
2023102500100009,2023년 10월 25일 01시,수요일,충청남도 천안시 서북구 불당동,경상사고,0,0,1,0,차대차 - 기타,신호위반,건조,맑음,교차로 - 교차로안,기타불명,기타불명,미분류,기타불명,승용,남,58세,상해없음
2023102500100010,2023년 10월 25일 01시,수요일,충청남도 천안시 서북구 쌍용동,경상사고,0,0,1,0,차대차 - 측면충돌,교차로운행방법위반,건조,맑음,교차로 - 교차로안,승용,남,52세,상해없음,이륜,남,19세,경상
2023102500100038,2023년 10월 25일 07시,수요일,충청남도 서산시 동문동,경상사고,0,0,1,0,차대차 - 측면충돌,직진우회전진행방해,건조,맑음,교차로 - 교차로안,승합,여,49세,상해없음,자전거,남,55세,경상
2023102500100072,2023년 10월 25일 08시,수요일,충청남도 천안시 서북구 성환읍,중상사고,0,2,1,2,차대차 - 추돌,안전거리미확보,건조,맑음,단일로 - 기타,승용,여,43세,부상신고,승용,남,46세,경상
2023102500100073,2023년 10월 25일 08시,수요일,충청남도 당진시 송악읍,경상사고,0,0,1,0,차대차 - 추돌,안전운전불이행,건조,맑음,교차로 - 교차로부근,승용,여,33세,상해없음,승용,여,35세,경상
2023102500100112,2023년 10월 25일 09시,수요일,충청남도 아산시 모종동,경상사고,0,0,1,0,차대차 - 기타,신호위반,건조,맑음,교차로 - 교차로안,건설기계,남,59세,상해없음,승합,남,34세,경상
2023102500100113,2023년 10월 25일 09시,수요일,충청남도 공주시 산성동,경상사고,0,0,1,0,차대사람 - 기타,안전운전불이행,건조,맑음,교차로 - 교차로부근,승용,여,69세,상해없음,보행자,남,53세,경상
2023102500100114,2023년 10월 25일 09시,수요일,충청남도 천안시 동남구 신부동,경상사고,0,0,1,0,차대차 - 추돌,안전거리미확보,건조,맑음,교차로 - 교차로부근,승용,여,73세,상해없음,승용,여,41세,경상
2023102500100148,2023년 10월 25일 10시,수요일,충청남도 당진시 수청동,경상사고,0,0,1,0,차대차 - 측면충돌,안전운전불이행,건조,맑음,단일로 - 지하차도(도로)내,승용,남,75세,상해없음,승용,남,56세,경상
2023102500100213,2023년 10월 25일 12시,수요일,충청남도 예산군 예산읍,경상사고,0,0,1,0,차대사람 - 횡단중,안전운전불이행,건조,맑음,단일로 - 기타,승용,여,37세,상해없음,보행자,여,67세,경상
2023102500100247,2023년 10월 25일 13시,수요일,충청남도 천안시 서북구 불당동,부상신고사고,0,0,0,1,차대차 - 측면충돌,안전운전불이행,건조,맑음,기타 - 기타,승용,여,35세,기타불명,승용,여,46세,부상신고
2023102500100248,2023년 10월 25일 13시,수요일,충청남도 천안시 동남구 병천면,중상사고,0,1,0,0,차대차 - 정면충돌,교차로운행방법위반,건조,맑음,교차로 - 교차로안,화물,남,48세,상해없음,이륜,남,67세,중상
2023102500100276,2023년 10월 25일 14시,수요일,충청남도 서산시 예천동,경상사고,0,0,1,0,차대차 - 측면충돌,차로위반,건조,맑음,단일로 - 기타,승용,남,58세,상해없음,승용,여,49세,경상
2023102500100277,2023년 10월 25일 14시,수요일,충청남도 당진시 석문면,경상사고,0,0,2,1,차대차 - 추돌,안전운전불이행,건조,맑음,단일로 - 지하차도(도로)내,건설기계,남,61세,부상신고,화물,남,42세,경상
2023102500100312,2023년 10월 25일 15시,수요일,충청남도 천안시 동남구 안서동,경상사고,0,0,1,0,차대차 - 추돌,안전운전불이행,건조,맑음,교차로 - 교차로부근,승용,남,63세,상해없음,승용,남,50세,상해없음
2023102500100348,2023년 10월 25일 16시,수요일,충청남도 천안시 동남구 신부동,경상사고,0,0,1,0,차대차 - 측면충돌,교차로운행방법위반,건조,맑음,교차로 - 교차로안,승용,남,59세,상해없음,이륜,남,34세,경상
2023102500100389,2023년 10월 25일 17시,수요일,충청남도 천안시 동남구 신방동,경상사고,0,0,2,0,차대차 - 정면충돌,중앙선침범,건조,맑음,교차로 - 교차로부근,승용,여,36세,상해없음,승용,남,24세,경상