사고번호,사고일시,요일,시군구,사고내용,사망자수,중상자수,경상자수,부상신고자수,사고유형,법규위반,노면상태,기상상태,도로형태,가해운전자 차종,가해운전자 성별,가해운전자 연령,가해운전자 상해정도,피해운전자 차종,피해운전자 성별,피해운전자 연령,피해운전자 상해정도
2023103000100415,2023년 10월 30일 17시,월요일,충청남도 아산시 탕정면,경상사고,0,0,1,0,차대차 - 측면충돌,안전운전불이행,건조,맑음,단일로 - 기타,승용,여,35세,상해없음,승용,여,30세,경상
2023103000100416,2023년 10월 30일 17시,월요일,충청남도 공주시 반포면,중상사고,0,1,0,0,차량단독 - 공작물충돌,안전운전불이행,건조,흐림,기타 - 기타,승용,여,48세,중상,,,,
2023103000100454,2023년 10월 30일 18시,월요일,충청남도 예산군 광시면,중상사고,0,1,0,0,차대차 - 측면충돌,안전운전불이행,건조,맑음,단일로 - 기타,승용,여,74세,상해없음,자전거,남,60세,중상
2023103000100455,2023년 10월 30일 18시,월요일,충청남도 부여군 규암면,사망사고,1,1,0,0,차대차 - 추돌,기타,건조,맑음,단일로 - 기타,승용,남,35세,중상,농기계,남,71세,사망
2023103000100510,2023년 10월 30일 19시,월요일,충청남도 서산시 성연면,경상사고,0,0,1,0,차대사람 - 횡단중,보행자보호의무위반,건조,맑음,단일로 - 기타,승용,남,60세,상해없음,보행자,여,17세,경상
2023103000100541,2023년 10월 30일 20시,월요일,충청남도 공주시 신관동,중상사고,0,2,1,0,차대차 - 측면충돌,안전운전불이행,건조,맑음,교차로 - 교차로부근,이륜,남,18세,중상,승용,여,56세,경상
2023103000100542,2023년 10월 30일 20시,월요일,충청남도 천안시 동남구 목천읍,중상사고,0,1,0,0,차대차 - 추돌,기타,건조,맑음,단일로 - 기타,승용,남,24세,상해없음,승용,여,60세,중상
2023103000100581,2023년 10월 30일 22시,월요일,충청남도 아산시 음봉면,경상사고,0,0,1,0,차대차 - 추돌,안전운전불이행,건조,맑음,교차로 - 교차로부근,승용,남,26세,상해없음,승용,여,44세,경상
2023103100100007,2023년 10월 31일 00시,화요일,충청남도 아산시 배방읍,경상사고,0,0,2,0,차대차 - 측면충돌,신호위반,건조,맑음,교차로 - 교차로안,승용,여,57세,상해없음,승용,남,38세,경상
2023103100100028,2023년 10월 31일 02시,화요일,충청남도 천안시 동남구 구성동,중상사고,0,1,0,0,차대차 - 기타,안전운전불이행,건조,맑음,단일로 - 기타,승용,남,29세,상해없음,승용,여,38세,중상
2023103100100068,2023년 10월 31일 06시,화요일,충청남도 천안시 서북구 백석동,부상신고사고,0,0,0,1,차대차 - 기타,안전운전불이행,건조,맑음,단일로 - 기타,승용,남,64세,상해없음,승용,남,41세,부상신고
2023103100100069,2023년 10월 31일 06시,화요일,충청남도 천안시 동남구 신부동,중상사고,0,1,0,0,차대사람 - 기타,보행자보호의무위반,건조,맑음,단일로 - 기타,승용,여,54세,상해없음,보행자,남,74세,중상
2023103100100082,2023년 10월 31일 07시,화요일,충청남도 천안시 서북구 불당동,경상사고,0,0,1,0,차대차 - 기타,안전운전불이행,건조,맑음,교차로 - 교차로횡단보도내,승용,여,51세,기타불명,자전거,남,43세,경상
2023103100100153,2023년 10월 31일 09시,화요일,충청남도 아산시 염치읍,경상사고,0,0,1,0,차대차 - 기타,안전운전불이행,건조,맑음,교차로 - 교차로안,화물,남,56세,기타불명,승용,남,57세,경상
2023103100100190,2023년 10월 31일 10시,화요일,충청남도 서천군 장항읍,경상사고,0,0,1,0,차대차 - 기타,안전운전불이행,건조,맑음,교차로 - 교차로안,승용,남,68세,상해없음,승용,남,47세,경상
2023103100100191,2023년 10월 31일 10시,화요일,충청남도 당진시 합덕읍,경상사고,0,0,1,0,차대차 - 후진중충돌,안전운전불이행,건조,맑음,주차장 - 주차장,승용,남,64세,상해없음,승용,남,46세,상해없음
2023103100100223,2023년 10월 31일 11시,화요일,충청남도 아산시 배방읍,중상사고,0,1,0,0,차대차 - 정면충돌,중앙선침범,건조,맑음,단일로 - 기타,승용,남,73세,기타불명,승용,여,36세,중상
2023103100100224,2023년 10월 31일 11시,화요일,충청남도 아산시 모종동,경상사고,0,0,1,0,차량단독 - 기타,기타,건조,맑음,기타 - 기타,승합,남,58세,상해없음,,,,
2023103100100285,2023년 10월 31일 13시,화요일,충청남도 서산시 동문동,부상신고사고,0,0,0,1,차대차 - 측면충돌,교차로운행방법위반,건조,맑음,교차로 - 교차로안,이륜,여,47세,부상신고,승용,남,20세,상해없음
2023103100100325,2023년 10월 31일 14시,화요일,충청남도 청양군 목면,중상사고,0,1,0,0,차량단독 - 공작물충돌,안전운전불이행,건조,맑음,단일로 - 기타,승용,남,76세,상해없음,,,,
2023103100100390,2023년 10월 31일 16시,화요일,충청남도 아산시 배방읍,경상사고,0,0,1,0,차대차 - 측면충돌,안전운전불이행,건조,맑음,교차로 - 교차로부근,승용,여,34세,상해없음,자전거,남,10세,경상
2023103100100391,2023년 10월 31일 16시,화요일,충청남도 당진시 신평면,경상사고,0,0,1,0,차대차 - 추돌,안전운전불이행,건조,맑음,교차로 - 교차로부근,화물,남,62세,상해없음,승용,남,29세,경상
2023103100100437,2023년 10월 31일 17시,화요일,충청남도 아산시 탕정면,경상사고,0,0,1,0,차대차 - 기타,안전운전불이행,건조,맑음,교차로 - 교차로안,승용,남,68세,상해없음,기타불명,기타불명,미분류,기타불명
2023103100100438,2023년 10월 31일 17시,화요일,충청남도 천안시 동남구 목천읍,중상사고,0,1,0,0,차대차 - 추돌,안전거리미확보,건조,맑음,단일로 - 기타,화물,남,45세,상해없음,승용,남,66세,중상
2023103100100439,2023년 10월 31일 17시,화요일,충청남도 태안군 태안읍,중상사고,0,1,0,0,차대사람 - 기타,기타,건조,맑음,기타 - 기타,화물,남,61세,상해없음,보행자,남,65세,중상
2023103100100440,2023년 10월 31일 17시,화요일,충청남도 태안군 소원면,중상사고,0,1,0,0,차대사람 - 횡단중,신호위반,건조,맑음,교차로 - 교차로횡단보도내,승용,남,69세,상해없음,보행자,여,44세,중상
2023103100100509,2023년 10월 31일 18시,화요일,충청남도 아산시 배방읍,경상사고,0,0,2,0,차대차 - 추돌,안전운전불이행,건조,맑음,단일로 - 기타,승용,남,35세,상해없음,승용,남,30세,경상
2023103100100510,2023년 10월 31일 18시,화요일,충청남도 천안시 동남구 구룡동,중상사고,0,1,0,0,차대차 - 추돌,안전운전불이행,건조,맑음,교차로 - 교차로부근,승용,여,64세,상해없음,승용,여,53세,중상
2023103100100511,2023년 10월 31일 18시,화요일,충청남도 천안시 동남구 목천읍,경상사고,0,0,1,0,차대차 - 기타,직진우회전진행방해,건조,맑음,교차로 - 교차로안,승용,여,27세,상해없음,이륜,남,36세,경상
2023103100100562,2023년 10월 31일 19시,화요일,충청남도 예산군 예산읍,경상사고,0,0,1,0,차대차 - 측면충돌,안전운전불이행,건조,맑음,교차로 - 교차로안,승용,남,26세,상해없음,승용,여,45세,경상
2023103100100593,2023년 10월 31일 20시,화요일,충청남도 천안시 서북구 불당동,경상사고,0,0,1,0,차대차 - 기타,안전운전불이행,건조,맑음,단일로 - 기타,승용,남,71세,상해없음,승용,여,52세,경상
2023103100100614,2023년 10월 31일 21시,화요일,충청남도 천안시 서북구 불당동,경상사고,0,0,1,0,차대차 - 후진중충돌,안전운전불이행,건조,맑음,단일로 - 기타,승용,남,63세,기타불명,승용,여,26세,경상
2023110100100116,2023년 11월 1일 08시,수요일,충청남도 천안시 서북구 불당동,경상사고,0,0,1,0,차대차 - 측면충돌,신호위반,건조,맑음,단일로 - 고가도로위,승용,여,33세,상해없음,승용,여,54세,경상
2023110100100117,2023년 11월 1일 08시,수요일,충청남도 천안시 동남구 대흥동,경상사고,0,0,1,0,차량단독 - 기타,안전운전불이행,건조,맑음,단일로 - 기타,승합,남,58세,상해없음,,,,
2023110100100161,2023년 11월 1일 09시,수요일,충청남도 당진시 읍내동,경상사고,0,0,1,0,차대차 - 추돌,안전운전불이행,건조,맑음,교차로 - 교차로부근,화물,남,82세,상해없음,승용,여,52세,경상
2023110100100162,2023년 11월 1일 09시,수요일,충청남도 천안시 서북구 입장면,중상사고,0,1,0,0,차대차 - 기타,안전운전불이행,건조,맑음,기타 - 기타,승용,남,44세,상해없음,화물,남,42세,중상
2023110100100192,2023년 11월 1일 10시,수요일,충청남도 천안시 동남구 청당동,경상사고,0,0,1,0,차대차 - 측면충돌,교차로운행방법위반,건조,맑음,교차로 - 교차로안,화물,남,66세,상해없음,승용,남,46세,경상
2023110100100247,2023년 11월 1일 12시,수요일,충청남도 서천군 한산면,경상사고,0,0,1,0,차량단독 - 전도전복 - 전도,안전운전불이행,건조,맑음,단일로 - 기타,화물,여,52세,경상,,,,
2023110100100248,2023년 11월 1일 12시,수요일,충청남도 공주시 쌍신동,중상사고,0,1,1,0,차대차 - 추돌,기타,건조,맑음,단일로 - 터널,승용,남,65세,기타불명,승용,남,78세,경상
2023110100100249,2023년 11월 1일 12시,수요일,충청남도 금산군 금산읍,경상사고,0,0,1,0,차량단독 - 주/정차차량 충돌,안전운전불이행,건조,맑음,교차로 - 교차로부근,화물,남,57세,경상,,,,
2023110100100279,2023년 11월 1일 13시,수요일,충청남도 당진시 정미면,경상사고,0,0,1,0,차량단독 - 도로외이탈 - 추락,안전운전불이행,건조,맑음,기타 - 기타,승용,남,61세,경상,,,,
2023110100100299,2023년 11월 1일 14시,수요일,충청남도 아산시 용화동,중상사고,0,1,0,0,차대차 - 측면충돌,안전운전불이행,건조,맑음,단일로 - 기타,승용,여,25세,상해없음,승합,남,40세,중상
2023110100100300,2023년 11월 1일 14시,수요일,충청남도 서천군 마서면,중상사고,0,1,0,0,차량단독 - 공작물충돌,안전운전불이행,건조,맑음,단일로 - 기타,승용,여,46세,중상,,,,
2023110100100332,2023년 11월 1일 15시,수요일,충청남도 서산시 부석면,경상사고,0,0,1,0,차대차 - 추돌,안전운전불이행,건조,맑음,단일로 - 기타,승용,여,50세,상해없음,원동기,남,70세,경상
2023110100100333,2023년 11월 1일 15시,수요일,충청남도 아산시 온천동,중상사고,0,1,0,0,차대사람 - 횡단중,안전운전불이행,건조,맑음,단일로 - 기타,승용,남,68세,상해없음,보행자,남,16세,중상
2023110100100364,2023년 11월 1일 16시,수요일,충청남도 천안시 서북구 불당동,경상사고,0,0,1,0,차대차 - 측면충돌,안전운전불이행,건조,맑음,기타 - 기타,승용,여,58세,상해없음,이륜,남,41세,경상
2023110100100365,2023년 11월 1일 16시,수요일,충청남도 예산군 예산읍,경상사고,0,0,2,0,차대차 - 측면충돌,안전운전불이행,건조,맑음,교차로 - 교차로안,화물,남,62세,상해없음,화물,남,61세,경상
2023110100100401,2023년 11월 1일 17시,수요일,충청남도 천안시 서북구 백석동,경상사고,0,0,1,0,차대차 - 측면충돌,직진우회전진행방해,건조,맑음,교차로 - 교차로안,승용,남,50세,상해없음,승용,남,32세,경상
2023110100100402,2023년 11월 1일 17시,수요일,충청남도 천안시 서북구 두정동,경상사고,0,0,1,0,차대차 - 기타,안전거리미확보,건조,맑음,단일로 - 기타,화물,남,62세,상해없음,승용,남,20세,경상
2023110100100451,2023년 11월 1일 18시,수요일,충청남도 서산시 예천동,경상사고,0,0,1,0,차대차 - 측면충돌,안전운전불이행,건조,맑음,단일로 - 기타,승용,여,45세,상해없음,승용,여,32세,경상
2023110100100452,2023년 11월 1일 18시,수요일,충청남도 천안시 서북구 성정동,중상사고,0,1,0,0,차대차 - 측면충돌,신호위반,건조,맑음,교차로 - 교차로안,이륜,남,46세,상해없음,이륜,남,27세,중상
2023110100100454,2023년 11월 1일 18시,수요일,충청남도 보령시 동대동,경상사고,0,0,1,0,차대차 - 기타,안전거리미확보,건조,맑음,교차로 - 교차로안,승용,남,81세,상해없음,승용,남,72세,경상
2023110100100501,2023년 11월 1일 19시,수요일,충청남도 천안시 서북구 두정동,경상사고,0,0,1,0,차대차 - 정면충돌,안전운전불이행,건조,맑음,단일로 - 기타,승용,남,37세,기타불명,이륜,남,35세,경상
2023110100100502,2023년 11월 1일 19시,수요일,충청남도 예산군 덕산면,경상사고,0,0,1,0,차대차 - 측면충돌,안전운전불이행,건조,흐림,교차로 - 교차로안,승용,여,51세,기타불명,승용,남,52세,경상
2023110100100528,2023년 11월 1일 20시,수요일,충청남도 논산시 지산동,경상사고,0,0,1,0,차량단독 - 공작물충돌,안전운전불이행,건조,맑음,단일로 - 기타,기타불명,남,63세,경상,,,,
2023110100100582,2023년 11월 1일 23시,수요일,충청남도 천안시 서북구 직산읍,부상신고사고,0,0,0,1,차대차 - 정면충돌,안전운전불이행,건조,흐림,단일로 - 기타,이륜,남,22세,부상신고,승용,남,58세,상해없음
2023110200100007,2023년 11월 2일 00시,목요일,충청남도 홍성군 구항면,중상사고,0,1,0,0,차대차 - 정면충돌,안전운전불이행,건조,맑음,기타 - 기타,승용,남,73세,상해없음,자전거,남,55세,중상
2023110200100013,2023년 11월 2일 01시,목요일,충청남도 천안시 서북구 성정동,경상사고,0,0,2,0,차대차 - 후진중충돌,안전운전불이행,건조,맑음,단일로 - 기타,승용,남,26세,상해없음,승용,남,53세,경상
2023110200100027,2023년 11월 2일 04시,목요일,충청남도 서산시 예천동,중상사고,0,1,0,0,차대차 - 측면충돌,불법유턴,건조,맑음,단일로 - 기타,승용,남,70세,상해없음,이륜,남,68세,중상
2023110200100112,2023년 11월 2일 08시,목요일,충청남도 천안시 서북구 백석동,경상사고,0,0,1,0,차대차 - 추돌,안전운전불이행,건조,맑음,교차로 - 교차로안,승용,여,47세,상해없음,승용,여,44세,경상
2023110200100113,2023년 11월 2일 08시,목요일,충청남도 당진시 정미면,경상사고,0,0,1,0,차대차 - 측면충돌,중앙선침범,건조,맑음,교차로 - 교차로안,승용,여,68세,상해없음,특수,남,41세,경상
2023110200100114,2023년 11월 2일 08시,목요일,충청남도 천안시 동남구 목천읍,경상사고,0,0,2,0,차대차 - 측면충돌,안전운전불이행,건조,맑음,기타 - 기타,화물,남,58세,기타불명,승용,남,62세,경상
2023110200100155,2023년 11월 2일 09시,목요일,충청남도 부여군 규암면,중상사고,0,1,0,0,차대차 - 정면충돌,안전운전불이행,건조,맑음,단일로 - 기타,이륜,남,53세,중상,승용,여,61세,상해없음
2023110200100156,2023년 11월 2일 09시,목요일,충청남도 천안시 서북구 성거읍,경상사고,0,0,1,0,차대차 - 측면충돌,신호위반,건조,맑음,기타 - 기타,승용,여,23세,기타불명,승용,여,24세,경상
2023110200100221,2023년 11월 2일 11시,목요일,충청남도 논산시 양촌면,경상사고,0,0,2,0,차대차 - 측면충돌,안전거리미확보,건조,맑음,기타 - 기타,특수,남,39세,기타불명,승용,남,38세,경상
2023110200100253,2023년 11월 2일 12시,목요일,충청남도 서산시 운산면,경상사고,0,0,1,0,차대차 - 추돌,안전거리미확보,건조,맑음,단일로 - 기타,승용,남,74세,상해없음,이륜,남,76세,경상
2023110200100254,2023년 11월 2일 12시,목요일,충청남도 논산시 광석면,경상사고,0,0,1,0,차대차 - 추돌,안전운전불이행,건조,맑음,단일로 - 기타,화물,남,38세,상해없음,화물,남,59세,경상
2023110200100255,2023년 11월 2일 12시,목요일,충청남도 천안시 동남구 병천면,중상사고,0,1,1,0,차대차 - 정면충돌,안전운전불이행,건조,맑음,교차로 - 교차로안,원동기,남,17세,기타불명,승용,남,60세,경상
2023110200100294,2023년 11월 2일 13시,목요일,충청남도 예산군 삽교읍,중상사고,0,1,0,0,차대차 - 추돌,안전운전불이행,건조,맑음,단일로 - 기타,화물,남,63세,상해없음,승용,기타불명,미분류,기타불명
2023110200100336,2023년 11월 2일 14시,목요일,충청남도 아산시 음봉면,경상사고,0,0,1,0,차대차 - 측면충돌,안전운전불이행,건조,맑음,단일로 - 기타,기타불명,기타불명,미분류,기타불명,승용,남,56세,경상
2023110200100337,2023년 11월 2일 14시,목요일,충청남도 당진시 송악읍,중상사고,0,1,0,0,차대사람 - 차도통행중,안전운전불이행,건조,맑음,단일로 - 기타,승용,남,30세,상해없음,보행자,여,60세,중상
2023110200100338,2023년 11월 2일 14시,목요일,충청남도 천안시 동남구 안서동,중상사고,0,2,1,0,차대차 - 측면충돌,안전거리미확보,건조,맑음,단일로 - 지하차도(도로)내,승용,여,27세,상해없음,승합,남,54세,경상
2023110200100378,2023년 11월 2일 15시,목요일,충청남도 당진시 읍내동,중상사고,0,1,0,0,차대사람 - 차도통행중,안전운전불이행,건조,맑음,단일로 - 기타,승용,남,76세,상해없음,보행자,여,75세,중상
2023110200100379,2023년 11월 2일 15시,목요일,충청남도 금산군 추부면,경상사고,0,0,1,0,차대차 - 추돌,안전운전불이행,건조,맑음,교차로 - 교차로부근,승용,여,59세,상해없음,승용,여,46세,경상
2023110200100417,2023년 11월 2일 16시,목요일,충청남도 서산시 동문동,중상사고,0,1,1,0,차대차 - 추돌,안전운전불이행,건조,맑음,단일로 - 기타,승용,남,33세,상해없음,승용,여,34세,중상
2023110200100419,2023년 11월 2일 16시,목요일,충청남도 보령시 웅천읍,중상사고,0,1,0,0,차대차 - 추돌,안전운전불이행,건조,맑음,단일로 - 기타,화물,남,41세,상해없음,이륜,남,64세,중상
2023110200100420,2023년 11월 2일 16시,목요일,충청남도 당진시 읍내동,경상사고,0,0,1,0,차대차 - 기타,교차로운행방법위반,건조,맑음,교차로 - 교차로안,승용,여,43세,상해없음,승용,여,22세,경상
2023110200100470,2023년 11월 2일 17시,목요일,충청남도 천안시 동남구 풍세면,경상사고,0,0,1,0,차대차 - 추돌,안전운전불이행,건조,맑음,기타 - 기타,승용,남,46세,상해없음,승용,남,45세,경상
2023110200100524,2023년 11월 2일 18시,목요일,충청남도 논산시 부창동,경상사고,0,0,2,0,차대차 - 추돌,안전운전불이행,건조,맑음,단일로 - 고가도로위,승용,여,42세,상해없음,승용,남,50세,경상
2023110200100525,2023년 11월 2일 18시,목요일,충청남도 서천군 판교면,중상사고,0,1,0,0,차대차 - 기타,안전운전불이행,건조,맑음,단일로 - 기타,승용,여,56세,기타불명,농기계,남,50세,중상
2023110200100526,2023년 11월 2일 18시,목요일,충청남도 청양군 청양읍,경상사고,0,0,2,0,차대차 - 측면충돌,신호위반,건조,맑음,교차로 - 교차로안,승용,여,56세,상해없음,승용,남,54세,경상
2023110200100527,2023년 11월 2일 18시,목요일,충청남도 태안군 태안읍,중상사고,0,1,0,0,차대차 - 추돌,중앙선침범,건조,맑음,교차로 - 교차로부근,화물,남,63세,기타불명,승용,여,44세,중상
2023110200100582,2023년 11월 2일 19시,목요일,충청남도 천안시 서북구 두정동,경상사고,0,0,1,0,차대사람 - 기타,안전운전불이행,건조,맑음,기타 - 기타,승용,남,22세,상해없음,보행자,여,80세,경상
2023110200100583,2023년 11월 2일 19시,목요일,충청남도 아산시 배방읍,사망사고,1,0,0,0,차량단독 - 전도전복 - 전도,안전운전불이행,건조,맑음,단일로 - 기타,이륜,남,43세,사망,,,,
2023110200100584,2023년 11월 2일 19시,목요일,충청남도 천안시 동남구 청당동,경상사고,0,0,1,0,차대사람 - 보도통행중,안전운전불이행,건조,맑음,미분류 - 미분류,개인형이동수단(PM),남,13세,상해없음,보행자,남,16세,경상
2023110200100585,2023년 11월 2일 19시,목요일,충청남도 천안시 동남구 청당동,경상사고,0,0,1,0,차대차 - 측면충돌,안전거리미확보,건조,맑음,교차로 - 교차로부근,화물,남,64세,상해없음,승용,여,22세,경상
2023110200100617,2023년 11월 2일 20시,목요일,충청남도 천안시 서북구 성정동,중상사고,0,2,0,0,차대차 - 측면충돌,신호위반,건조,맑음,교차로 - 교차로안,이륜,남,27세,중상,이륜,남,25세,중상
2023110200100618,2023년 11월 2일 20시,목요일,충청남도 아산시 인주면,중상사고,0,1,0,0,차대사람 - 길가장자리구역통행중,안전운전불이행,건조,맑음,단일로 - 기타,기타불명,기타불명,미분류,기타불명,보행자,남,88세,중상
2023110200100649,2023년 11월 2일 21시,목요일,충청남도 부여군 부여읍,중상사고,0,1,1,0,차대사람 - 기타,안전운전불이행,건조,맑음,교차로 - 교차로안,화물,남,69세,상해없음,보행자,남,65세,중상
2023110200100695,2023년 11월 2일 23시,목요일,충청남도 서산시 동문동,중상사고,0,1,0,0,차대차 - 기타,안전운전불이행,건조,맑음,단일로 - 기타,승용,여,52세,상해없음,자전거,남,30세,중상
2023110200100696,2023년 11월 2일 23시,목요일,충청남도 천안시 동남구 청당동,부상신고사고,0,0,0,1,차대사람 - 기타,안전운전불이행,건조,맑음,단일로 - 고가도로위,승용,남,54세,상해없음,보행자,남,20세,부상신고
2023110300100006,2023년 11월 3일 00시,금요일,충청남도 천안시 서북구 성정동,부상신고사고,0,0,0,1,차대차 - 기타,안전운전불이행,건조,맑음,기타 - 기타,승용,남,29세,기타불명,자전거,남,25세,부상신고
2023110300100060,2023년 11월 3일 06시,금요일,충청남도 천안시 동남구 성황동,경상사고,0,0,1,0,차대사람 - 횡단중,보행자보호의무위반,건조,맑음,교차로 - 교차로부근,승용,남,57세,기타불명,보행자,남,65세,경상
2023110300100109,2023년 11월 3일 08시,금요일,충청남도 천안시 서북구 직산읍,경상사고,0,0,1,0,차대차 - 측면충돌,교차로운행방법위반,건조,맑음,단일로 - 기타,화물,남,46세,상해없음,승용,남,25세,경상
2023110300100110,2023년 11월 3일 08시,금요일,충청남도 천안시 동남구 병천면,경상사고,0,0,1,0,차대차 - 측면충돌,교차로운행방법위반,건조,맑음,교차로 - 교차로안,승용,여,47세,상해없음,화물,여,59세,경상
2023110300100111,2023년 11월 3일 08시,금요일,충청남도 천안시 동남구 신방동,경상사고,0,0,1,0,차대사람 - 횡단중,보행자보호의무위반,건조,맑음,교차로 - 교차로횡단보도내,승용,여,50세,상해없음,보행자,여,13세,경상
2023110300100158,2023년 11월 3일 09시,금요일,충청남도 아산시 권곡동,경상사고,0,0,1,0,차대차 - 측면충돌,신호위반,건조,맑음,교차로 - 교차로안,이륜,남,76세,경상,승용,여,51세,상해없음
2023110300100159,2023년 11월 3일 09시,금요일,충청남도 아산시 온천동,중상사고,0,1,0,0,차대사람 - 횡단중,신호위반,건조,맑음,교차로 - 교차로안,자전거,남,34세,상해없음,보행자,여,69세,중상
2023110300100160,2023년 11월 3일 09시,금요일,충청남도 예산군 예산읍,중상사고,0,1,1,0,차대차 - 정면충돌,신호위반,건조,맑음,교차로 - 교차로안,승용,남,61세,경상,승용,여,59세,중상
2023110300100189,2023년 11월 3일 10시,금요일,충청남도 천안시 서북구 두정동,경상사고,0,0,1,0,차대사람 - 횡단중,신호위반,건조,맑음,교차로 - 교차로횡단보도내,이륜,남,42세,상해없음,보행자,여,27세,경상
2023110300100190,2023년 11월 3일 10시,금요일,충청남도 부여군 구룡면,중상사고,0,1,0,0,차대사람 - 기타,안전운전불이행,건조,맑음,단일로 - 기타,승합,남,51세,상해없음,보행자,여,64세,중상
2023110300100247,2023년 11월 3일 12시,금요일,충청남도 천안시 서북구 입장면,경상사고,0,0,3,0,차대차 - 측면충돌,중앙선침범,건조,맑음,단일로 - 기타,승용,남,50세,상해없음,화물,남,62세,경상
2023110300100249,2023년 11월 3일 12시,금요일,충청남도 공주시 중동,중상사고,0,1,0,0,차대차 - 추돌,안전운전불이행,건조,맑음,단일로 - 기타,이륜,남,35세,상해없음,이륜,남,66세,중상
2023110300100250,2023년 11월 3일 12시,금요일,충청남도 천안시 동남구 성남면,부상신고사고,0,0,0,1,차대차 - 기타,안전운전불이행,건조,맑음,교차로 - 교차로안,농기계,남,59세,부상신고,화물,남,67세,상해없음
2023110300100251,2023년 11월 3일 12시,금요일,충청남도 태안군 남면,경상사고,0,0,2,0,차대차 - 추돌,안전운전불이행,건조,맑음,교차로 - 교차로안,승용,여,61세,경상,승용,남,73세,경상
2023110300100317,2023년 11월 3일 14시,금요일,충청남도 천안시 서북구 쌍용동,부상신고사고,0,0,0,1,차량단독 - 기타,안전운전불이행,건조,맑음,단일로 - 기타,승합,남,50세,상해없음,,,,
2023110300100318,2023년 11월 3일 14시,금요일,충청남도 천안시 서북구 성거읍,경상사고,0,0,1,0,차대차 - 기타,안전운전불이행,건조,맑음,기타 - 기타,화물,남,61세,상해없음,승용,남,54세,경상
2023110300100319,2023년 11월 3일 14시,금요일,충청남도 천안시 동남구 원성동,경상사고,0,0,1,0,차대차 - 측면충돌,안전운전불이행,건조,맑음,교차로 - 교차로안,화물,남,55세,상해없음,승용,여,26세,경상
2023110300100354,2023년 11월 3일 15시,금요일,충청남도 서산시 해미면,경상사고,0,0,1,0,차대차 - 추돌,안전거리미확보,건조,맑음,단일로 - 기타,승용,남,72세,상해없음,승용,여,55세,상해없음
2023110300100355,2023년 11월 3일 15시,금요일,충청남도 서산시 수석동,중상사고,0,1,0,0,차대차 - 측면충돌,안전운전불이행,건조,맑음,교차로 - 교차로안,승용,남,40세,상해없음,화물,남,65세,중상
2023110300100356,2023년 11월 3일 15시,금요일,충청남도 천안시 서북구 두정동,경상사고,0,0,1,0,차대차 - 기타,안전운전불이행,건조,맑음,단일로 - 기타,기타불명,기타불명,미분류,기타불명,승용,여,34세,경상
2023110300100357,2023년 11월 3일 15시,금요일,충청남도 천안시 서북구 불당동,중상사고,0,1,0,0,차대사람 - 보도통행중,기타,건조,맑음,단일로 - 기타,개인형이동수단(PM),여,21세,상해없음,보행자,여,35세,중상
2023110300100358,2023년 11월 3일 15시,금요일,충청남도 서천군 한산면,경상사고,0,0,1,0,차량단독 - 기타,안전운전불이행,건조,맑음,교차로 - 교차로부근,승용,여,62세,경상,,,,
2023110300100359,2023년 11월 3일 15시,금요일,충청남도 천안시 동남구 신방동,중상사고,0,1,1,0,차대차 - 측면충돌,신호위반,건조,맑음,교차로 - 교차로안,승용,남,29세,상해없음,이륜,남,36세,중상
2023110300100403,2023년 11월 3일 16시,금요일,충청남도 아산시 온천동,경상사고,0,0,1,0,차대차 - 측면충돌,안전운전불이행,건조,맑음,교차로 - 교차로부근,승용,여,81세,상해없음,자전거,남,73세,경상
2023110300100404,2023년 11월 3일 16시,금요일,충청남도 청양군 대치면,중상사고,0,1,2,0,차대차 - 추돌,안전운전불이행,건조,맑음,교차로 - 교차로부근,승용,남,30세,중상,승용,남,57세,경상
2023110300100454,2023년 11월 3일 17시,금요일,충청남도 아산시 인주면,경상사고,0,0,1,0,차대차 - 기타,안전운전불이행,건조,맑음,단일로 - 기타,화물,남,58세,상해없음,승용,남,51세,기타불명
2023110300100455,2023년 11월 3일 17시,금요일,충청남도 아산시 배방읍,경상사고,0,0,1,1,차대차 - 측면충돌,안전운전불이행,건조,맑음,단일로 - 기타,승용,남,55세,부상신고,승용,남,67세,경상
2023110300100514,2023년 11월 3일 18시,금요일,충청남도 서산시 잠홍동,중상사고,0,1,0,0,차대사람 - 보도통행중,보행자보호의무위반,건조,맑음,교차로 - 교차로횡단보도내,승합,남,69세,상해없음,보행자,남,63세,중상
2023110300100515,2023년 11월 3일 18시,금요일,충청남도 천안시 서북구 백석동,경상사고,0,0,1,1,차대차 - 정면충돌,안전운전불이행,건조,맑음,교차로 - 교차로안,승용,남,24세,상해없음,승용,남,64세,경상
2023110300100516,2023년 11월 3일 18시,금요일,충청남도 천안시 서북구 불당동,중상사고,0,2,0,0,차대차 - 측면충돌,안전운전불이행,건조,맑음,단일로 - 기타,승용,여,45세,상해없음,승용,남,59세,중상
2023110300100571,2023년 11월 3일 19시,금요일,충청남도 아산시 배방읍,중상사고,0,1,1,0,차대차 - 측면충돌,신호위반,건조,맑음,교차로 - 교차로안,승용,여,50세,경상,승용,남,43세,중상