사고번호,사고일시,요일,시군구,사고내용,사망자수,중상자수,경상자수,부상신고자수,사고유형,법규위반,노면상태,기상상태,도로형태,가해운전자 차종,가해운전자 성별,가해운전자 연령,가해운전자 상해정도,피해운전자 차종,피해운전자 성별,피해운전자 연령,피해운전자 상해정도
2023110300100572,2023년 11월 3일 19시,금요일,충청남도 천안시 동남구 청당동,부상신고사고,0,0,0,1,차량단독 - 기타,안전운전불이행,건조,맑음,기타 - 기타,이륜,남,41세,부상신고,,,,
2023110300100609,2023년 11월 3일 20시,금요일,충청남도 천안시 서북구 백석동,경상사고,0,0,1,0,차대차 - 기타,안전운전불이행,건조,맑음,단일로 - 기타,승용,남,45세,상해없음,이륜,남,30세,경상
2023110300100610,2023년 11월 3일 20시,금요일,충청남도 아산시 온천동,경상사고,0,0,1,0,차대차 - 기타,안전운전불이행,건조,맑음,교차로 - 교차로안,승용,남,56세,상해없음,원동기,남,48세,경상
2023110300100611,2023년 11월 3일 20시,금요일,충청남도 천안시 동남구 신부동,경상사고,0,0,2,0,차대차 - 측면충돌,안전운전불이행,건조,맑음,단일로 - 기타,승용,남,66세,상해없음,승용,남,27세,경상
2023110300100657,2023년 11월 3일 22시,금요일,충청남도 아산시 탕정면,경상사고,0,0,1,0,차대사람 - 기타,기타,건조,맑음,단일로 - 기타,개인형이동수단(PM),남,21세,상해없음,보행자,여,33세,경상
2023110300100670,2023년 11월 3일 23시,금요일,충청남도 보령시 대천동,경상사고,0,0,3,0,차대차 - 후진중충돌,안전운전불이행,건조,맑음,교차로 - 교차로부근,승용,여,33세,상해없음,승용,남,28세,상해없음
2023110400100040,2023년 11월 4일 04시,토요일,충청남도 공주시 우성면,사망사고,1,0,0,0,차량단독 - 공작물충돌,안전운전불이행,건조,흐림,단일로 - 기타,승용,남,52세,사망,,,,
2023110400100041,2023년 11월 4일 04시,토요일,충청남도 천안시 서북구 입장면,경상사고,0,0,2,0,차대차 - 추돌,안전운전불이행,건조,맑음,단일로 - 기타,승용,남,39세,상해없음,승용,여,38세,경상
2023110400100071,2023년 11월 4일 07시,토요일,충청남도 서산시 부석면,부상신고사고,0,0,0,1,차대차 - 측면충돌,안전운전불이행,건조,맑음,단일로 - 기타,화물,남,43세,상해없음,화물,남,61세,상해없음
2023110400100081,2023년 11월 4일 08시,토요일,충청남도 천안시 서북구 성거읍,경상사고,0,0,2,0,차대차 - 정면충돌,안전운전불이행,건조,맑음,단일로 - 기타,화물,남,30세,상해없음,승용,남,65세,경상
2023110400100103,2023년 11월 4일 09시,토요일,충청남도 아산시 배방읍,경상사고,0,0,1,0,차대차 - 기타,차로위반,건조,맑음,교차로 - 교차로안,승용,남,42세,상해없음,승합,남,51세,상해없음
2023110400100131,2023년 11월 4일 10시,토요일,충청남도 천안시 동남구 목천읍,경상사고,0,0,1,0,차대차 - 기타,안전운전불이행,건조,맑음,기타 - 기타,승용,남,21세,상해없음,승용,남,58세,기타불명
2023110400100247,2023년 11월 4일 13시,토요일,충청남도 공주시 계룡면,중상사고,0,1,0,0,차량단독 - 공작물충돌,안전운전불이행,건조,맑음,단일로 - 기타,승용,남,68세,상해없음,,,,
2023110400100286,2023년 11월 4일 14시,토요일,충청남도 천안시 서북구 성거읍,중상사고,0,1,0,0,차대차 - 측면충돌,안전운전불이행,건조,맑음,교차로 - 교차로부근,화물,남,53세,상해없음,개인형이동수단(PM),여,35세,중상
2023110400100287,2023년 11월 4일 14시,토요일,충청남도 공주시 계룡면,사망사고,1,0,2,0,차대차 - 추돌,안전운전불이행,건조,흐림,단일로 - 기타,승용,여,56세,상해없음,화물,남,67세,사망
2023110400100288,2023년 11월 4일 14시,토요일,충청남도 예산군 예산읍,중상사고,0,1,1,0,차대차 - 추돌,안전운전불이행,건조,맑음,단일로 - 기타,승용,남,84세,상해없음,화물,남,71세,경상
2023110400100289,2023년 11월 4일 14시,토요일,충청남도 부여군 부여읍,중상사고,0,1,0,0,차대차 - 측면충돌,교차로운행방법위반,건조,맑음,교차로 - 교차로안,승용,남,59세,상해없음,이륜,남,22세,중상
2023110400100325,2023년 11월 4일 15시,토요일,충청남도 부여군 규암면,중상사고,0,2,0,0,차대차 - 추돌,안전운전불이행,건조,맑음,교차로 - 교차로부근,화물,남,72세,상해없음,승용,남,85세,중상
2023110400100353,2023년 11월 4일 16시,토요일,충청남도 천안시 서북구 쌍용동,경상사고,0,0,1,0,차대차 - 추돌,안전거리미확보,건조,맑음,단일로 - 기타,화물,남,38세,상해없음,이륜,남,36세,경상
2023110400100354,2023년 11월 4일 16시,토요일,충청남도 보령시 청라면,중상사고,0,1,0,0,차량단독 - 공작물충돌,안전운전불이행,건조,맑음,단일로 - 기타,화물,남,69세,상해없음,,,,
2023110400100355,2023년 11월 4일 16시,토요일,충청남도 청양군 청양읍,중상사고,0,2,0,0,차대차 - 측면충돌,안전운전불이행,젖음/습기,비,교차로 - 교차로안,승용,남,60세,상해없음,승용,남,66세,중상
2023110400100397,2023년 11월 4일 17시,토요일,충청남도 서산시 읍내동,중상사고,0,1,0,0,차대사람 - 횡단중,보행자보호의무위반,건조,흐림,교차로 - 교차로횡단보도내,승용,여,73세,상해없음,보행자,여,80세,중상
2023110400100398,2023년 11월 4일 17시,토요일,충청남도 천안시 동남구 원성동,경상사고,0,0,2,1,차대차 - 측면충돌,안전운전불이행,건조,맑음,교차로 - 교차로안,승용,여,48세,부상신고,승용,여,55세,경상
2023110400100436,2023년 11월 4일 18시,토요일,충청남도 공주시 월송동,경상사고,0,0,3,0,차대차 - 측면충돌,교차로운행방법위반,젖음/습기,흐림,교차로 - 교차로횡단보도내,승용,여,69세,상해없음,승용,여,27세,경상
2023110400100437,2023년 11월 4일 18시,토요일,충청남도 태안군 남면,중상사고,0,1,0,0,차대사람 - 횡단중,교차로운행방법위반,건조,흐림,단일로 - 기타,승용,남,40세,상해없음,보행자,남,61세,중상
2023110400100491,2023년 11월 4일 19시,토요일,충청남도 서산시 성연면,중상사고,0,1,0,0,차대차 - 추돌,안전운전불이행,건조,맑음,단일로 - 기타,승용,남,31세,상해없음,농기계,남,37세,중상
2023110400100492,2023년 11월 4일 19시,토요일,충청남도 홍성군 구항면,중상사고,0,1,0,0,차대차 - 추돌,안전운전불이행,젖음/습기,흐림,단일로 - 기타,승용,남,61세,중상,농기계,남,54세,상해없음
2023110400100515,2023년 11월 4일 20시,토요일,충청남도 논산시 부창동,중상사고,0,1,0,1,차대차 - 측면충돌,신호위반,건조,맑음,교차로 - 교차로안,승용,남,67세,상해없음,승용,남,28세,중상
2023110400100539,2023년 11월 4일 21시,토요일,충청남도 천안시 서북구 백석동,경상사고,0,0,2,0,차대차 - 기타,안전운전불이행,건조,맑음,교차로 - 교차로안,승용,남,49세,상해없음,승용,남,29세,경상
2023110400100540,2023년 11월 4일 21시,토요일,충청남도 아산시 온천동,경상사고,0,0,1,0,차대차 - 기타,신호위반,건조,맑음,교차로 - 교차로안,승용,여,58세,상해없음,승용,남,24세,경상
2023110400100541,2023년 11월 4일 21시,토요일,충청남도 아산시 배방읍,경상사고,0,0,1,0,차량단독 - 공작물충돌,안전운전불이행,건조,맑음,기타 - 기타,승용,남,34세,상해없음,,,,
2023110400100566,2023년 11월 4일 23시,토요일,충청남도 당진시 대덕동,경상사고,0,0,1,0,차대차 - 정면충돌,안전운전불이행,건조,맑음,단일로 - 기타,승용,여,51세,상해없음,승용,여,58세,상해없음
2023110400100567,2023년 11월 4일 23시,토요일,충청남도 천안시 동남구 신부동,경상사고,0,0,1,0,차대사람 - 차도통행중,안전운전불이행,건조,맑음,단일로 - 기타,승용,남,25세,상해없음,보행자,남,30세,경상
2023110500100028,2023년 11월 5일 01시,일요일,충청남도 천안시 서북구 쌍용동,경상사고,0,0,2,1,차대차 - 추돌,안전운전불이행,건조,맑음,교차로 - 교차로부근,원동기,남,32세,부상신고,승용,남,38세,경상
2023110500100037,2023년 11월 5일 02시,일요일,충청남도 서산시 예천동,경상사고,0,0,2,0,차대차 - 측면충돌,신호위반,건조,흐림,교차로 - 교차로안,승용,남,21세,상해없음,승용,남,23세,경상
2023110500100070,2023년 11월 5일 07시,일요일,충청남도 천안시 동남구 안서동,경상사고,0,0,1,0,차대사람 - 횡단중,신호위반,건조,맑음,교차로 - 교차로안,승용,남,31세,상해없음,보행자,여,25세,경상
2023110500100108,2023년 11월 5일 10시,일요일,충청남도 천안시 동남구 안서동,경상사고,0,0,1,0,차대사람 - 기타,안전운전불이행,건조,맑음,교차로 - 교차로부근,승용,여,25세,상해없음,보행자,남,52세,경상
2023110500100211,2023년 11월 5일 14시,일요일,충청남도 보령시 신흑동,경상사고,0,0,2,0,차대차 - 측면충돌,중앙선침범,건조,맑음,교차로 - 교차로부근,사륜오토바이(ATV),남,65세,상해없음,승용,남,34세,경상
2023110500100212,2023년 11월 5일 14시,일요일,충청남도 공주시 반포면,사망사고,1,0,0,0,차량단독 - 공작물충돌,안전운전불이행,건조,흐림,교차로 - 교차로부근,이륜,남,48세,사망,,,,
2023110500100242,2023년 11월 5일 15시,일요일,충청남도 부여군 홍산면,경상사고,0,0,1,0,차대차 - 기타,안전운전불이행,건조,맑음,단일로 - 기타,승용,남,61세,상해없음,화물,남,76세,상해없음
2023110500100261,2023년 11월 5일 16시,일요일,충청남도 태안군 태안읍,경상사고,0,0,1,0,차대사람 - 기타,안전운전불이행,건조,맑음,단일로 - 기타,승용,여,34세,상해없음,보행자,여,52세,경상
2023110500100290,2023년 11월 5일 17시,일요일,충청남도 홍성군 홍성읍,경상사고,0,0,1,0,차대차 - 측면충돌,안전운전불이행,건조,맑음,교차로 - 교차로안,승용,남,66세,상해없음,승용,남,32세,경상
2023110500100291,2023년 11월 5일 17시,일요일,충청남도 예산군 고덕면,중상사고,0,1,0,0,차대사람 - 길가장자리구역통행중,안전운전불이행,건조,맑음,주차장 - 주차장,화물,여,24세,상해없음,보행자,여,76세,중상
2023110500100292,2023년 11월 5일 17시,일요일,충청남도 천안시 동남구 신방동,중상사고,0,1,0,0,차대사람 - 기타,안전운전불이행,건조,맑음,단일로 - 기타,승용,남,40세,상해없음,보행자,남,73세,중상
2023110500100327,2023년 11월 5일 18시,일요일,충청남도 천안시 서북구 성환읍,중상사고,0,1,0,0,차대사람 - 횡단중,안전운전불이행,젖음/습기,비,교차로 - 교차로부근,승용,여,60세,상해없음,보행자,남,63세,중상
2023110500100328,2023년 11월 5일 18시,일요일,충청남도 공주시 신관동,경상사고,0,0,2,0,차대차 - 측면충돌,교차로운행방법위반,젖음/습기,비,교차로 - 교차로안,승용,남,67세,상해없음,승용,남,60세,경상
2023110500100329,2023년 11월 5일 18시,일요일,충청남도 부여군 세도면,사망사고,1,0,0,0,차대사람 - 기타,안전운전불이행,젖음/습기,비,단일로 - 기타,화물,남,54세,상해없음,보행자,남,82세,사망
2023110500100367,2023년 11월 5일 19시,일요일,충청남도 천안시 서북구 불당동,경상사고,0,0,1,0,차대차 - 측면충돌,교차로운행방법위반,건조,맑음,교차로 - 교차로안,승용,남,33세,상해없음,승용,여,42세,경상
2023110500100396,2023년 11월 5일 20시,일요일,충청남도 홍성군 홍성읍,경상사고,0,0,1,0,차대사람 - 횡단중,안전운전불이행,젖음/습기,비,교차로 - 교차로안,승용,남,51세,상해없음,보행자,남,65세,경상
2023110500100397,2023년 11월 5일 20시,일요일,충청남도 아산시 신창면,경상사고,0,0,1,0,차대차 - 측면충돌,신호위반,젖음/습기,비,교차로 - 교차로안,승용,남,56세,상해없음,승용,남,53세,경상
2023110500100398,2023년 11월 5일 20시,일요일,충청남도 천안시 동남구 대흥동,경상사고,0,0,1,0,차대차 - 후진중충돌,안전운전불이행,젖음/습기,비,단일로 - 기타,승용,남,34세,상해없음,승용,남,32세,경상
2023110500100399,2023년 11월 5일 20시,일요일,충청남도 천안시 동남구 삼룡동,경상사고,0,0,1,0,차대차 - 기타,안전운전불이행,젖음/습기,비,단일로 - 기타,승용,남,54세,상해없음,승용,남,30세,경상
2023110500100415,2023년 11월 5일 21시,일요일,충청남도 천안시 서북구 쌍용동,부상신고사고,0,0,0,1,차대차 - 후진중충돌,안전운전불이행,건조,맑음,단일로 - 기타,승용,여,44세,상해없음,이륜,여,48세,기타불명
2023110500100452,2023년 11월 5일 23시,일요일,충청남도 천안시 서북구 두정동,경상사고,0,0,1,0,차대차 - 기타,안전운전불이행,건조,맑음,단일로 - 기타,승용,남,40세,상해없음,승용,여,37세,경상
2023110600100040,2023년 11월 6일 05시,월요일,충청남도 천안시 서북구 불당동,경상사고,0,0,2,0,차대차 - 측면충돌,안전운전불이행,건조,맑음,단일로 - 기타,승용,남,51세,상해없음,승용,여,54세,경상
2023110600100091,2023년 11월 6일 07시,월요일,충청남도 천안시 서북구 직산읍,중상사고,0,1,1,0,차대차 - 측면충돌,직진우회전진행방해,젖음/습기,비,교차로 - 교차로안,승용,여,39세,중상,승용,여,41세,경상
2023110600100092,2023년 11월 6일 07시,월요일,충청남도 천안시 서북구 업성동,경상사고,0,0,1,0,차대차 - 측면충돌,안전운전불이행,건조,맑음,단일로 - 기타,승용,여,45세,상해없음,승용,여,51세,경상
2023110600100093,2023년 11월 6일 07시,월요일,충청남도 예산군 예산읍,부상신고사고,0,0,0,1,차대차 - 추돌,안전운전불이행,젖음/습기,비,단일로 - 기타,승용,여,56세,부상신고,승용,남,58세,상해없음
2023110600100137,2023년 11월 6일 08시,월요일,충청남도 천안시 서북구 백석동,중상사고,0,1,0,0,차대사람 - 횡단중,보행자보호의무위반,젖음/습기,비,단일로 - 기타,승용,남,32세,상해없음,보행자,남,24세,중상
2023110600100138,2023년 11월 6일 08시,월요일,충청남도 천안시 서북구 성정동,경상사고,0,0,2,0,차대사람 - 횡단중,안전운전불이행,건조,맑음,교차로 - 교차로안,승합,남,42세,기타불명,보행자,여,18세,경상
2023110600100139,2023년 11월 6일 08시,월요일,충청남도 당진시 채운동,경상사고,0,0,1,0,차대차 - 측면충돌,교차로운행방법위반,젖음/습기,비,교차로 - 교차로안,승용,남,23세,상해없음,승용,여,59세,경상
2023110600100180,2023년 11월 6일 09시,월요일,충청남도 공주시 산성동,중상사고,0,1,0,0,차대차 - 측면충돌,안전운전불이행,젖음/습기,흐림,단일로 - 기타,이륜,남,43세,상해없음,자전거,여,65세,중상
2023110600100181,2023년 11월 6일 09시,월요일,충청남도 천안시 동남구 청당동,중상사고,0,1,0,0,차대사람 - 기타,안전운전불이행,건조,맑음,기타 - 기타,개인형이동수단(PM),여,16세,중상,보행자,남,87세,기타불명
2023110600100182,2023년 11월 6일 09시,월요일,충청남도 태안군 근흥면,중상사고,0,1,0,0,차대사람 - 기타,기타,건조,맑음,단일로 - 기타,화물,남,47세,상해없음,보행자,여,80세,중상
2023110600100217,2023년 11월 6일 10시,월요일,충청남도 천안시 동남구 봉명동,경상사고,0,0,1,0,차대차 - 측면충돌,안전운전불이행,건조,맑음,교차로 - 교차로안,승용,남,69세,상해없음,승용,남,59세,경상
2023110600100242,2023년 11월 6일 11시,월요일,충청남도 아산시 송악면,경상사고,0,0,1,0,차대차 - 후진중충돌,안전운전불이행,건조,맑음,주차장 - 주차장,승용,여,43세,상해없음,화물,남,46세,경상
2023110600100294,2023년 11월 6일 13시,월요일,충청남도 서천군 서천읍,경상사고,0,0,1,0,차대사람 - 차도통행중,안전운전불이행,건조,맑음,교차로 - 교차로부근,화물,남,70세,상해없음,보행자,여,58세,경상
2023110600100295,2023년 11월 6일 13시,월요일,충청남도 보령시 남포면,경상사고,0,0,1,0,차대차 - 기타,중앙선침범,건조,맑음,단일로 - 기타,화물,남,39세,기타불명,승용,남,67세,경상
2023110600100320,2023년 11월 6일 14시,월요일,충청남도 아산시 권곡동,경상사고,0,0,1,0,차대차 - 기타,안전운전불이행,건조,맑음,교차로 - 교차로안,승용,남,81세,상해없음,승합,남,56세,경상
2023110600100321,2023년 11월 6일 14시,월요일,충청남도 천안시 동남구 목천읍,중상사고,0,1,0,0,차대차 - 측면충돌,신호위반,젖음/습기,맑음,교차로 - 교차로안,건설기계,남,71세,상해없음,화물,남,41세,상해없음
2023110600100392,2023년 11월 6일 16시,월요일,충청남도 청양군 운곡면,중상사고,0,2,0,0,차대차 - 측면충돌,직진우회전진행방해,건조,맑음,교차로 - 교차로안,승용,여,33세,중상,화물,남,72세,중상
2023110600100434,2023년 11월 6일 17시,월요일,충청남도 보령시 명천동,경상사고,0,0,1,0,차대사람 - 기타,안전운전불이행,건조,맑음,단일로 - 기타,승용,여,49세,상해없음,보행자,여,80세,경상
2023110600100435,2023년 11월 6일 17시,월요일,충청남도 금산군 복수면,중상사고,0,1,0,0,차대차 - 측면충돌,안전운전불이행,건조,맑음,교차로 - 교차로안,자전거,남,81세,중상,승용,남,62세,상해없음
2023110600100494,2023년 11월 6일 18시,월요일,충청남도 서천군 장항읍,경상사고,0,0,1,0,차대사람 - 기타,안전운전불이행,건조,맑음,교차로 - 교차로안,승용,남,46세,상해없음,보행자,여,77세,경상
2023110600100495,2023년 11월 6일 18시,월요일,충청남도 천안시 동남구 목천읍,부상신고사고,0,0,0,1,차대차 - 기타,안전운전불이행,젖음/습기,비,단일로 - 기타,기타불명,기타불명,미분류,기타불명,승용,여,28세,부상신고
2023110600100550,2023년 11월 6일 19시,월요일,충청남도 서산시 성연면,경상사고,0,0,6,0,차대차 - 추돌,안전운전불이행,젖음/습기,비,단일로 - 기타,승용,남,58세,상해없음,승용,여,31세,경상
2023110600100551,2023년 11월 6일 19시,월요일,충청남도 당진시 송악읍,경상사고,0,0,1,0,차대차 - 추돌,안전운전불이행,젖음/습기,비,교차로 - 교차로부근,화물,남,71세,상해없음,승용,남,43세,경상
2023110600100552,2023년 11월 6일 19시,월요일,충청남도 천안시 동남구 원성동,중상사고,0,1,0,0,차대차 - 정면충돌,안전운전불이행,건조,맑음,단일로 - 지하차도(도로)내,승용,여,48세,상해없음,이륜,남,53세,중상
2023110600100584,2023년 11월 6일 20시,월요일,충청남도 논산시 내동,중상사고,0,1,0,0,차대차 - 추돌,안전운전불이행,건조,맑음,단일로 - 기타,승용,여,47세,상해없음,승용,여,58세,중상
2023110600100615,2023년 11월 6일 21시,월요일,충청남도 천안시 서북구 두정동,부상신고사고,0,0,0,1,차대차 - 기타,직진우회전진행방해,건조,맑음,교차로 - 교차로안,승용,여,64세,기타불명,이륜,남,17세,부상신고
2023110600100616,2023년 11월 6일 21시,월요일,충청남도 논산시 취암동,중상사고,0,1,0,0,차대사람 - 횡단중,보행자보호의무위반,건조,맑음,단일로 - 기타,승용,여,54세,상해없음,보행자,여,61세,중상
2023110600100617,2023년 11월 6일 21시,월요일,충청남도 홍성군 홍성읍,경상사고,0,0,1,0,차대사람 - 길가장자리구역통행중,안전운전불이행,건조,맑음,기타 - 기타,이륜,남,31세,상해없음,보행자,남,19세,경상
2023110600100618,2023년 11월 6일 21시,월요일,충청남도 아산시 둔포면,경상사고,0,0,1,0,차대차 - 측면충돌,안전운전불이행,젖음/습기,비,기타 - 기타,승용,남,36세,상해없음,승용,남,74세,경상
2023110600100619,2023년 11월 6일 21시,월요일,충청남도 아산시 영인면,사망사고,1,0,0,0,차대사람 - 기타,안전운전불이행,건조,흐림,단일로 - 기타,승용,남,63세,상해없음,보행자,남,59세,사망
2023110600100620,2023년 11월 6일 21시,월요일,충청남도 당진시 신평면,경상사고,0,0,1,0,차대차 - 정면충돌,안전운전불이행,젖음/습기,비,단일로 - 기타,화물,남,62세,상해없음,화물,남,46세,경상
2023110700100067,2023년 11월 7일 07시,화요일,충청남도 천안시 서북구 두정동,경상사고,0,0,1,0,차대사람 - 횡단중,안전운전불이행,건조,맑음,교차로 - 교차로안,승용,여,45세,상해없음,보행자,여,84세,경상
2023110700100109,2023년 11월 7일 08시,화요일,충청남도 천안시 서북구 백석동,경상사고,0,0,1,0,차대차 - 측면충돌,안전운전불이행,건조,맑음,단일로 - 기타,승용,여,46세,상해없음,자전거,남,30세,경상
2023110700100110,2023년 11월 7일 08시,화요일,충청남도 천안시 서북구 성정동,경상사고,0,0,1,0,차대차 - 측면충돌,안전거리미확보,건조,맑음,기타 - 기타,승용,여,20세,상해없음,승용,남,28세,경상
2023110700100111,2023년 11월 7일 08시,화요일,충청남도 아산시 음봉면,경상사고,0,0,1,0,차대차 - 추돌,신호위반,건조,맑음,교차로 - 교차로안,화물,남,63세,상해없음,이륜,남,24세,경상
2023110700100112,2023년 11월 7일 08시,화요일,충청남도 아산시 음봉면,사망사고,1,0,1,0,차대차 - 측면충돌,안전운전불이행,건조,맑음,단일로 - 기타,원동기,남,85세,사망,승용,남,42세,경상
2023110700100113,2023년 11월 7일 08시,화요일,충청남도 아산시 풍기동,경상사고,0,0,1,0,차대차 - 측면충돌,차로위반,건조,맑음,단일로 - 기타,승용,여,36세,상해없음,승용,여,39세,경상
2023110700100114,2023년 11월 7일 08시,화요일,충청남도 아산시 음봉면,경상사고,0,0,1,0,차대차 - 추돌,안전운전불이행,건조,맑음,단일로 - 기타,화물,남,35세,상해없음,승용,남,36세,경상
2023110700100153,2023년 11월 7일 09시,화요일,충청남도 천안시 서북구 백석동,중상사고,0,1,0,0,차대사람 - 횡단중,보행자보호의무위반,건조,맑음,교차로 - 교차로횡단보도내,화물,남,29세,상해없음,보행자,남,88세,중상
2023110700100154,2023년 11월 7일 09시,화요일,충청남도 천안시 동남구 안서동,경상사고,0,0,1,0,차대사람 - 기타,안전운전불이행,건조,맑음,단일로 - 기타,승용,남,25세,상해없음,보행자,여,20세,경상
2023110700100194,2023년 11월 7일 10시,화요일,충청남도 예산군 오가면,경상사고,0,0,4,0,차대차 - 추돌,안전운전불이행,건조,맑음,단일로 - 기타,승용,여,32세,상해없음,승용,남,27세,경상
2023110700100195,2023년 11월 7일 10시,화요일,충청남도 천안시 동남구 안서동,경상사고,0,0,1,0,차대차 - 기타,안전거리미확보,건조,맑음,단일로 - 기타,승합,남,58세,상해없음,화물,남,61세,상해없음
2023110700100238,2023년 11월 7일 11시,화요일,충청남도 서산시 운산면,경상사고,0,0,2,0,차대차 - 기타,중앙선침범,건조,맑음,단일로 - 기타,건설기계,남,65세,상해없음,승용,여,55세,경상
2023110700100239,2023년 11월 7일 11시,화요일,충청남도 천안시 서북구 쌍용동,경상사고,0,0,1,0,차대차 - 후진중충돌,안전운전불이행,건조,맑음,단일로 - 기타,승용,남,59세,상해없음,이륜,남,34세,경상
2023110700100240,2023년 11월 7일 11시,화요일,충청남도 천안시 서북구 성정동,경상사고,0,0,1,1,차대차 - 추돌,안전운전불이행,건조,맑음,교차로 - 교차로부근,이륜,남,39세,부상신고,승용,여,32세,경상
2023110700100241,2023년 11월 7일 11시,화요일,충청남도 예산군 예산읍,경상사고,0,0,1,0,차대차 - 기타,기타,건조,맑음,교차로 - 교차로부근,승용,여,54세,상해없음,승용,남,30세,경상
2023110700100277,2023년 11월 7일 12시,화요일,충청남도 부여군 석성면,경상사고,0,0,1,0,차대차 - 측면충돌,직진우회전진행방해,건조,맑음,교차로 - 교차로안,화물,남,62세,상해없음,화물,남,26세,기타불명
2023110700100313,2023년 11월 7일 13시,화요일,충청남도 천안시 서북구 부대동,경상사고,0,0,2,0,차대차 - 추돌,안전운전불이행,건조,맑음,교차로 - 교차로부근,이륜,남,38세,상해없음,승용,여,32세,경상
2023110700100314,2023년 11월 7일 13시,화요일,충청남도 아산시 권곡동,중상사고,0,1,0,0,차대사람 - 기타,안전운전불이행,건조,맑음,주차장 - 주차장,승용,여,51세,상해없음,보행자,남,4세,중상
2023110700100357,2023년 11월 7일 14시,화요일,충청남도 보령시 신흑동,중상사고,0,2,2,0,차대차 - 측면충돌,신호위반,건조,맑음,교차로 - 교차로안,승용,여,59세,경상,승용,남,43세,중상
2023110700100391,2023년 11월 7일 15시,화요일,충청남도 서산시 지곡면,중상사고,0,1,0,0,차대차 - 기타,신호위반,건조,맑음,교차로 - 교차로안,승용,남,57세,상해없음,화물,남,54세,중상
2023110700100392,2023년 11월 7일 15시,화요일,충청남도 천안시 동남구 신부동,경상사고,0,0,6,0,차대차 - 측면충돌,안전운전불이행,건조,맑음,단일로 - 기타,승용,남,70세,상해없음,승합,남,55세,경상
2023110700100393,2023년 11월 7일 15시,화요일,충청남도 천안시 서북구 성거읍,경상사고,0,0,2,0,차대차 - 기타,안전거리미확보,건조,맑음,단일로 - 기타,승용,남,24세,상해없음,승용,남,64세,경상
2023110700100433,2023년 11월 7일 16시,화요일,충청남도 아산시 배방읍,중상사고,0,1,0,0,차대차 - 측면충돌,차로위반,건조,맑음,단일로 - 기타,이륜,남,79세,중상,승합,남,63세,상해없음
2023110700100434,2023년 11월 7일 16시,화요일,충청남도 아산시 온천동,경상사고,0,0,1,0,차대차 - 추돌,안전운전불이행,건조,맑음,교차로 - 교차로안,화물,남,33세,상해없음,승용,여,71세,경상
2023110700100435,2023년 11월 7일 16시,화요일,충청남도 부여군 남면,중상사고,0,1,0,0,차대차 - 추돌,안전운전불이행,건조,맑음,단일로 - 기타,이륜,남,86세,중상,농기계,남,81세,상해없음
2023110700100436,2023년 11월 7일 16시,화요일,충청남도 당진시 읍내동,중상사고,0,1,0,0,차대사람 - 횡단중,보행자보호의무위반,건조,맑음,단일로 - 기타,승용,여,81세,상해없음,보행자,남,77세,중상
2023110700100437,2023년 11월 7일 16시,화요일,충청남도 태안군 태안읍,경상사고,0,0,1,0,차대차 - 추돌,안전운전불이행,건조,맑음,교차로 - 교차로부근,승용,남,65세,상해없음,승용,여,64세,경상
2023110700100487,2023년 11월 7일 17시,화요일,충청남도 천안시 서북구 입장면,중상사고,0,1,1,0,차대사람 - 기타,안전운전불이행,건조,맑음,단일로 - 기타,승용,여,59세,상해없음,보행자,남,61세,중상
2023110700100488,2023년 11월 7일 17시,화요일,충청남도 천안시 서북구 백석동,경상사고,0,0,2,0,차대차 - 기타,안전운전불이행,건조,맑음,단일로 - 기타,승용,여,70세,상해없음,승용,여,40세,경상
2023110700100489,2023년 11월 7일 17시,화요일,충청남도 논산시 광석면,경상사고,0,0,1,0,차대차 - 정면충돌,신호위반,건조,맑음,교차로 - 교차로안,승용,여,53세,상해없음,승합,남,25세,경상
2023110700100490,2023년 11월 7일 17시,화요일,충청남도 공주시 옥룡동,경상사고,0,0,1,0,차량단독 - 전도전복 - 전도,안전운전불이행,건조,맑음,단일로 - 교량,이륜,여,62세,경상,,,,
2023110700100550,2023년 11월 7일 18시,화요일,충청남도 천안시 서북구 두정동,경상사고,0,0,1,0,차대차 - 측면충돌,안전운전불이행,건조,맑음,단일로 - 기타,승용,남,61세,상해없음,원동기,남,49세,경상
2023110700100593,2023년 11월 7일 19시,화요일,충청남도 천안시 서북구 성정동,경상사고,0,0,1,0,차대차 - 기타,신호위반,건조,맑음,교차로 - 교차로안,승용,남,63세,상해없음,승용,남,34세,경상
2023110700100594,2023년 11월 7일 19시,화요일,충청남도 아산시 실옥동,중상사고,0,1,0,0,차대차 - 측면충돌,신호위반,건조,맑음,교차로 - 교차로안,이륜,남,50세,상해없음,이륜,남,57세,중상
2023110700100596,2023년 11월 7일 19시,화요일,충청남도 천안시 동남구 신방동,경상사고,0,0,1,0,차대차 - 기타,신호위반,건조,맑음,교차로 - 교차로부근,이륜,남,18세,상해없음,승용,남,40세,경상
2023110700100627,2023년 11월 7일 20시,화요일,충청남도 아산시 배방읍,중상사고,0,1,0,0,차대사람 - 횡단중,안전운전불이행,건조,맑음,단일로 - 기타,승용,여,37세,상해없음,보행자,남,47세,중상