사고번호,사고일시,요일,시군구,사고내용,사망자수,중상자수,경상자수,부상신고자수,사고유형,법규위반,노면상태,기상상태,도로형태,가해운전자 차종,가해운전자 성별,가해운전자 연령,가해운전자 상해정도,피해운전자 차종,피해운전자 성별,피해운전자 연령,피해운전자 상해정도
2023111300100086,2023년 11월 13일 07시,월요일,충청남도 예산군 삽교읍,중상사고,0,1,1,1,차대차 - 추돌,안전운전불이행,건조,맑음,단일로 - 기타,화물,남,49세,부상신고,화물,남,62세,경상
2023111300100134,2023년 11월 13일 08시,월요일,충청남도 당진시 송악읍,경상사고,0,0,1,0,차대차 - 측면충돌,안전운전불이행,건조,맑음,교차로 - 교차로안,화물,여,62세,상해없음,승용,남,70세,경상
2023111300100135,2023년 11월 13일 08시,월요일,충청남도 천안시 동남구 봉명동,경상사고,0,0,1,0,차대차 - 추돌,안전운전불이행,건조,맑음,교차로 - 교차로부근,승용,여,55세,상해없음,승용,여,22세,경상
2023111300100136,2023년 11월 13일 08시,월요일,충청남도 천안시 동남구 사직동,경상사고,0,0,1,0,차대차 - 측면충돌,교차로운행방법위반,건조,맑음,교차로 - 교차로안,승용,여,53세,상해없음,승용,남,36세,경상
2023111300100182,2023년 11월 13일 09시,월요일,충청남도 서산시 석림동,경상사고,0,0,1,0,차대차 - 기타,기타,건조,맑음,교차로 - 교차로부근,승용,남,44세,상해없음,화물,남,74세,경상
2023111300100183,2023년 11월 13일 09시,월요일,충청남도 태안군 근흥면,중상사고,0,1,0,0,차대차 - 측면충돌,안전운전불이행,건조,맑음,단일로 - 기타,승용,남,71세,상해없음,이륜,남,72세,중상
2023111300100219,2023년 11월 13일 10시,월요일,충청남도 홍성군 홍성읍,경상사고,0,0,1,0,차대차 - 측면충돌,안전운전불이행,건조,맑음,단일로 - 기타,승용,남,62세,상해없음,승용,여,81세,경상
2023111300100250,2023년 11월 13일 11시,월요일,충청남도 청양군 목면,경상사고,0,0,2,0,차대차 - 추돌,안전운전불이행,건조,맑음,단일로 - 기타,승용,남,40세,경상,화물,남,45세,기타불명
2023111300100287,2023년 11월 13일 12시,월요일,충청남도 천안시 서북구 성성동,경상사고,0,0,1,0,차대차 - 측면충돌,안전운전불이행,건조,맑음,교차로 - 교차로부근,승용,남,38세,상해없음,승용,남,27세,경상
2023111300100288,2023년 11월 13일 12시,월요일,충청남도 아산시 둔포면,경상사고,0,0,1,0,차대차 - 측면충돌,신호위반,건조,맑음,교차로 - 교차로안,승용,기타불명,미분류,기타불명,승용,여,37세,경상
2023111300100359,2023년 11월 13일 14시,월요일,충청남도 홍성군 홍북읍,경상사고,0,0,1,0,차대차 - 정면충돌,안전운전불이행,건조,맑음,교차로 - 교차로부근,승용,남,79세,상해없음,승용,여,46세,경상
2023111300100360,2023년 11월 13일 14시,월요일,충청남도 태안군 남면,경상사고,0,0,1,0,차대차 - 추돌,차로위반,건조,맑음,단일로 - 기타,승용,여,54세,상해없음,화물,여,59세,경상
2023111300100397,2023년 11월 13일 15시,월요일,충청남도 아산시 읍내동,중상사고,0,1,0,0,차대사람 - 횡단중,안전운전불이행,건조,맑음,단일로 - 기타,화물,남,62세,상해없음,보행자,여,83세,중상
2023111300100398,2023년 11월 13일 15시,월요일,충청남도 아산시 배방읍,경상사고,0,0,1,0,차대차 - 측면충돌,신호위반,건조,맑음,교차로 - 교차로부근,승용,여,59세,상해없음,화물,남,39세,경상
2023111300100399,2023년 11월 13일 15시,월요일,충청남도 천안시 동남구 다가동,경상사고,0,0,4,0,차대차 - 측면충돌,안전운전불이행,건조,맑음,교차로 - 교차로안,승용,남,67세,상해없음,승용,남,33세,경상
2023111300100444,2023년 11월 13일 16시,월요일,충청남도 서산시 동문동,경상사고,0,0,1,0,차대사람 - 횡단중,안전운전불이행,건조,맑음,교차로 - 교차로부근,승용,여,50세,상해없음,보행자,남,73세,경상
2023111300100445,2023년 11월 13일 16시,월요일,충청남도 홍성군 갈산면,중상사고,0,1,0,0,차대차 - 정면충돌,중앙선침범,건조,맑음,단일로 - 기타,승용,남,68세,상해없음,이륜,남,88세,중상
2023111300100446,2023년 11월 13일 16시,월요일,충청남도 공주시 사곡면,중상사고,0,1,0,0,차대차 - 기타,안전거리미확보,건조,맑음,단일로 - 기타,승용,여,52세,상해없음,건설기계,남,66세,중상
2023111300100486,2023년 11월 13일 17시,월요일,충청남도 아산시 배방읍,경상사고,0,0,1,0,차대차 - 측면충돌,안전운전불이행,건조,맑음,교차로 - 교차로안,승용,남,26세,상해없음,이륜,남,37세,경상
2023111300100487,2023년 11월 13일 17시,월요일,충청남도 당진시 송악읍,중상사고,0,1,2,0,차대차 - 추돌,안전운전불이행,건조,맑음,단일로 - 기타,승용,남,44세,상해없음,승용,남,40세,중상
2023111300100553,2023년 11월 13일 18시,월요일,충청남도 천안시 서북구 성거읍,중상사고,0,1,0,4,차량단독 - 공작물충돌,안전운전불이행,건조,맑음,단일로 - 기타,승합,남,58세,중상,,,,
2023111300100554,2023년 11월 13일 18시,월요일,충청남도 천안시 서북구 불당동,부상신고사고,0,0,0,1,차대차 - 측면충돌,안전거리미확보,건조,맑음,단일로 - 기타,이륜,남,54세,부상신고,승용,남,62세,상해없음
2023111300100645,2023년 11월 13일 20시,월요일,충청남도 천안시 서북구 성정동,중상사고,0,1,0,0,차대사람 - 기타,안전운전불이행,건조,맑음,단일로 - 기타,승용,남,23세,상해없음,보행자,여,44세,중상
2023111300100646,2023년 11월 13일 20시,월요일,충청남도 천안시 동남구 구성동,중상사고,0,1,0,0,차대사람 - 기타,안전운전불이행,건조,맑음,교차로 - 교차로부근,승용,여,61세,상해없음,보행자,여,54세,중상
2023111300100665,2023년 11월 13일 21시,월요일,충청남도 서산시 석림동,경상사고,0,0,1,0,차대차 - 추돌,안전운전불이행,건조,맑음,단일로 - 기타,승용,남,57세,상해없음,승용,남,51세,경상
2023111300100666,2023년 11월 13일 21시,월요일,충청남도 천안시 서북구 두정동,경상사고,0,0,2,0,차대차 - 측면충돌,중앙선침범,건조,맑음,교차로 - 교차로부근,승용,남,30세,상해없음,승용,여,28세,경상
2023111300100667,2023년 11월 13일 21시,월요일,충청남도 논산시 노성면,중상사고,0,1,1,0,차대차 - 측면충돌,안전운전불이행,건조,맑음,교차로 - 교차로부근,승용,남,51세,상해없음,화물,남,61세,경상
2023111300100668,2023년 11월 13일 21시,월요일,충청남도 아산시 음봉면,경상사고,0,0,2,0,차대차 - 측면충돌,안전운전불이행,건조,맑음,단일로 - 기타,승용,남,37세,상해없음,승용,남,53세,경상
2023111300100669,2023년 11월 13일 21시,월요일,충청남도 아산시 배방읍,경상사고,0,0,2,0,차대차 - 측면충돌,신호위반,건조,맑음,교차로 - 교차로안,승용,남,51세,상해없음,승용,남,30세,경상
2023111300100670,2023년 11월 13일 21시,월요일,충청남도 당진시 송산면,경상사고,0,0,1,0,차대차 - 추돌,안전운전불이행,건조,맑음,교차로 - 교차로부근,승합,남,73세,상해없음,승용,여,57세,경상
2023111400100024,2023년 11월 14일 05시,화요일,충청남도 천안시 서북구 쌍용동,사망사고,1,0,0,0,차대사람 - 횡단중,기타,건조,맑음,단일로 - 기타,승용,남,71세,상해없음,보행자,여,76세,사망
2023111400100044,2023년 11월 14일 06시,화요일,충청남도 아산시 읍내동,중상사고,0,1,0,0,차대사람 - 기타,안전운전불이행,건조,맑음,기타 - 기타,승용,여,58세,상해없음,보행자,여,69세,중상
2023111400100045,2023년 11월 14일 06시,화요일,충청남도 아산시 탕정면,경상사고,0,0,3,0,차대사람 - 횡단중,보행자보호의무위반,건조,맑음,교차로 - 교차로안,승용,여,59세,상해없음,보행자,남,54세,경상
2023111400100105,2023년 11월 14일 08시,화요일,충청남도 천안시 서북구 성정동,경상사고,0,0,1,0,차대차 - 기타,신호위반,건조,맑음,교차로 - 교차로안,승용,여,47세,상해없음,원동기,남,34세,경상
2023111400100106,2023년 11월 14일 08시,화요일,충청남도 아산시 배방읍,경상사고,0,0,1,0,차대사람 - 기타,안전운전불이행,건조,맑음,단일로 - 기타,승용,여,46세,상해없음,보행자,여,53세,경상
2023111400100155,2023년 11월 14일 09시,화요일,충청남도 보령시 웅천읍,경상사고,0,0,1,0,차대차 - 기타,안전운전불이행,건조,맑음,단일로 - 기타,승용,남,31세,상해없음,원동기,남,69세,경상
2023111400100156,2023년 11월 14일 09시,화요일,충청남도 예산군 예산읍,중상사고,0,1,0,0,차대사람 - 차도통행중,안전운전불이행,건조,맑음,기타 - 기타,승용,여,66세,상해없음,보행자,남,23세,중상
2023111400100188,2023년 11월 14일 10시,화요일,충청남도 천안시 서북구 성거읍,경상사고,0,0,1,0,차대차 - 후진중충돌,안전운전불이행,건조,맑음,단일로 - 기타,승용,여,69세,기타불명,승용,여,45세,경상
2023111400100221,2023년 11월 14일 11시,화요일,충청남도 공주시 금성동,중상사고,0,1,0,0,차대사람 - 횡단중,보행자보호의무위반,건조,맑음,교차로 - 교차로안,화물,남,63세,상해없음,보행자,여,73세,중상
2023111400100326,2023년 11월 14일 14시,화요일,충청남도 천안시 동남구 사직동,중상사고,0,1,0,0,차대사람 - 횡단중,보행자보호의무위반,건조,맑음,교차로 - 교차로횡단보도내,화물,남,50세,상해없음,보행자,남,81세,중상
2023111400100396,2023년 11월 14일 16시,화요일,충청남도 계룡시 엄사면,경상사고,0,0,1,0,차대사람 - 횡단중,보행자보호의무위반,건조,맑음,교차로 - 교차로부근,승용,여,47세,상해없음,보행자,남,6세,경상
2023111400100434,2023년 11월 14일 17시,화요일,충청남도 서산시 해미면,경상사고,0,0,1,0,차대차 - 측면충돌,교차로운행방법위반,건조,맑음,교차로 - 교차로안,승용,남,22세,상해없음,승용,남,44세,경상
2023111400100435,2023년 11월 14일 17시,화요일,충청남도 태안군 원북면,중상사고,0,1,0,0,차대사람 - 차도통행중,안전운전불이행,건조,맑음,단일로 - 기타,화물,남,66세,상해없음,보행자,남,77세,중상
2023111400100491,2023년 11월 14일 18시,화요일,충청남도 서산시 성연면,경상사고,0,0,1,0,차대차 - 추돌,안전운전불이행,건조,맑음,단일로 - 기타,이륜,남,29세,상해없음,승용,남,37세,경상
2023111400100542,2023년 11월 14일 19시,화요일,충청남도 예산군 예산읍,부상신고사고,0,0,0,1,차대차 - 정면충돌,중앙선침범,건조,맑음,교차로 - 교차로부근,승용,남,60세,부상신고,화물,기타불명,미분류,기타불명
2023111400100574,2023년 11월 14일 20시,화요일,충청남도 천안시 서북구 쌍용동,부상신고사고,0,0,0,1,차대차 - 측면충돌,안전거리미확보,건조,맑음,단일로 - 기타,승용,남,73세,상해없음,승용,남,24세,부상신고
2023111400100575,2023년 11월 14일 20시,화요일,충청남도 천안시 동남구 원성동,경상사고,0,0,3,0,차대차 - 측면충돌,안전거리미확보,건조,맑음,기타 - 기타,승용,남,28세,기타불명,승용,남,19세,경상
2023111400100599,2023년 11월 14일 21시,화요일,충청남도 천안시 서북구 입장면,경상사고,0,0,1,1,차대차 - 추돌,안전운전불이행,건조,맑음,단일로 - 기타,승용,남,38세,상해없음,화물,남,53세,경상
2023111400100600,2023년 11월 14일 21시,화요일,충청남도 천안시 동남구 원성동,경상사고,0,0,1,0,차대차 - 측면충돌,신호위반,건조,맑음,교차로 - 교차로안,승용,여,26세,기타불명,승용,남,51세,경상
2023111400100610,2023년 11월 14일 22시,화요일,충청남도 서천군 마서면,중상사고,0,1,0,0,차대차 - 기타,안전운전불이행,건조,맑음,단일로 - 기타,승용,남,53세,중상,화물,남,58세,상해없음
2023111500100114,2023년 11월 15일 08시,수요일,충청남도 보령시 대천동,중상사고,0,1,0,0,차대사람 - 횡단중,보행자보호의무위반,건조,맑음,단일로 - 기타,승용,여,62세,상해없음,보행자,여,9세,중상
2023111500100147,2023년 11월 15일 09시,수요일,충청남도 천안시 서북구 성정동,경상사고,0,0,1,0,차대차 - 기타,신호위반,건조,맑음,교차로 - 교차로안,화물,남,59세,상해없음,승용,여,45세,경상
2023111500100148,2023년 11월 15일 09시,수요일,충청남도 천안시 서북구 백석동,경상사고,0,0,2,1,차대차 - 기타,안전거리미확보,건조,맑음,단일로 - 기타,승합,남,42세,기타불명,승합,남,57세,경상
2023111500100180,2023년 11월 15일 10시,수요일,충청남도 아산시 배방읍,부상신고사고,0,0,0,1,차량단독 - 기타,안전운전불이행,건조,맑음,단일로 - 기타,승용,남,60세,부상신고,,,,
2023111500100181,2023년 11월 15일 10시,수요일,충청남도 서천군 종천면,경상사고,0,0,1,0,차대차 - 측면충돌,신호위반,건조,맑음,교차로 - 교차로안,승용,남,60세,상해없음,승용,여,55세,경상
2023111500100219,2023년 11월 15일 11시,수요일,충청남도 천안시 동남구 청당동,경상사고,0,0,1,0,차대차 - 측면충돌,안전운전불이행,건조,맑음,교차로 - 교차로부근,승용,여,50세,상해없음,이륜,남,51세,경상
2023111500100252,2023년 11월 15일 12시,수요일,충청남도 서산시 동문동,경상사고,0,0,1,0,차대사람 - 기타,안전운전불이행,건조,맑음,단일로 - 기타,승용,여,67세,상해없음,보행자,여,24세,경상
2023111500100253,2023년 11월 15일 12시,수요일,충청남도 서산시 운산면,경상사고,0,0,1,1,차량단독 - 공작물충돌,안전운전불이행,건조,맑음,단일로 - 기타,승용,남,32세,부상신고,,,,
2023111500100254,2023년 11월 15일 12시,수요일,충청남도 예산군 예산읍,경상사고,0,0,2,0,차대차 - 측면충돌,차로위반,건조,맑음,단일로 - 기타,승용,여,61세,경상,승용,여,50세,경상
2023111500100255,2023년 11월 15일 12시,수요일,충청남도 청양군 청양읍,사망사고,1,0,0,0,차대차 - 추돌,안전운전불이행,건조,맑음,단일로 - 터널,화물,남,48세,상해없음,농기계,남,84세,사망
2023111500100283,2023년 11월 15일 13시,수요일,충청남도 서천군 서천읍,중상사고,0,2,1,0,차대차 - 측면충돌,직진우회전진행방해,건조,맑음,교차로 - 교차로안,화물,남,41세,상해없음,화물,남,72세,중상
2023111500100284,2023년 11월 15일 13시,수요일,충청남도 당진시 송산면,경상사고,0,0,2,0,차대차 - 기타,안전운전불이행,건조,맑음,단일로 - 기타,승합,남,57세,상해없음,승용,남,41세,경상
2023111500100313,2023년 11월 15일 14시,수요일,충청남도 아산시 배방읍,중상사고,0,2,0,0,차대차 - 정면충돌,안전운전불이행,건조,맑음,교차로 - 교차로안,승용,남,67세,상해없음,화물,남,23세,중상
2023111500100314,2023년 11월 15일 14시,수요일,충청남도 예산군 신암면,부상신고사고,0,0,0,1,차량단독 - 전도전복 - 전도,기타,건조,맑음,단일로 - 기타,원동기,남,71세,상해없음,,,,
2023111500100387,2023년 11월 15일 16시,수요일,충청남도 아산시 음봉면,경상사고,0,0,1,0,차대차 - 정면충돌,중앙선침범,건조,맑음,단일로 - 기타,화물,남,31세,상해없음,화물,남,69세,경상
2023111500100388,2023년 11월 15일 16시,수요일,충청남도 당진시 원당동,경상사고,0,0,1,0,차대차 - 기타,안전운전불이행,건조,맑음,교차로 - 교차로안,승용,남,78세,상해없음,승합,남,52세,상해없음
2023111500100433,2023년 11월 15일 17시,수요일,충청남도 천안시 서북구 입장면,경상사고,0,0,1,0,차대차 - 측면충돌,안전운전불이행,건조,맑음,단일로 - 기타,승용,여,29세,상해없음,승용,남,55세,경상
2023111500100434,2023년 11월 15일 17시,수요일,충청남도 천안시 서북구 직산읍,경상사고,0,0,1,1,차대차 - 측면충돌,직진우회전진행방해,건조,맑음,교차로 - 교차로안,승용,남,54세,부상신고,승용,여,53세,경상
2023111500100484,2023년 11월 15일 18시,수요일,충청남도 천안시 서북구 쌍용동,경상사고,0,0,1,0,차대차 - 측면충돌,안전운전불이행,건조,맑음,단일로 - 기타,승용,남,28세,상해없음,승용,여,46세,경상
2023111500100536,2023년 11월 15일 19시,수요일,충청남도 천안시 동남구 구성동,중상사고,0,1,0,0,차대사람 - 횡단중,보행자보호의무위반,건조,맑음,단일로 - 기타,승용,남,61세,상해없음,보행자,여,85세,중상
2023111500100557,2023년 11월 15일 20시,수요일,충청남도 천안시 서북구 성정동,경상사고,0,0,1,0,차대차 - 측면충돌,안전운전불이행,건조,맑음,단일로 - 기타,승용,남,57세,상해없음,승용,여,29세,경상
2023111500100558,2023년 11월 15일 20시,수요일,충청남도 천안시 서북구 백석동,경상사고,0,0,1,0,차대차 - 측면충돌,안전운전불이행,건조,맑음,단일로 - 기타,승용,남,40세,상해없음,승용,남,55세,경상
2023111500100584,2023년 11월 15일 21시,수요일,충청남도 천안시 서북구 두정동,경상사고,0,0,1,0,차대차 - 측면충돌,신호위반,건조,맑음,교차로 - 교차로안,승용,여,57세,상해없음,이륜,남,48세,경상
2023111500100604,2023년 11월 15일 22시,수요일,충청남도 천안시 서북구 성환읍,부상신고사고,0,0,0,1,차량단독 - 공작물충돌,안전운전불이행,건조,맑음,교차로 - 교차로부근,승용,여,25세,부상신고,,,,
2023111500100605,2023년 11월 15일 22시,수요일,충청남도 천안시 서북구 성환읍,부상신고사고,0,0,0,1,차량단독 - 공작물충돌,안전운전불이행,건조,맑음,교차로 - 교차로부근,승용,남,31세,부상신고,,,,
2023111500100606,2023년 11월 15일 22시,수요일,충청남도 천안시 서북구 성환읍,부상신고사고,0,0,0,1,차량단독 - 공작물충돌,안전운전불이행,건조,맑음,교차로 - 교차로부근,승용,남,27세,부상신고,,,,
2023111500100607,2023년 11월 15일 22시,수요일,충청남도 천안시 서북구 성환읍,부상신고사고,0,0,0,1,차량단독 - 공작물충돌,안전운전불이행,건조,맑음,단일로 - 기타,승합,남,52세,부상신고,,,,
2023111500100608,2023년 11월 15일 22시,수요일,충청남도 당진시 송악읍,경상사고,0,0,2,0,차대차 - 추돌,안전운전불이행,건조,맑음,교차로 - 교차로부근,승용,남,43세,상해없음,승용,여,59세,경상
2023111500100609,2023년 11월 15일 22시,수요일,충청남도 천안시 동남구 삼룡동,중상사고,0,1,0,0,차대차 - 측면충돌,안전거리미확보,건조,맑음,단일로 - 기타,승용,남,25세,상해없음,화물,남,53세,중상
2023111600100016,2023년 11월 16일 02시,목요일,충청남도 천안시 서북구 쌍용동,중상사고,0,1,1,0,차대차 - 기타,중앙선침범,건조,맑음,단일로 - 기타,승용,여,31세,상해없음,이륜,남,16세,중상
2023111600100025,2023년 11월 16일 05시,목요일,충청남도 천안시 서북구 성환읍,부상신고사고,0,0,0,1,차대차 - 기타,안전운전불이행,건조,맑음,단일로 - 기타,승용,여,59세,상해없음,화물,남,44세,부상신고
2023111600100050,2023년 11월 16일 07시,목요일,충청남도 천안시 동남구 신부동,부상신고사고,0,0,0,1,차대차 - 측면충돌,안전운전불이행,건조,맑음,단일로 - 기타,승용,남,40세,상해없음,승용,남,37세,부상신고
2023111600100127,2023년 11월 16일 10시,목요일,충청남도 서산시 동문동,경상사고,0,0,1,0,차대차 - 측면충돌,교차로운행방법위반,젖음/습기,비,교차로 - 교차로안,승용,여,69세,상해없음,화물,남,52세,경상
2023111600100128,2023년 11월 16일 10시,목요일,충청남도 아산시 배방읍,경상사고,0,0,1,0,차대차 - 기타,안전운전불이행,건조,흐림,교차로 - 교차로부근,승용,여,51세,기타불명,승용,남,59세,경상
2023111600100164,2023년 11월 16일 11시,목요일,충청남도 서산시 대산읍,경상사고,0,0,2,0,차대차 - 측면충돌,안전운전불이행,젖음/습기,비,단일로 - 기타,승용,남,42세,상해없음,승용,여,63세,경상
2023111600100165,2023년 11월 16일 11시,목요일,충청남도 천안시 서북구 백석동,경상사고,0,0,1,0,차대차 - 측면충돌,안전운전불이행,젖음/습기,비,교차로 - 교차로안,승용,남,32세,기타불명,승용,남,57세,경상
2023111600100166,2023년 11월 16일 11시,목요일,충청남도 천안시 동남구 청당동,중상사고,0,1,0,0,차량단독 - 전도전복 - 전도,안전운전불이행,젖음/습기,비,단일로 - 기타,원동기,남,54세,중상,,,,
2023111600100219,2023년 11월 16일 13시,목요일,충청남도 예산군 예산읍,경상사고,0,0,1,0,차대차 - 추돌,안전운전불이행,젖음/습기,비,교차로 - 교차로부근,화물,남,48세,상해없음,승용,여,23세,상해없음
2023111600100271,2023년 11월 16일 15시,목요일,충청남도 천안시 서북구 백석동,부상신고사고,0,0,0,1,차대차 - 추돌,안전운전불이행,젖음/습기,비,교차로 - 교차로부근,이륜,남,27세,부상신고,승용,남,63세,상해없음
2023111600100272,2023년 11월 16일 15시,목요일,충청남도 아산시 배방읍,경상사고,0,0,1,0,차대차 - 측면충돌,안전운전불이행,젖음/습기,비,교차로 - 교차로부근,승용,남,19세,상해없음,승용,여,38세,경상
2023111600100273,2023년 11월 16일 15시,목요일,충청남도 아산시 탕정면,경상사고,0,0,3,0,차대차 - 측면충돌,안전거리미확보,건조,흐림,기타 - 기타,건설기계,남,65세,상해없음,승용,남,32세,경상
2023111600100274,2023년 11월 16일 15시,목요일,충청남도 천안시 동남구 원성동,경상사고,0,0,1,0,차대사람 - 기타,안전운전불이행,건조,맑음,단일로 - 기타,승합,남,58세,상해없음,보행자,여,79세,경상
2023111600100317,2023년 11월 16일 16시,목요일,충청남도 아산시 음봉면,경상사고,0,0,1,0,차대차 - 측면충돌,직진우회전진행방해,건조,맑음,교차로 - 교차로부근,승용,남,31세,상해없음,화물,남,32세,경상
2023111600100379,2023년 11월 16일 17시,목요일,충청남도 서산시 동문동,중상사고,0,1,0,0,차대사람 - 횡단중,안전운전불이행,건조,맑음,단일로 - 기타,승용,여,57세,상해없음,보행자,남,15세,중상
2023111600100380,2023년 11월 16일 17시,목요일,충청남도 천안시 서북구 쌍용동,중상사고,0,1,0,0,차대차 - 측면충돌,안전운전불이행,건조,맑음,교차로 - 교차로횡단보도내,이륜,남,43세,중상,승용,남,68세,기타불명
2023111600100381,2023년 11월 16일 17시,목요일,충청남도 아산시 실옥동,경상사고,0,0,3,0,차대차 - 추돌,안전운전불이행,젖음/습기,비,단일로 - 교량,승용,남,22세,상해없음,승용,남,47세,경상
2023111600100455,2023년 11월 16일 18시,목요일,충청남도 천안시 서북구 입장면,경상사고,0,0,1,0,차대사람 - 기타,안전운전불이행,젖음/습기,흐림,단일로 - 기타,승용,남,62세,상해없음,보행자,여,73세,경상
2023111600100456,2023년 11월 16일 18시,목요일,충청남도 천안시 서북구 불당동,경상사고,0,0,1,0,차대차 - 측면충돌,안전거리미확보,젖음/습기,비,단일로 - 기타,승용,여,61세,기타불명,승용,여,28세,경상
2023111600100457,2023년 11월 16일 18시,목요일,충청남도 공주시 신관동,경상사고,0,0,1,0,차대차 - 측면충돌,교차로운행방법위반,젖음/습기,비,교차로 - 교차로안,승합,남,68세,상해없음,승용,남,51세,경상
2023111600100458,2023년 11월 16일 18시,목요일,충청남도 천안시 동남구 원성동,경상사고,0,0,1,0,차대차 - 측면충돌,안전운전불이행,건조,맑음,단일로 - 기타,이륜,남,35세,경상,화물,남,67세,상해없음
2023111600100527,2023년 11월 16일 19시,목요일,충청남도 천안시 서북구 두정동,경상사고,0,0,2,0,차대차 - 기타,안전운전불이행,젖음/습기,비,교차로 - 교차로부근,승용,여,41세,상해없음,승용,여,35세,경상
2023111600100528,2023년 11월 16일 19시,목요일,충청남도 예산군 삽교읍,경상사고,0,0,1,0,차대차 - 정면충돌,안전운전불이행,젖음/습기,비,교차로 - 교차로안,특수,남,42세,상해없음,승용,남,55세,경상
2023111600100560,2023년 11월 16일 20시,목요일,충청남도 서천군 서천읍,부상신고사고,0,0,0,1,차대사람 - 기타,안전운전불이행,젖음/습기,비,교차로 - 교차로부근,승용,남,46세,상해없음,보행자,남,25세,부상신고
2023111600100561,2023년 11월 16일 20시,목요일,충청남도 천안시 동남구 봉명동,경상사고,0,0,1,0,차대차 - 측면충돌,불법유턴,건조,맑음,단일로 - 기타,승용,여,42세,상해없음,자전거,남,12세,경상
2023111600100562,2023년 11월 16일 20시,목요일,충청남도 천안시 동남구 신부동,경상사고,0,0,1,1,차대차 - 측면충돌,직진우회전진행방해,건조,맑음,교차로 - 교차로안,승용,여,53세,부상신고,승용,여,40세,경상
2023111600100589,2023년 11월 16일 21시,목요일,충청남도 서산시 읍내동,경상사고,0,0,1,0,차대차 - 측면충돌,교차로운행방법위반,건조,맑음,교차로 - 교차로안,승용,남,43세,상해없음,승용,남,62세,경상
2023111600100634,2023년 11월 16일 23시,목요일,충청남도 천안시 서북구 불당동,경상사고,0,0,2,0,차대차 - 기타,안전운전불이행,젖음/습기,비,교차로 - 교차로횡단보도내,이륜,남,32세,기타불명,승용,남,22세,경상
2023111600100635,2023년 11월 16일 23시,목요일,충청남도 아산시 탕정면,경상사고,0,0,1,0,차대차 - 측면충돌,안전운전불이행,건조,맑음,기타 - 기타,승용,남,46세,상해없음,승용,남,51세,경상
2023111700100016,2023년 11월 17일 01시,금요일,충청남도 천안시 동남구 신부동,중상사고,0,1,1,0,차대사람 - 횡단중,신호위반,젖음/습기,비,단일로 - 기타,이륜,남,20세,상해없음,보행자,남,33세,경상
2023111700100031,2023년 11월 17일 04시,금요일,충청남도 아산시 음봉면,중상사고,0,1,0,0,차대사람 - 길가장자리구역통행중,안전운전불이행,건조,맑음,단일로 - 기타,화물,남,55세,상해없음,보행자,남,53세,중상
2023111700100044,2023년 11월 17일 05시,금요일,충청남도 천안시 서북구 성정동,경상사고,0,0,1,0,차대차 - 정면충돌,안전운전불이행,건조,맑음,교차로 - 교차로안,승용,남,40세,상해없음,이륜,남,63세,경상
2023111700100045,2023년 11월 17일 05시,금요일,충청남도 청양군 정산면,경상사고,0,0,1,0,차대사람 - 횡단중,신호위반,건조,맑음,교차로 - 교차로안,승용,남,48세,상해없음,보행자,여,80세,경상
2023111700100063,2023년 11월 17일 06시,금요일,충청남도 청양군 정산면,중상사고,0,1,0,0,차량단독 - 공작물충돌,안전운전불이행,건조,맑음,단일로 - 기타,화물,남,59세,중상,,,,
2023111700100083,2023년 11월 17일 07시,금요일,충청남도 천안시 서북구 성환읍,경상사고,0,0,1,0,차대사람 - 횡단중,보행자보호의무위반,건조,맑음,교차로 - 교차로횡단보도내,기타불명,기타불명,미분류,기타불명,보행자,여,23세,경상
2023111700100124,2023년 11월 17일 08시,금요일,충청남도 천안시 서북구 성정동,경상사고,0,0,1,0,차대차 - 측면충돌,신호위반,건조,맑음,교차로 - 교차로횡단보도내,승용,남,38세,상해없음,승용,남,52세,경상
2023111700100199,2023년 11월 17일 10시,금요일,충청남도 보령시 웅천읍,중상사고,0,1,0,0,차대차 - 측면충돌,직진우회전진행방해,젖음/습기,비,교차로 - 교차로안,사륜오토바이(ATV),여,73세,중상,화물,남,40세,상해없음
2023111700100200,2023년 11월 17일 10시,금요일,충청남도 예산군 삽교읍,중상사고,0,1,0,0,차대차 - 측면충돌,직진우회전진행방해,젖음/습기,흐림,교차로 - 교차로안,승용,남,67세,상해없음,원동기,남,80세,중상
2023111700100201,2023년 11월 17일 10시,금요일,충청남도 공주시 유구읍,경상사고,0,0,1,0,차대차 - 기타,안전운전불이행,건조,맑음,단일로 - 기타,화물,남,64세,상해없음,승용,여,29세,경상
2023111700100245,2023년 11월 17일 11시,금요일,충청남도 보령시 웅천읍,경상사고,0,0,2,0,차대차 - 정면충돌,중앙선침범,젖음/습기,비,단일로 - 기타,승용,여,53세,경상,승용,남,44세,경상
2023111700100246,2023년 11월 17일 11시,금요일,충청남도 태안군 안면읍,중상사고,0,1,0,0,차대차 - 기타,안전운전불이행,젖음/습기,흐림,단일로 - 기타,승용,남,55세,상해없음,이륜,남,48세,중상