사고번호,사고일시,요일,시군구,사고내용,사망자수,중상자수,경상자수,부상신고자수,사고유형,법규위반,노면상태,기상상태,도로형태,가해운전자 차종,가해운전자 성별,가해운전자 연령,가해운전자 상해정도,피해운전자 차종,피해운전자 성별,피해운전자 연령,피해운전자 상해정도
2023112500100493,2023년 11월 25일 18시,토요일,충청남도 예산군 예산읍,경상사고,0,0,2,0,차대차 - 추돌,안전운전불이행,건조,맑음,기타 - 기타,화물,남,41세,기타불명,승용,여,38세,경상
2023112500100520,2023년 11월 25일 19시,토요일,충청남도 보령시 오천면,중상사고,0,1,0,0,차대사람 - 횡단중,안전운전불이행,건조,맑음,단일로 - 기타,승용,남,35세,상해없음,보행자,여,85세,중상
2023112500100521,2023년 11월 25일 19시,토요일,충청남도 예산군 삽교읍,경상사고,0,0,2,1,차대차 - 측면충돌,직진우회전진행방해,건조,흐림,교차로 - 교차로안,승용,남,47세,상해없음,승용,남,50세,경상
2023112500100596,2023년 11월 25일 22시,토요일,충청남도 천안시 동남구 신부동,경상사고,0,0,3,0,차대차 - 추돌,안전운전불이행,건조,맑음,교차로 - 교차로부근,개인형이동수단(PM),여,14세,상해없음,승용,남,27세,경상
2023112600100040,2023년 11월 26일 04시,일요일,충청남도 홍성군 은하면,경상사고,0,0,2,0,차대차 - 기타,안전운전불이행,건조,맑음,기타 - 기타,승용,남,66세,기타불명,승용,남,19세,경상
2023112600100060,2023년 11월 26일 07시,일요일,충청남도 아산시 방축동,경상사고,0,0,1,0,차대차 - 기타,신호위반,건조,맑음,교차로 - 교차로안,승용,여,49세,상해없음,승용,남,45세,경상
2023112600100061,2023년 11월 26일 07시,일요일,충청남도 당진시 채운동,중상사고,0,1,0,0,차대차 - 기타,안전운전불이행,건조,맑음,교차로 - 교차로부근,이륜,남,78세,중상,승용,여,66세,상해없음
2023112600100067,2023년 11월 26일 08시,일요일,충청남도 아산시 둔포면,경상사고,0,0,1,0,차대차 - 측면충돌,중앙선침범,건조,맑음,교차로 - 교차로안,화물,남,67세,상해없음,승용,남,30세,경상
2023112600100075,2023년 11월 26일 09시,일요일,충청남도 예산군 대흥면,경상사고,0,0,1,0,차량단독 - 공작물충돌,안전운전불이행,건조,맑음,단일로 - 기타,승용,남,31세,경상,,,,
2023112600100091,2023년 11월 26일 10시,일요일,충청남도 천안시 동남구 청수동,경상사고,0,0,1,0,차대차 - 측면충돌,안전운전불이행,건조,맑음,교차로 - 교차로부근,승합,남,27세,기타불명,승용,여,43세,경상
2023112600100116,2023년 11월 26일 11시,일요일,충청남도 천안시 서북구 불당동,부상신고사고,0,0,0,1,차대차 - 기타,안전운전불이행,건조,맑음,교차로 - 교차로안,이륜,남,39세,상해없음,승용,여,35세,상해없음
2023112600100117,2023년 11월 26일 11시,일요일,충청남도 당진시 송악읍,경상사고,0,0,1,0,차대차 - 추돌,안전거리미확보,건조,맑음,단일로 - 기타,승용,남,64세,상해없음,승용,여,33세,경상
2023112600100118,2023년 11월 26일 11시,일요일,충청남도 당진시 신평면,경상사고,0,0,1,0,차대차 - 기타,안전거리미확보,건조,맑음,교차로 - 교차로부근,승용,여,43세,상해없음,승용,남,52세,상해없음
2023112600100119,2023년 11월 26일 11시,일요일,충청남도 천안시 동남구 수신면,경상사고,0,0,1,0,차대차 - 기타,교차로운행방법위반,건조,맑음,교차로 - 교차로부근,건설기계,남,45세,기타불명,승용,여,27세,경상
2023112600100120,2023년 11월 26일 11시,일요일,충청남도 당진시 순성면,경상사고,0,0,1,0,차대차 - 측면충돌,안전운전불이행,건조,맑음,기타 - 기타,화물,남,49세,상해없음,승용,남,60세,경상
2023112600100161,2023년 11월 26일 13시,일요일,충청남도 당진시 고대면,경상사고,0,0,1,0,차대차 - 측면충돌,안전운전불이행,건조,맑음,교차로 - 교차로부근,승합,여,69세,상해없음,이륜,남,80세,경상
2023112600100162,2023년 11월 26일 13시,일요일,충청남도 천안시 동남구 유량동,경상사고,0,0,1,0,차대차 - 측면충돌,안전운전불이행,건조,맑음,교차로 - 교차로안,승용,남,35세,상해없음,승용,남,67세,상해없음
2023112600100183,2023년 11월 26일 14시,일요일,충청남도 천안시 서북구 두정동,중상사고,0,1,0,0,차대사람 - 보도통행중,안전운전불이행,건조,맑음,단일로 - 기타,개인형이동수단(PM),여,21세,상해없음,보행자,여,41세,중상
2023112600100184,2023년 11월 26일 14시,일요일,충청남도 천안시 서북구 두정동,경상사고,0,0,2,0,차대차 - 측면충돌,안전거리미확보,건조,맑음,교차로 - 교차로부근,승용,남,76세,상해없음,승용,남,38세,경상
2023112600100185,2023년 11월 26일 14시,일요일,충청남도 천안시 서북구 쌍용동,경상사고,0,0,1,0,차대차 - 기타,신호위반,건조,맑음,교차로 - 교차로안,승용,남,49세,상해없음,승용,남,27세,경상
2023112600100186,2023년 11월 26일 14시,일요일,충청남도 아산시 풍기동,경상사고,0,0,1,0,차대차 - 후진중충돌,안전운전불이행,건조,맑음,단일로 - 기타,승용,남,27세,상해없음,승용,남,47세,경상
2023112600100216,2023년 11월 26일 15시,일요일,충청남도 천안시 서북구 성성동,경상사고,0,0,1,0,차대차 - 측면충돌,교차로운행방법위반,건조,맑음,교차로 - 교차로안,승용,여,28세,경상,승용,남,55세,상해없음
2023112600100217,2023년 11월 26일 15시,일요일,충청남도 당진시 송악읍,경상사고,0,0,2,0,차대차 - 측면충돌,안전운전불이행,건조,맑음,기타 - 기타,승용,남,73세,기타불명,승용,여,42세,경상
2023112600100237,2023년 11월 26일 16시,일요일,충청남도 아산시 탕정면,경상사고,0,0,1,0,차대사람 - 차도통행중,안전운전불이행,건조,맑음,단일로 - 기타,승용,여,40세,상해없음,보행자,남,11세,경상
2023112600100238,2023년 11월 26일 16시,일요일,충청남도 아산시 인주면,경상사고,0,0,2,0,차대차 - 측면충돌,안전운전불이행,건조,맑음,교차로 - 교차로부근,승용,남,55세,상해없음,승용,남,46세,경상
2023112600100239,2023년 11월 26일 16시,일요일,충청남도 천안시 동남구 신방동,경상사고,0,0,1,0,차대차 - 추돌,안전운전불이행,건조,맑음,단일로 - 기타,승용,남,43세,상해없음,승용,남,24세,경상
2023112600100240,2023년 11월 26일 16시,일요일,충청남도 천안시 동남구 신부동,경상사고,0,0,1,0,차대차 - 기타,직진우회전진행방해,건조,맑음,교차로 - 교차로안,승용,여,50세,기타불명,승용,여,57세,기타불명
2023112600100271,2023년 11월 26일 17시,일요일,충청남도 홍성군 홍성읍,경상사고,0,0,1,0,차대사람 - 기타,안전운전불이행,건조,맑음,기타 - 기타,화물,남,78세,상해없음,보행자,남,56세,경상
2023112600100301,2023년 11월 26일 18시,일요일,충청남도 천안시 서북구 불당동,경상사고,0,0,1,0,차대차 - 추돌,안전운전불이행,건조,맑음,단일로 - 기타,승용,남,29세,상해없음,이륜,남,35세,경상
2023112600100302,2023년 11월 26일 18시,일요일,충청남도 천안시 서북구 백석동,경상사고,0,0,1,0,차대차 - 기타,안전거리미확보,건조,맑음,기타 - 기타,화물,남,38세,상해없음,승용,남,42세,경상
2023112600100303,2023년 11월 26일 18시,일요일,충청남도 보령시 죽정동,경상사고,0,0,1,0,차대사람 - 차도통행중,안전운전불이행,건조,맑음,단일로 - 기타,승용,여,58세,상해없음,보행자,여,76세,경상
2023112600100304,2023년 11월 26일 18시,일요일,충청남도 천안시 동남구 신부동,경상사고,0,0,4,0,차대차 - 측면충돌,차로위반,건조,맑음,단일로 - 기타,이륜,남,35세,상해없음,승용,남,34세,경상
2023112600100329,2023년 11월 26일 19시,일요일,충청남도 천안시 동남구 원성동,경상사고,0,0,1,0,차대차 - 추돌,안전운전불이행,건조,맑음,단일로 - 지하차도(도로)내,이륜,남,24세,상해없음,이륜,남,52세,경상
2023112600100372,2023년 11월 26일 21시,일요일,충청남도 아산시 배방읍,경상사고,0,0,1,0,차대차 - 측면충돌,중앙선침범,건조,맑음,단일로 - 기타,승용,남,30세,상해없음,이륜,남,23세,경상
2023112600100395,2023년 11월 26일 23시,일요일,충청남도 아산시 풍기동,경상사고,0,0,1,0,차대차 - 정면충돌,신호위반,젖음/습기,비,교차로 - 교차로안,승용,남,31세,상해없음,승용,남,30세,경상
2023112700100007,2023년 11월 27일 00시,월요일,충청남도 서천군 장항읍,경상사고,0,0,1,0,차대차 - 추돌,안전운전불이행,젖음/습기,흐림,단일로 - 기타,승용,남,49세,상해없음,자전거,여,59세,경상
2023112700100021,2023년 11월 27일 02시,월요일,충청남도 천안시 서북구 성정동,경상사고,0,0,1,0,차대차 - 측면충돌,신호위반,젖음/습기,비,교차로 - 교차로안,승용,남,37세,상해없음,승용,남,67세,경상
2023112700100058,2023년 11월 27일 06시,월요일,충청남도 천안시 동남구 목천읍,중상사고,0,1,0,0,차대사람 - 기타,안전운전불이행,건조,흐림,교차로 - 교차로안,화물,남,58세,상해없음,보행자,여,64세,중상
2023112700100083,2023년 11월 27일 07시,월요일,충청남도 천안시 서북구 쌍용동,중상사고,0,1,0,0,차량단독 - 전도전복 - 전도,안전운전불이행,건조,맑음,단일로 - 기타,원동기,남,65세,중상,,,,
2023112700100084,2023년 11월 27일 07시,월요일,충청남도 아산시 음봉면,경상사고,0,0,1,0,차대차 - 추돌,안전운전불이행,건조,맑음,기타 - 기타,승합,남,48세,상해없음,승용,남,26세,경상
2023112700100085,2023년 11월 27일 07시,월요일,충청남도 공주시 의당면,경상사고,0,0,2,0,차대차 - 추돌,안전운전불이행,젖음/습기,흐림,단일로 - 교량,화물,남,63세,경상,건설기계,남,66세,경상
2023112700100128,2023년 11월 27일 08시,월요일,충청남도 천안시 서북구 쌍용동,경상사고,0,0,1,0,차대사람 - 횡단중,보행자보호의무위반,건조,맑음,교차로 - 교차로횡단보도내,승용,여,35세,상해없음,보행자,여,17세,경상
2023112700100129,2023년 11월 27일 08시,월요일,충청남도 논산시 강경읍,경상사고,0,0,1,0,차대차 - 측면충돌,안전운전불이행,젖음/습기,맑음,교차로 - 교차로안,승용,여,36세,기타불명,승용,남,69세,경상
2023112700100159,2023년 11월 27일 09시,월요일,충청남도 예산군 예산읍,경상사고,0,0,1,0,차대차 - 측면충돌,직진우회전진행방해,건조,맑음,교차로 - 교차로안,자전거,남,74세,경상,화물,남,50세,상해없음
2023112700100187,2023년 11월 27일 10시,월요일,충청남도 서산시 음암면,중상사고,0,1,0,0,차량단독 - 기타,안전운전불이행,건조,맑음,단일로 - 기타,승합,남,66세,상해없음,,,,
2023112700100188,2023년 11월 27일 10시,월요일,충청남도 아산시 둔포면,경상사고,0,0,1,0,차대차 - 측면충돌,차로위반,젖음/습기,비,교차로 - 교차로안,화물,남,51세,상해없음,승용,남,40세,경상
2023112700100221,2023년 11월 27일 11시,월요일,충청남도 천안시 동남구 신부동,경상사고,0,0,1,0,차대차 - 측면충돌,안전운전불이행,건조,맑음,교차로 - 교차로부근,화물,남,40세,상해없음,이륜,남,43세,경상
2023112700100253,2023년 11월 27일 12시,월요일,충청남도 서산시 대산읍,중상사고,0,1,0,0,차대차 - 추돌,안전거리미확보,젖음/습기,비,교차로 - 교차로안,특수,남,43세,상해없음,승용,남,69세,중상
2023112700100287,2023년 11월 27일 13시,월요일,충청남도 아산시 둔포면,경상사고,0,0,1,0,차대차 - 추돌,안전운전불이행,건조,맑음,단일로 - 기타,특수,남,50세,상해없음,화물,남,52세,경상
2023112700100288,2023년 11월 27일 13시,월요일,충청남도 태안군 태안읍,경상사고,0,0,1,0,차대차 - 기타,안전운전불이행,건조,맑음,교차로 - 교차로안,승용,남,84세,상해없음,승용,여,55세,경상
2023112700100327,2023년 11월 27일 14시,월요일,충청남도 아산시 온천동,경상사고,0,0,1,0,차대차 - 후진중충돌,안전운전불이행,건조,맑음,단일로 - 기타,승용,남,50세,상해없음,승용,남,54세,경상
2023112700100328,2023년 11월 27일 14시,월요일,충청남도 부여군 은산면,중상사고,0,1,0,0,차대사람 - 기타,안전운전불이행,건조,맑음,단일로 - 기타,화물,남,68세,상해없음,보행자,여,72세,중상
2023112700100357,2023년 11월 27일 15시,월요일,충청남도 천안시 서북구 쌍용동,중상사고,0,1,0,0,차대차 - 측면충돌,중앙선침범,건조,맑음,교차로 - 교차로부근,화물,여,63세,상해없음,이륜,남,69세,중상
2023112700100358,2023년 11월 27일 15시,월요일,충청남도 천안시 동남구 봉명동,부상신고사고,0,0,0,1,차대사람 - 횡단중,안전운전불이행,건조,흐림,교차로 - 교차로안,승용,남,38세,상해없음,보행자,여,22세,부상신고
2023112700100359,2023년 11월 27일 15시,월요일,충청남도 공주시 정안면,중상사고,0,1,0,0,차대차 - 추돌,안전운전불이행,건조,맑음,단일로 - 기타,화물,남,61세,상해없음,화물,남,56세,상해없음
2023112700100392,2023년 11월 27일 16시,월요일,충청남도 천안시 동남구 신부동,경상사고,0,0,1,0,차대사람 - 차도통행중,안전운전불이행,건조,맑음,단일로 - 기타,승합,남,57세,상해없음,보행자,여,17세,경상
2023112700100437,2023년 11월 27일 17시,월요일,충청남도 서산시 동문동,경상사고,0,0,1,0,차대차 - 정면충돌,교차로운행방법위반,건조,흐림,교차로 - 교차로안,승용,여,64세,상해없음,승용,여,61세,경상
2023112700100438,2023년 11월 27일 17시,월요일,충청남도 천안시 서북구 쌍용동,중상사고,0,1,0,1,차대차 - 추돌,안전운전불이행,건조,맑음,단일로 - 기타,승용,여,24세,상해없음,이륜,남,26세,중상
2023112700100439,2023년 11월 27일 17시,월요일,충청남도 아산시 영인면,경상사고,0,0,1,0,차대차 - 추돌,안전거리미확보,건조,맑음,단일로 - 기타,승용,여,30세,상해없음,승용,여,33세,경상
2023112700100503,2023년 11월 27일 18시,월요일,충청남도 천안시 서북구 성정동,경상사고,0,0,1,0,차대차 - 측면충돌,중앙선침범,건조,맑음,단일로 - 기타,승용,남,44세,상해없음,승용,남,51세,경상
2023112700100505,2023년 11월 27일 18시,월요일,충청남도 부여군 내산면,중상사고,0,1,0,0,차대차 - 측면충돌,안전거리미확보,젖음/습기,흐림,단일로 - 기타,승용,남,59세,상해없음,승용,여,65세,중상
2023112700100559,2023년 11월 27일 19시,월요일,충청남도 예산군 신양면,중상사고,0,1,0,0,차대사람 - 기타,안전운전불이행,건조,맑음,교차로 - 교차로부근,승용,남,64세,상해없음,보행자,남,49세,중상
2023112700100560,2023년 11월 27일 19시,월요일,충청남도 태안군 태안읍,중상사고,0,1,0,0,차대차 - 측면충돌,교차로운행방법위반,건조,맑음,교차로 - 교차로안,승용,남,53세,상해없음,이륜,남,63세,중상
2023112700100596,2023년 11월 27일 20시,월요일,충청남도 천안시 서북구 성성동,부상신고사고,0,0,0,2,차대차 - 측면충돌,안전운전불이행,건조,맑음,교차로 - 교차로부근,이륜,남,17세,부상신고,승용,남,34세,부상신고
2023112700100636,2023년 11월 27일 23시,월요일,충청남도 천안시 서북구 성정동,경상사고,0,0,2,0,차대차 - 추돌,안전운전불이행,건조,맑음,교차로 - 교차로부근,승용,남,23세,상해없음,승용,남,35세,경상
2023112800100045,2023년 11월 28일 06시,화요일,충청남도 천안시 서북구 두정동,중상사고,0,1,0,0,차대차 - 기타,신호위반,건조,맑음,단일로 - 기타,승용,남,52세,상해없음,이륜,남,37세,중상
2023112800100066,2023년 11월 28일 07시,화요일,충청남도 천안시 서북구 두정동,경상사고,0,0,1,0,차대차 - 기타,기타,건조,기타,교차로 - 교차로안,승용,남,25세,상해없음,승용,남,32세,경상
2023112800100102,2023년 11월 28일 08시,화요일,충청남도 천안시 서북구 쌍용동,부상신고사고,0,0,0,1,차대차 - 기타,안전운전불이행,건조,맑음,교차로 - 교차로안,승용,여,65세,상해없음,이륜,남,24세,부상신고
2023112800100103,2023년 11월 28일 08시,화요일,충청남도 천안시 서북구 성거읍,중상사고,0,1,0,0,차대사람 - 횡단중,보행자보호의무위반,건조,맑음,교차로 - 교차로횡단보도내,승용,여,48세,상해없음,보행자,여,26세,중상
2023112800100104,2023년 11월 28일 08시,화요일,충청남도 청양군 청양읍,경상사고,0,0,1,0,차대차 - 기타,안전운전불이행,건조,맑음,단일로 - 기타,특수,남,56세,상해없음,승용,여,37세,경상
2023112800100105,2023년 11월 28일 08시,화요일,충청남도 천안시 동남구 원성동,경상사고,0,0,1,0,차대차 - 기타,안전거리미확보,건조,맑음,단일로 - 기타,기타불명,기타불명,미분류,기타불명,원동기,남,27세,경상
2023112800100106,2023년 11월 28일 08시,화요일,충청남도 천안시 동남구 안서동,경상사고,0,0,2,0,차대차 - 측면충돌,안전운전불이행,건조,맑음,단일로 - 기타,화물,남,63세,상해없음,승용,남,32세,경상
2023112800100144,2023년 11월 28일 09시,화요일,충청남도 천안시 서북구 성환읍,중상사고,0,1,0,0,차대차 - 측면충돌,중앙선침범,건조,맑음,기타 - 기타,승용,남,36세,상해없음,승용,여,70세,중상
2023112800100145,2023년 11월 28일 09시,화요일,충청남도 아산시 탕정면,경상사고,0,0,1,0,차대차 - 측면충돌,안전운전불이행,건조,맑음,단일로 - 기타,승용,여,22세,상해없음,승용,여,30세,경상
2023112800100146,2023년 11월 28일 09시,화요일,충청남도 예산군 예산읍,중상사고,0,2,0,0,차대차 - 측면충돌,직진우회전진행방해,건조,맑음,교차로 - 교차로안,승용,남,69세,상해없음,이륜,남,79세,중상
2023112800100176,2023년 11월 28일 10시,화요일,충청남도 천안시 서북구 불당동,부상신고사고,0,0,0,2,차대차 - 추돌,안전거리미확보,건조,맑음,교차로 - 교차로부근,승용,남,45세,기타불명,승용,여,35세,부상신고
2023112800100177,2023년 11월 28일 10시,화요일,충청남도 서천군 비인면,사망사고,1,2,0,0,차대차 - 정면충돌,중앙선침범,건조,맑음,단일로 - 기타,화물,남,75세,사망,화물,남,65세,중상
2023112800100178,2023년 11월 28일 10시,화요일,충청남도 서천군 비인면,경상사고,0,0,1,0,차대차 - 정면충돌,안전운전불이행,건조,맑음,교차로 - 교차로안,승용,남,59세,상해없음,승용,여,67세,경상
2023112800100179,2023년 11월 28일 10시,화요일,충청남도 보령시 대천동,중상사고,0,1,0,0,차대사람 - 길가장자리구역통행중,안전운전불이행,건조,맑음,단일로 - 기타,승용,남,74세,상해없음,보행자,여,77세,중상
2023112800100207,2023년 11월 28일 11시,화요일,충청남도 서산시 지곡면,경상사고,0,0,2,0,차대차 - 기타,안전운전불이행,건조,맑음,주차장 - 주차장,승용,여,72세,기타불명,화물,남,37세,경상
2023112800100230,2023년 11월 28일 12시,화요일,충청남도 청양군 청양읍,경상사고,0,0,1,0,차대차 - 추돌,안전운전불이행,건조,맑음,교차로 - 교차로부근,승용,여,48세,상해없음,승용,남,81세,상해없음
2023112800100231,2023년 11월 28일 12시,화요일,충청남도 천안시 동남구 안서동,경상사고,0,0,2,0,차대차 - 추돌,안전운전불이행,건조,맑음,교차로 - 교차로부근,승용,남,23세,상해없음,승용,여,46세,경상
2023112800100258,2023년 11월 28일 13시,화요일,충청남도 태안군 태안읍,경상사고,0,0,1,0,차대사람 - 차도통행중,안전운전불이행,건조,맑음,단일로 - 기타,승용,남,68세,상해없음,보행자,남,44세,경상
2023112800100358,2023년 11월 28일 16시,화요일,충청남도 논산시 연무읍,중상사고,0,1,1,0,차대차 - 측면충돌,불법유턴,건조,맑음,단일로 - 기타,사륜오토바이(ATV),남,87세,중상,화물,남,39세,경상
2023112800100400,2023년 11월 28일 17시,화요일,충청남도 아산시 모종동,경상사고,0,0,1,0,차대사람 - 횡단중,안전운전불이행,건조,맑음,교차로 - 교차로안,승용,남,31세,상해없음,보행자,여,66세,경상
2023112800100464,2023년 11월 28일 18시,화요일,충청남도 천안시 서북구 쌍용동,경상사고,0,0,1,0,차대차 - 측면충돌,안전거리미확보,건조,맑음,교차로 - 교차로부근,승용,남,51세,상해없음,승용,남,33세,경상
2023112800100465,2023년 11월 28일 18시,화요일,충청남도 아산시 배방읍,중상사고,0,1,1,0,차대차 - 측면충돌,신호위반,건조,맑음,교차로 - 교차로안,승용,남,55세,상해없음,승용,남,59세,경상
2023112800100466,2023년 11월 28일 18시,화요일,충청남도 청양군 청양읍,경상사고,0,0,1,0,차대차 - 측면충돌,직진우회전진행방해,건조,맑음,교차로 - 교차로안,승용,남,73세,상해없음,승용,여,37세,경상
2023112800100545,2023년 11월 28일 20시,화요일,충청남도 서산시 잠홍동,경상사고,0,0,1,0,차대차 - 측면충돌,안전운전불이행,건조,맑음,교차로 - 교차로안,승용,남,52세,상해없음,승용,여,42세,경상
2023112800100546,2023년 11월 28일 20시,화요일,충청남도 서천군 장항읍,중상사고,0,1,0,0,차대차 - 정면충돌,안전운전불이행,건조,맑음,단일로 - 기타,화물,남,63세,중상,특수,남,55세,상해없음
2023112900100015,2023년 11월 29일 03시,수요일,충청남도 천안시 동남구 안서동,중상사고,0,1,0,0,차량단독 - 공작물충돌,안전운전불이행,건조,맑음,교차로 - 교차로부근,승용,남,46세,중상,,,,
2023112900100037,2023년 11월 29일 06시,수요일,충청남도 천안시 서북구 직산읍,중상사고,0,1,1,0,차대차 - 기타,중앙선침범,건조,맑음,단일로 - 기타,승용,남,79세,중상,승용,남,60세,경상
2023112900100038,2023년 11월 29일 06시,수요일,충청남도 천안시 동남구 청수동,중상사고,0,1,0,0,차대사람 - 횡단중,보행자보호의무위반,건조,맑음,교차로 - 교차로횡단보도내,승합,남,57세,상해없음,보행자,남,86세,중상
2023112900100087,2023년 11월 29일 08시,수요일,충청남도 천안시 동남구 용곡동,경상사고,0,0,1,0,차대차 - 측면충돌,신호위반,건조,맑음,교차로 - 교차로안,승용,여,52세,상해없음,승용,여,43세,경상
2023112900100123,2023년 11월 29일 09시,수요일,충청남도 천안시 동남구 청수동,경상사고,0,0,2,0,차대차 - 기타,안전운전불이행,건조,맑음,교차로 - 교차로안,승합,남,44세,경상,화물,남,54세,경상
2023112900100184,2023년 11월 29일 11시,수요일,충청남도 천안시 동남구 청당동,경상사고,0,0,2,0,차대차 - 측면충돌,안전운전불이행,건조,맑음,단일로 - 기타,승용,여,29세,상해없음,승용,남,43세,경상
2023112900100205,2023년 11월 29일 12시,수요일,충청남도 태안군 안면읍,경상사고,0,0,1,0,차대차 - 정면충돌,중앙선침범,건조,흐림,단일로 - 기타,화물,남,64세,상해없음,승용,여,44세,경상
2023112900100239,2023년 11월 29일 13시,수요일,충청남도 아산시 배방읍,경상사고,0,0,1,0,차대차 - 기타,안전운전불이행,건조,맑음,단일로 - 기타,승용,여,37세,상해없음,승용,남,33세,경상
2023112900100240,2023년 11월 29일 13시,수요일,충청남도 보령시 천북면,경상사고,0,0,3,0,차대차 - 측면충돌,중앙선침범,건조,맑음,단일로 - 지하차도(도로)내,승용,남,81세,경상,승용,여,40세,경상
2023112900100316,2023년 11월 29일 16시,수요일,충청남도 논산시 내동,경상사고,0,0,4,0,차대차 - 추돌,안전거리미확보,건조,맑음,단일로 - 기타,승용,남,64세,상해없음,승용,남,42세,경상
2023112900100360,2023년 11월 29일 17시,수요일,충청남도 천안시 서북구 성환읍,부상신고사고,0,0,0,1,차대사람 - 기타,안전운전불이행,젖음/습기,비,교차로 - 교차로부근,원동기,남,24세,상해없음,보행자,여,56세,부상신고
2023112900100361,2023년 11월 29일 17시,수요일,충청남도 아산시 둔포면,경상사고,0,0,1,0,차대사람 - 횡단중,신호위반,젖음/습기,비,교차로 - 교차로횡단보도내,승용,여,41세,상해없음,보행자,여,14세,경상
2023112900100362,2023년 11월 29일 17시,수요일,충청남도 아산시 둔포면,경상사고,0,0,1,0,차대차 - 추돌,안전운전불이행,젖음/습기,비,단일로 - 기타,승용,남,28세,상해없음,승용,남,27세,경상
2023112900100363,2023년 11월 29일 17시,수요일,충청남도 서천군 마서면,경상사고,0,0,1,0,차대차 - 정면충돌,중앙선침범,건조,맑음,단일로 - 기타,승용,여,45세,상해없음,승용,남,20세,경상
2023112900100364,2023년 11월 29일 17시,수요일,충청남도 천안시 동남구 목천읍,경상사고,0,0,1,0,차대차 - 정면충돌,중앙선침범,젖음/습기,비,교차로 - 교차로부근,화물,남,46세,상해없음,승용,남,63세,경상
2023112900100365,2023년 11월 29일 17시,수요일,충청남도 천안시 동남구 목천읍,경상사고,0,0,1,0,차대차 - 기타,안전운전불이행,젖음/습기,비,단일로 - 기타,승용,남,23세,상해없음,승용,남,35세,경상
2023112900100366,2023년 11월 29일 17시,수요일,충청남도 천안시 서북구 입장면,중상사고,0,1,1,0,차대차 - 추돌,안전운전불이행,젖음/습기,비,단일로 - 기타,승용,남,32세,상해없음,승용,여,35세,경상
2023112900100420,2023년 11월 29일 18시,수요일,충청남도 천안시 서북구 쌍용동,중상사고,0,1,0,0,차대차 - 측면충돌,불법유턴,젖음/습기,비,교차로 - 교차로부근,승용,여,53세,상해없음,이륜,남,61세,중상
2023112900100421,2023년 11월 29일 18시,수요일,충청남도 아산시 배방읍,사망사고,1,0,0,0,차대사람 - 횡단중,안전운전불이행,젖음/습기,비,단일로 - 기타,승용,남,39세,상해없음,보행자,여,76세,사망
2023112900100422,2023년 11월 29일 18시,수요일,충청남도 아산시 온천동,경상사고,0,0,1,0,차대차 - 측면충돌,직진우회전진행방해,젖음/습기,비,교차로 - 교차로안,승용,남,57세,상해없음,승용,여,24세,경상
2023112900100423,2023년 11월 29일 18시,수요일,충청남도 공주시 신관동,경상사고,0,0,2,0,차대차 - 추돌,안전운전불이행,건조,맑음,교차로 - 교차로부근,이륜,남,29세,상해없음,승용,남,32세,경상
2023112900100424,2023년 11월 29일 18시,수요일,충청남도 당진시 우두동,경상사고,0,0,1,0,차대차 - 기타,안전운전불이행,건조,맑음,교차로 - 교차로안,승용,남,21세,상해없음,승용,여,34세,경상
2023112900100425,2023년 11월 29일 18시,수요일,충청남도 천안시 동남구 원성동,중상사고,0,1,0,0,차대사람 - 횡단중,보행자보호의무위반,젖음/습기,비,교차로 - 교차로횡단보도내,화물,남,68세,상해없음,보행자,여,63세,중상
2023112900100426,2023년 11월 29일 18시,수요일,충청남도 천안시 동남구 구성동,경상사고,0,0,1,0,차대차 - 측면충돌,신호위반,젖음/습기,비,교차로 - 교차로안,승용,남,65세,상해없음,이륜,남,40세,경상
2023112900100488,2023년 11월 29일 19시,수요일,충청남도 천안시 서북구 부대동,중상사고,0,1,0,0,차대차 - 측면충돌,신호위반,젖음/습기,흐림,교차로 - 교차로안,이륜,남,53세,중상,승합,남,34세,상해없음
2023112900100489,2023년 11월 29일 19시,수요일,충청남도 천안시 서북구 직산읍,경상사고,0,0,1,0,차대사람 - 횡단중,안전운전불이행,젖음/습기,흐림,단일로 - 기타,승용,여,46세,상해없음,보행자,남,44세,경상
2023112900100490,2023년 11월 29일 19시,수요일,충청남도 천안시 동남구 구성동,중상사고,0,2,0,0,차대사람 - 횡단중,보행자보호의무위반,젖음/습기,비,단일로 - 기타,이륜,남,45세,중상,보행자,여,18세,중상
2023112900100520,2023년 11월 29일 20시,수요일,충청남도 천안시 서북구 불당동,경상사고,0,0,1,0,차대차 - 측면충돌,안전운전불이행,건조,흐림,단일로 - 기타,승용,여,60세,상해없음,이륜,남,62세,경상
2023112900100521,2023년 11월 29일 20시,수요일,충청남도 아산시 모종동,경상사고,0,0,2,0,차대차 - 추돌,안전운전불이행,젖음/습기,비,교차로 - 교차로부근,승용,남,27세,상해없음,이륜,남,44세,경상