사고번호,사고일시,요일,시군구,사고내용,사망자수,중상자수,경상자수,부상신고자수,사고유형,법규위반,노면상태,기상상태,도로형태,가해운전자 차종,가해운전자 성별,가해운전자 연령,가해운전자 상해정도,피해운전자 차종,피해운전자 성별,피해운전자 연령,피해운전자 상해정도
2023112900100572,2023년 11월 29일 23시,수요일,충청남도 아산시 배방읍,경상사고,0,0,1,0,차대차 - 기타,안전운전불이행,건조,맑음,단일로 - 기타,승용,남,31세,상해없음,승합,남,65세,경상
2023113000100040,2023년 11월 30일 06시,목요일,충청남도 천안시 서북구 성정동,경상사고,0,0,1,0,차대차 - 측면충돌,안전운전불이행,건조,맑음,교차로 - 교차로안,승용,남,76세,상해없음,승용,남,35세,경상
2023113000100041,2023년 11월 30일 06시,목요일,충청남도 천안시 서북구 성성동,경상사고,0,0,1,0,차대차 - 측면충돌,교차로운행방법위반,건조,맑음,교차로 - 교차로안,승용,여,48세,상해없음,승용,남,48세,경상
2023113000100063,2023년 11월 30일 07시,목요일,충청남도 천안시 동남구 목천읍,경상사고,0,0,2,0,차대차 - 후진중충돌,안전운전불이행,건조,맑음,주차장 - 주차장,화물,남,28세,상해없음,승용,여,31세,경상
2023113000100099,2023년 11월 30일 08시,목요일,충청남도 홍성군 홍성읍,경상사고,0,0,1,0,차대차 - 측면충돌,교차로운행방법위반,건조,맑음,교차로 - 교차로안,건설기계,남,54세,상해없음,화물,남,40세,경상
2023113000100170,2023년 11월 30일 10시,목요일,충청남도 서산시 읍내동,경상사고,0,0,1,0,차대차 - 측면충돌,안전운전불이행,건조,맑음,교차로 - 교차로부근,승용,여,33세,상해없음,승용,여,49세,경상
2023113000100171,2023년 11월 30일 10시,목요일,충청남도 서천군 서천읍,경상사고,0,0,1,0,차대차 - 측면충돌,안전운전불이행,건조,맑음,단일로 - 기타,승용,여,60세,상해없음,승용,남,54세,경상
2023113000100204,2023년 11월 30일 11시,목요일,충청남도 천안시 서북구 차암동,경상사고,0,0,1,0,차대사람 - 기타,안전운전불이행,기타,기타,기타 - 기타,승용,남,64세,상해없음,보행자,여,44세,경상
2023113000100205,2023년 11월 30일 11시,목요일,충청남도 아산시 둔포면,경상사고,0,0,1,0,차대차 - 측면충돌,안전운전불이행,건조,맑음,단일로 - 기타,승용,남,55세,상해없음,자전거,남,85세,경상
2023113000100231,2023년 11월 30일 12시,목요일,충청남도 홍성군 홍성읍,경상사고,0,0,1,0,차대차 - 기타,안전운전불이행,건조,맑음,교차로 - 교차로안,승용,남,66세,상해없음,승용,여,51세,경상
2023113000100264,2023년 11월 30일 13시,목요일,충청남도 천안시 동남구 원성동,경상사고,0,0,1,0,차대차 - 후진중충돌,안전운전불이행,건조,맑음,단일로 - 기타,이륜,남,27세,상해없음,승용,여,31세,경상
2023113000100265,2023년 11월 30일 13시,목요일,충청남도 천안시 동남구 봉명동,경상사고,0,0,1,0,차대차 - 측면충돌,안전운전불이행,건조,맑음,단일로 - 기타,화물,남,61세,상해없음,화물,남,42세,기타불명
2023113000100300,2023년 11월 30일 14시,목요일,충청남도 공주시 옥룡동,경상사고,0,0,1,0,차대차 - 기타,중앙선침범,건조,맑음,교차로 - 교차로부근,승용,남,49세,상해없음,이륜,남,26세,경상
2023113000100378,2023년 11월 30일 16시,목요일,충청남도 천안시 서북구 두정동,경상사고,0,0,1,0,차대차 - 측면충돌,안전거리미확보,건조,맑음,기타 - 기타,승용,남,65세,상해없음,승합,남,56세,경상
2023113000100425,2023년 11월 30일 17시,목요일,충청남도 천안시 서북구 두정동,경상사고,0,0,1,0,차대차 - 측면충돌,안전운전불이행,건조,맑음,교차로 - 교차로부근,승용,남,66세,상해없음,승용,여,56세,경상
2023113000100426,2023년 11월 30일 17시,목요일,충청남도 아산시 배방읍,중상사고,0,1,0,0,차대차 - 정면충돌,중앙선침범,건조,맑음,단일로 - 기타,이륜,남,47세,상해없음,이륜,남,18세,중상
2023113000100483,2023년 11월 30일 18시,목요일,충청남도 천안시 동남구 봉명동,경상사고,0,0,1,0,차대차 - 추돌,안전운전불이행,건조,맑음,교차로 - 교차로부근,승용,남,63세,상해없음,승용,남,33세,경상
2023113000100535,2023년 11월 30일 19시,목요일,충청남도 아산시 온천동,경상사고,0,0,1,0,차대사람 - 차도통행중,안전운전불이행,건조,맑음,단일로 - 기타,승용,남,67세,상해없음,보행자,여,52세,경상
2023113000100536,2023년 11월 30일 19시,목요일,충청남도 아산시 탕정면,경상사고,0,0,2,0,차대차 - 추돌,안전운전불이행,건조,맑음,단일로 - 기타,화물,남,51세,상해없음,화물,남,70세,경상
2023113000100590,2023년 11월 30일 21시,목요일,충청남도 보령시 웅천읍,중상사고,0,1,0,0,차대사람 - 횡단중,안전운전불이행,건조,맑음,교차로 - 교차로안,승용,남,74세,상해없음,보행자,남,48세,중상
2023113000100608,2023년 11월 30일 22시,목요일,충청남도 천안시 서북구 두정동,경상사고,0,0,1,0,차대차 - 기타,안전운전불이행,건조,맑음,교차로 - 교차로안,이륜,남,23세,기타불명,원동기,남,34세,경상
2023120100100037,2023년 12월 1일 05시,금요일,충청남도 공주시 중동,사망사고,1,0,0,0,차대사람 - 횡단중,안전운전불이행,건조,흐림,단일로 - 기타,화물,남,61세,상해없음,보행자,여,65세,사망
2023120100100089,2023년 12월 1일 08시,금요일,충청남도 천안시 서북구 성거읍,경상사고,0,0,2,0,차대차 - 추돌,안전운전불이행,건조,맑음,단일로 - 기타,화물,남,44세,상해없음,승용,여,40세,경상
2023120100100090,2023년 12월 1일 08시,금요일,충청남도 천안시 서북구 불당동,경상사고,0,0,1,0,차대차 - 측면충돌,안전운전불이행,건조,맑음,교차로 - 교차로안,승용,여,46세,상해없음,승용,여,42세,경상
2023120100100091,2023년 12월 1일 08시,금요일,충청남도 논산시 등화동,중상사고,0,1,0,0,차대차 - 측면충돌,신호위반,건조,맑음,교차로 - 교차로횡단보도내,승용,여,41세,상해없음,자전거,남,15세,중상
2023120100100092,2023년 12월 1일 08시,금요일,충청남도 공주시 우성면,경상사고,0,0,2,0,차대차 - 기타,안전운전불이행,건조,맑음,단일로 - 터널,승용,남,45세,상해없음,건설기계,남,66세,경상
2023120100100128,2023년 12월 1일 09시,금요일,충청남도 아산시 음봉면,경상사고,0,0,1,0,차대차 - 후진중충돌,불법유턴,건조,맑음,단일로 - 기타,화물,남,38세,상해없음,승용,여,38세,경상
2023120100100129,2023년 12월 1일 09시,금요일,충청남도 예산군 삽교읍,경상사고,0,0,2,0,차대차 - 추돌,안전운전불이행,건조,맑음,단일로 - 기타,승용,여,43세,상해없음,승용,여,49세,경상
2023120100100211,2023년 12월 1일 11시,금요일,충청남도 천안시 서북구 불당동,경상사고,0,0,1,0,차대차 - 측면충돌,안전운전불이행,건조,맑음,단일로 - 기타,승용,여,60세,상해없음,승용,남,28세,경상
2023120100100212,2023년 12월 1일 11시,금요일,충청남도 아산시 둔포면,중상사고,0,2,0,0,차대차 - 추돌,안전거리미확보,건조,맑음,단일로 - 기타,화물,남,42세,상해없음,승용,남,58세,중상
2023120100100213,2023년 12월 1일 11시,금요일,충청남도 천안시 동남구 문화동,경상사고,0,0,2,0,차대차 - 측면충돌,안전운전불이행,건조,맑음,단일로 - 기타,승용,여,69세,경상,건설기계,남,51세,경상
2023120100100214,2023년 12월 1일 11시,금요일,충청남도 태안군 태안읍,중상사고,0,1,0,0,차대사람 - 차도통행중,안전운전불이행,건조,맑음,단일로 - 기타,승용,여,70세,상해없음,보행자,여,53세,중상
2023120100100269,2023년 12월 1일 13시,금요일,충청남도 아산시 모종동,경상사고,0,0,2,0,차대차 - 측면충돌,신호위반,건조,맑음,교차로 - 교차로안,승용,여,38세,경상,승용,남,37세,경상
2023120100100306,2023년 12월 1일 14시,금요일,충청남도 홍성군 광천읍,사망사고,1,0,0,0,차대사람 - 기타,안전거리미확보,건조,맑음,단일로 - 기타,농기계,남,57세,기타불명,보행자,남,56세,사망
2023120100100337,2023년 12월 1일 15시,금요일,충청남도 천안시 서북구 와촌동,경상사고,0,0,1,0,차대차 - 측면충돌,신호위반,건조,맑음,교차로 - 교차로안,승용,남,69세,상해없음,승용,남,60세,경상
2023120100100338,2023년 12월 1일 15시,금요일,충청남도 아산시 송악면,경상사고,0,0,1,0,차대차 - 정면충돌,중앙선침범,건조,맑음,단일로 - 기타,승용,남,79세,상해없음,건설기계,남,67세,경상
2023120100100339,2023년 12월 1일 15시,금요일,충청남도 천안시 동남구 북면,경상사고,0,0,1,0,차대사람 - 횡단중,안전운전불이행,건조,맑음,교차로 - 교차로안,승용,남,29세,상해없음,보행자,여,84세,경상
2023120100100365,2023년 12월 1일 16시,금요일,충청남도 천안시 서북구 불당동,부상신고사고,0,0,0,4,차대차 - 측면충돌,안전운전불이행,건조,맑음,교차로 - 교차로안,승용,남,40세,상해없음,승용,남,34세,부상신고
2023120100100366,2023년 12월 1일 16시,금요일,충청남도 아산시 도고면,중상사고,0,1,0,0,차대사람 - 기타,보행자보호의무위반,건조,맑음,단일로 - 기타,승용,남,70세,상해없음,보행자,남,85세,중상
2023120100100367,2023년 12월 1일 16시,금요일,충청남도 예산군 예산읍,경상사고,0,0,1,2,차대차 - 후진중충돌,안전운전불이행,건조,맑음,주차장 - 주차장,승용,여,69세,상해없음,승용,남,47세,부상신고
2023120100100411,2023년 12월 1일 17시,금요일,충청남도 천안시 서북구 직산읍,경상사고,0,0,3,1,차대차 - 측면충돌,안전운전불이행,건조,맑음,단일로 - 기타,승용,남,63세,부상신고,화물,남,55세,경상
2023120100100412,2023년 12월 1일 17시,금요일,충청남도 서천군 장항읍,경상사고,0,0,2,0,차대차 - 측면충돌,안전거리미확보,건조,맑음,단일로 - 기타,승용,남,53세,상해없음,승용,남,40세,경상
2023120100100465,2023년 12월 1일 18시,금요일,충청남도 서천군 장항읍,사망사고,1,0,0,0,차대사람 - 기타,기타,건조,맑음,단일로 - 기타,승용,남,73세,상해없음,보행자,여,65세,사망
2023120100100560,2023년 12월 1일 20시,금요일,충청남도 서산시 예천동,경상사고,0,0,1,0,차대차 - 후진중충돌,안전운전불이행,건조,맑음,교차로 - 교차로안,승용,남,70세,상해없음,승용,남,47세,경상
2023120100100589,2023년 12월 1일 21시,금요일,충청남도 천안시 서북구 불당동,부상신고사고,0,0,0,1,차대차 - 측면충돌,안전운전불이행,건조,맑음,단일로 - 기타,승합,남,72세,상해없음,이륜,남,19세,부상신고
2023120100100590,2023년 12월 1일 21시,금요일,충청남도 천안시 동남구 원성동,경상사고,0,0,1,0,차대사람 - 길가장자리구역통행중,안전운전불이행,건조,맑음,교차로 - 교차로안,승용,남,52세,상해없음,보행자,여,52세,경상
2023120100100591,2023년 12월 1일 21시,금요일,충청남도 천안시 동남구 신방동,중상사고,0,1,0,0,차대사람 - 횡단중,보행자보호의무위반,건조,맑음,교차로 - 교차로횡단보도내,승용,남,47세,상해없음,보행자,남,65세,중상
2023120100100615,2023년 12월 1일 22시,금요일,충청남도 아산시 장존동,경상사고,0,0,1,0,차대차 - 측면충돌,안전운전불이행,건조,맑음,단일로 - 기타,승용,남,26세,상해없음,승합,남,51세,경상
2023120100100635,2023년 12월 1일 23시,금요일,충청남도 예산군 삽교읍,경상사고,0,0,1,0,차대차 - 추돌,안전운전불이행,건조,흐림,교차로 - 교차로부근,이륜,남,51세,상해없음,승용,남,46세,경상
2023120200100028,2023년 12월 2일 02시,토요일,충청남도 천안시 서북구 성환읍,경상사고,0,0,1,0,차대차 - 추돌,안전운전불이행,건조,맑음,단일로 - 기타,승용,남,29세,상해없음,승용,남,37세,상해없음
2023120200100049,2023년 12월 2일 06시,토요일,충청남도 당진시 수청동,경상사고,0,0,1,0,차대차 - 측면충돌,안전운전불이행,건조,맑음,단일로 - 기타,승용,여,54세,기타불명,승용,남,42세,경상
2023120200100079,2023년 12월 2일 08시,토요일,충청남도 아산시 신창면,경상사고,0,0,1,0,차대차 - 후진중충돌,안전운전불이행,건조,맑음,단일로 - 기타,승용,여,59세,상해없음,화물,남,55세,경상
2023120200100164,2023년 12월 2일 11시,토요일,충청남도 천안시 서북구 백석동,부상신고사고,0,0,0,1,차대차 - 기타,안전운전불이행,건조,맑음,단일로 - 기타,원동기,남,21세,부상신고,승용,남,58세,상해없음
2023120200100165,2023년 12월 2일 11시,토요일,충청남도 천안시 서북구 성정동,경상사고,0,0,2,0,차대차 - 기타,안전운전불이행,건조,맑음,단일로 - 기타,승용,여,42세,상해없음,승용,여,50세,경상
2023120200100166,2023년 12월 2일 11시,토요일,충청남도 태안군 근흥면,중상사고,0,1,0,0,차대차 - 추돌,안전운전불이행,건조,흐림,단일로 - 기타,화물,남,55세,상해없음,승용,여,55세,중상
2023120200100189,2023년 12월 2일 12시,토요일,충청남도 서산시 석남동,경상사고,0,0,1,0,차대차 - 측면충돌,신호위반,건조,맑음,교차로 - 교차로안,승용,여,43세,상해없음,승용,여,49세,경상
2023120200100219,2023년 12월 2일 13시,토요일,충청남도 보령시 대천동,중상사고,0,1,0,0,차대사람 - 기타,안전운전불이행,건조,맑음,주차장 - 주차장,승용,여,53세,상해없음,보행자,여,78세,중상
2023120200100220,2023년 12월 2일 13시,토요일,충청남도 태안군 태안읍,중상사고,0,1,0,0,차대사람 - 기타,안전운전불이행,건조,맑음,주차장 - 주차장,승용,남,54세,상해없음,보행자,여,55세,중상
2023120200100275,2023년 12월 2일 14시,토요일,충청남도 천안시 서북구 성정동,중상사고,0,1,0,0,차대차 - 측면충돌,안전운전불이행,건조,맑음,단일로 - 기타,화물,남,60세,상해없음,승용,남,37세,중상
2023120200100276,2023년 12월 2일 14시,토요일,충청남도 천안시 동남구 신방동,경상사고,0,0,2,0,차대차 - 정면충돌,신호위반,건조,맑음,교차로 - 교차로안,승용,남,75세,상해없음,승용,남,45세,경상
2023120200100309,2023년 12월 2일 15시,토요일,충청남도 천안시 서북구 쌍용동,경상사고,0,0,1,0,차대차 - 추돌,안전운전불이행,건조,맑음,단일로 - 기타,승용,여,35세,상해없음,승용,여,47세,경상
2023120200100310,2023년 12월 2일 15시,토요일,충청남도 예산군 예산읍,중상사고,0,1,0,0,차대사람 - 차도통행중,안전운전불이행,건조,맑음,단일로 - 기타,승용,남,61세,상해없음,보행자,여,12세,중상
2023120200100341,2023년 12월 2일 16시,토요일,충청남도 부여군 부여읍,중상사고,0,3,0,0,차대차 - 기타,교차로운행방법위반,건조,맑음,교차로 - 교차로안,승용,남,68세,상해없음,승용,여,41세,중상
2023120200100342,2023년 12월 2일 16시,토요일,충청남도 부여군 규암면,경상사고,0,0,1,0,차량단독 - 공작물충돌,안전운전불이행,건조,맑음,단일로 - 기타,승용,남,63세,경상,,,,
2023120200100377,2023년 12월 2일 17시,토요일,충청남도 천안시 동남구 목천읍,중상사고,0,1,1,0,차대차 - 측면충돌,안전거리미확보,건조,맑음,교차로 - 교차로안,승용,남,62세,상해없음,승용,남,44세,중상
2023120200100424,2023년 12월 2일 18시,토요일,충청남도 서산시 부석면,경상사고,0,0,3,0,차대차 - 측면충돌,차로위반,건조,맑음,단일로 - 기타,승용,남,63세,상해없음,승용,여,45세,경상
2023120200100425,2023년 12월 2일 18시,토요일,충청남도 아산시 신창면,경상사고,0,0,1,0,차대차 - 추돌,안전운전불이행,젖음/습기,비,교차로 - 교차로안,승용,남,50세,상해없음,승용,남,44세,상해없음
2023120200100426,2023년 12월 2일 18시,토요일,충청남도 당진시 읍내동,경상사고,0,0,2,0,차대차 - 측면충돌,교차로운행방법위반,건조,맑음,교차로 - 교차로부근,승용,여,52세,상해없음,승용,남,30세,경상
2023120200100427,2023년 12월 2일 18시,토요일,충청남도 천안시 동남구 구성동,경상사고,0,0,1,0,차대차 - 측면충돌,신호위반,건조,맑음,교차로 - 교차로안,승용,여,58세,상해없음,승용,여,32세,경상
2023120200100428,2023년 12월 2일 18시,토요일,충청남도 천안시 동남구 목천읍,중상사고,0,1,0,0,차대차 - 측면충돌,신호위반,젖음/습기,비,교차로 - 교차로안,승용,남,58세,상해없음,승용,여,31세,중상
2023120200100472,2023년 12월 2일 19시,토요일,충청남도 천안시 서북구 쌍용동,경상사고,0,0,2,0,차대차 - 추돌,안전거리미확보,건조,맑음,교차로 - 교차로부근,승용,남,35세,기타불명,승용,남,21세,경상
2023120200100473,2023년 12월 2일 19시,토요일,충청남도 천안시 서북구 두정동,경상사고,0,0,1,0,차량단독 - 기타,안전운전불이행,건조,맑음,교차로 - 교차로횡단보도내,승합,남,51세,상해없음,,,,
2023120200100474,2023년 12월 2일 19시,토요일,충청남도 홍성군 홍성읍,경상사고,0,0,1,0,차대차 - 측면충돌,중앙선침범,건조,맑음,교차로 - 교차로부근,승용,남,61세,상해없음,승용,여,36세,경상
2023120200100475,2023년 12월 2일 19시,토요일,충청남도 공주시 신관동,경상사고,0,0,1,1,차대차 - 측면충돌,신호위반,건조,맑음,교차로 - 교차로부근,이륜,남,23세,부상신고,승용,남,59세,경상
2023120200100476,2023년 12월 2일 19시,토요일,충청남도 부여군 규암면,경상사고,0,0,1,0,차대차 - 기타,교차로운행방법위반,젖음/습기,비,교차로 - 교차로안,화물,남,62세,상해없음,이륜,남,35세,경상
2023120200100477,2023년 12월 2일 19시,토요일,충청남도 천안시 동남구 신부동,경상사고,0,0,1,0,차대사람 - 횡단중,안전운전불이행,건조,맑음,단일로 - 기타,원동기,남,17세,상해없음,보행자,남,24세,경상
2023120200100513,2023년 12월 2일 20시,토요일,충청남도 천안시 서북구 성성동,경상사고,0,0,2,0,차대차 - 측면충돌,기타,건조,맑음,단일로 - 기타,승용,여,28세,상해없음,승용,남,37세,상해없음
2023120200100536,2023년 12월 2일 21시,토요일,충청남도 천안시 동남구 성황동,경상사고,0,0,1,0,차대사람 - 차도통행중,안전운전불이행,건조,맑음,기타 - 기타,승용,여,59세,상해없음,보행자,여,17세,경상
2023120200100554,2023년 12월 2일 22시,토요일,충청남도 아산시 신동,경상사고,0,0,1,0,차대차 - 후진중충돌,안전운전불이행,건조,맑음,기타 - 기타,승용,남,54세,상해없음,승용,여,26세,경상
2023120200100555,2023년 12월 2일 22시,토요일,충청남도 아산시 방축동,경상사고,0,0,1,0,차대차 - 추돌,안전운전불이행,젖음/습기,비,단일로 - 기타,승용,남,53세,상해없음,승용,여,55세,경상
2023120200100556,2023년 12월 2일 22시,토요일,충청남도 당진시 수청동,경상사고,0,0,1,0,차대차 - 측면충돌,신호위반,건조,맑음,교차로 - 교차로안,승용,남,39세,상해없음,승용,남,33세,경상
2023120300100079,2023년 12월 3일 10시,일요일,충청남도 천안시 동남구 신방동,경상사고,0,0,1,0,차대차 - 측면충돌,차로위반,건조,맑음,단일로 - 기타,승용,남,62세,상해없음,승합,남,55세,경상
2023120300100105,2023년 12월 3일 11시,일요일,충청남도 천안시 동남구 신방동,사망사고,1,1,0,0,차대차 - 기타,안전운전불이행,건조,맑음,단일로 - 기타,이륜,남,28세,중상,승합,남,69세,상해없음
2023120300100137,2023년 12월 3일 12시,일요일,충청남도 홍성군 광천읍,경상사고,0,0,2,0,차대차 - 기타,안전운전불이행,건조,맑음,단일로 - 기타,승용,남,45세,상해없음,승용,남,55세,경상
2023120300100168,2023년 12월 3일 13시,일요일,충청남도 천안시 서북구 직산읍,부상신고사고,0,0,0,1,차대차 - 기타,안전운전불이행,건조,맑음,교차로 - 교차로부근,이륜,남,61세,부상신고,승합,남,64세,상해없음
2023120300100228,2023년 12월 3일 15시,일요일,충청남도 보령시 대천동,중상사고,0,1,0,0,차대사람 - 횡단중,보행자보호의무위반,건조,맑음,교차로 - 교차로안,승용,여,48세,상해없음,보행자,여,86세,중상
2023120300100251,2023년 12월 3일 16시,일요일,충청남도 아산시 모종동,경상사고,0,0,1,0,차대차 - 기타,신호위반,건조,맑음,교차로 - 교차로안,이륜,남,33세,상해없음,자전거,남,8세,경상
2023120300100252,2023년 12월 3일 16시,일요일,충청남도 청양군 장평면,경상사고,0,0,1,0,차대차 - 측면충돌,중앙선침범,건조,맑음,단일로 - 기타,승용,남,79세,상해없음,특수,남,48세,경상
2023120300100253,2023년 12월 3일 16시,일요일,충청남도 천안시 동남구 신방동,경상사고,0,0,1,0,차대차 - 측면충돌,교차로운행방법위반,건조,맑음,교차로 - 교차로안,승용,남,56세,상해없음,승용,남,21세,경상
2023120300100254,2023년 12월 3일 16시,일요일,충청남도 천안시 동남구 삼룡동,중상사고,0,1,0,0,차대차 - 측면충돌,안전운전불이행,건조,맑음,교차로 - 교차로부근,승합,남,67세,상해없음,승용,여,57세,중상
2023120300100284,2023년 12월 3일 17시,일요일,충청남도 아산시 배미동,경상사고,0,0,2,0,차대차 - 기타,기타,건조,맑음,교차로 - 교차로부근,승용,남,64세,상해없음,승용,여,62세,경상
2023120300100285,2023년 12월 3일 17시,일요일,충청남도 예산군 응봉면,경상사고,0,0,4,0,차대차 - 측면충돌,기타,건조,맑음,교차로 - 교차로부근,건설기계,남,49세,상해없음,승용,남,50세,경상
2023120300100369,2023년 12월 3일 20시,일요일,충청남도 보령시 동대동,경상사고,0,0,1,0,차대차 - 측면충돌,불법유턴,건조,맑음,교차로 - 교차로안,승용,여,59세,상해없음,승용,여,63세,경상
2023120300100403,2023년 12월 3일 22시,일요일,충청남도 천안시 동남구 신부동,경상사고,0,0,1,0,차대사람 - 기타,안전운전불이행,건조,맑음,기타 - 기타,승용,여,26세,상해없음,보행자,여,20세,경상
2023120400100047,2023년 12월 4일 06시,월요일,충청남도 서산시 동문동,경상사고,0,0,1,0,차대차 - 측면충돌,신호위반,건조,맑음,교차로 - 교차로안,승용,남,69세,상해없음,승용,남,57세,경상
2023120400100108,2023년 12월 4일 08시,월요일,충청남도 논산시 연무읍,경상사고,0,0,1,0,차대차 - 측면충돌,기타,건조,맑음,단일로 - 기타,승용,남,63세,경상,화물,남,48세,상해없음
2023120400100109,2023년 12월 4일 08시,월요일,충청남도 부여군 옥산면,경상사고,0,0,1,0,차대차 - 정면충돌,안전운전불이행,건조,맑음,단일로 - 기타,이륜,남,28세,경상,화물,남,61세,상해없음
2023120400100160,2023년 12월 4일 09시,월요일,충청남도 서산시 예천동,중상사고,0,1,0,0,차대차 - 측면충돌,신호위반,건조,맑음,교차로 - 교차로안,화물,남,54세,상해없음,승용,여,31세,중상
2023120400100161,2023년 12월 4일 09시,월요일,충청남도 홍성군 광천읍,사망사고,1,0,0,0,차량단독 - 공작물충돌,안전운전불이행,건조,맑음,단일로 - 기타,이륜,남,82세,사망,,,,
2023120400100162,2023년 12월 4일 09시,월요일,충청남도 보령시 신흑동,경상사고,0,0,2,0,차대차 - 측면충돌,안전운전불이행,건조,맑음,교차로 - 교차로안,승용,여,64세,상해없음,승용,남,27세,경상
2023120400100163,2023년 12월 4일 09시,월요일,충청남도 금산군 군북면,경상사고,0,0,6,0,차대차 - 정면충돌,중앙선침범,건조,맑음,교차로 - 교차로부근,승용,남,75세,상해없음,승합,여,46세,경상
2023120400100164,2023년 12월 4일 09시,월요일,충청남도 천안시 동남구 신부동,경상사고,0,0,1,0,차대차 - 측면충돌,교차로운행방법위반,건조,맑음,교차로 - 교차로안,승용,여,58세,상해없음,승용,남,31세,경상
2023120400100206,2023년 12월 4일 10시,월요일,충청남도 천안시 서북구 쌍용동,경상사고,0,0,1,0,차대사람 - 기타,안전운전불이행,건조,맑음,단일로 - 기타,승합,남,38세,상해없음,보행자,여,82세,경상
2023120400100207,2023년 12월 4일 10시,월요일,충청남도 천안시 서북구 성거읍,경상사고,0,0,2,0,차대차 - 측면충돌,안전거리미확보,건조,맑음,기타 - 기타,화물,남,40세,경상,승용,여,56세,경상
2023120400100208,2023년 12월 4일 10시,월요일,충청남도 예산군 예산읍,경상사고,0,0,1,0,차대차 - 기타,교차로운행방법위반,건조,맑음,교차로 - 교차로안,승용,남,30세,상해없음,특수,남,59세,경상
2023120400100209,2023년 12월 4일 10시,월요일,충청남도 천안시 동남구 신부동,경상사고,0,0,1,0,차대차 - 측면충돌,교차로운행방법위반,건조,맑음,단일로 - 기타,승용,남,40세,상해없음,승용,남,53세,경상
2023120400100238,2023년 12월 4일 11시,월요일,충청남도 아산시 배방읍,경상사고,0,0,1,0,차대차 - 정면충돌,안전운전불이행,건조,맑음,교차로 - 교차로안,승합,여,53세,상해없음,승용,여,50세,경상
2023120400100286,2023년 12월 4일 12시,월요일,충청남도 천안시 서북구 성환읍,경상사고,0,0,1,0,차대사람 - 차도통행중,안전운전불이행,건조,맑음,단일로 - 기타,승용,여,52세,상해없음,보행자,남,63세,경상
2023120400100287,2023년 12월 4일 12시,월요일,충청남도 당진시 수청동,경상사고,0,0,1,0,차대차 - 측면충돌,안전운전불이행,건조,맑음,단일로 - 기타,승용,남,61세,상해없음,승용,남,40세,경상
2023120400100320,2023년 12월 4일 13시,월요일,충청남도 천안시 서북구 직산읍,부상신고사고,0,0,0,1,차대사람 - 차도통행중,안전운전불이행,건조,맑음,단일로 - 기타,승용,남,55세,상해없음,보행자,남,32세,부상신고
2023120400100321,2023년 12월 4일 13시,월요일,충청남도 보령시 대천동,경상사고,0,0,2,0,차대차 - 추돌,안전운전불이행,건조,맑음,단일로 - 기타,화물,여,61세,상해없음,승용,남,33세,경상
2023120400100322,2023년 12월 4일 13시,월요일,충청남도 예산군 오가면,경상사고,0,0,1,0,차대차 - 측면충돌,안전운전불이행,건조,맑음,교차로 - 교차로안,승용,남,84세,상해없음,승용,남,31세,경상
2023120400100323,2023년 12월 4일 13시,월요일,충청남도 천안시 동남구 신부동,경상사고,0,0,4,0,차대차 - 측면충돌,안전운전불이행,건조,맑음,단일로 - 기타,화물,남,66세,상해없음,승합,남,63세,경상
2023120400100324,2023년 12월 4일 13시,월요일,충청남도 천안시 동남구 사직동,경상사고,0,0,1,0,차대사람 - 차도통행중,안전운전불이행,건조,맑음,단일로 - 기타,개인형이동수단(PM),남,74세,상해없음,보행자,여,80세,경상
2023120400100361,2023년 12월 4일 14시,월요일,충청남도 아산시 인주면,중상사고,0,4,4,0,차대차 - 추돌,안전운전불이행,건조,맑음,단일로 - 기타,승용,남,67세,상해없음,승용,여,69세,중상
2023120400100390,2023년 12월 4일 15시,월요일,충청남도 아산시 배방읍,경상사고,0,0,1,0,차대차 - 후진중충돌,안전운전불이행,건조,맑음,교차로 - 교차로안,승합,남,61세,상해없음,승용,남,40세,경상
2023120400100391,2023년 12월 4일 15시,월요일,충청남도 천안시 동남구 원성동,경상사고,0,0,2,0,차대차 - 측면충돌,안전운전불이행,건조,맑음,교차로 - 교차로안,승용,남,45세,경상,승용,남,67세,상해없음
2023120400100520,2023년 12월 4일 18시,월요일,충청남도 천안시 서북구 성성동,중상사고,0,1,0,0,차대차 - 측면충돌,안전운전불이행,건조,맑음,교차로 - 교차로안,승용,여,50세,상해없음,자전거,남,21세,중상
2023120400100521,2023년 12월 4일 18시,월요일,충청남도 예산군 대술면,중상사고,0,1,0,0,차대사람 - 길가장자리구역통행중,안전운전불이행,건조,맑음,단일로 - 기타,화물,남,42세,상해없음,보행자,남,49세,중상
2023120400100522,2023년 12월 4일 18시,월요일,충청남도 천안시 동남구 신부동,경상사고,0,0,2,0,차대차 - 측면충돌,차로위반,건조,맑음,단일로 - 기타,승용,남,28세,상해없음,승합,남,60세,경상
2023120400100523,2023년 12월 4일 18시,월요일,충청남도 천안시 동남구 청당동,경상사고,0,0,1,0,차대사람 - 횡단중,보행자보호의무위반,건조,맑음,단일로 - 기타,승용,여,41세,상해없음,보행자,여,30세,경상