사고번호,사고일시,요일,시군구,사고내용,사망자수,중상자수,경상자수,부상신고자수,사고유형,법규위반,노면상태,기상상태,도로형태,가해운전자 차종,가해운전자 성별,가해운전자 연령,가해운전자 상해정도,피해운전자 차종,피해운전자 성별,피해운전자 연령,피해운전자 상해정도
2023120900100249,2023년 12월 9일 13시,토요일,충청남도 천안시 서북구 쌍용동,경상사고,0,0,1,0,차대차 - 측면충돌,안전운전불이행,건조,맑음,교차로 - 교차로부근,이륜,남,32세,상해없음,승용,여,30세,경상
2023120900100250,2023년 12월 9일 13시,토요일,충청남도 천안시 서북구 불당동,중상사고,0,1,0,0,차대차 - 측면충돌,안전운전불이행,건조,맑음,단일로 - 기타,승용,여,45세,상해없음,승용,여,56세,중상
2023120900100283,2023년 12월 9일 14시,토요일,충청남도 서산시 잠홍동,경상사고,0,0,3,0,차대차 - 추돌,안전거리미확보,건조,맑음,교차로 - 교차로안,승용,여,49세,상해없음,이륜,남,74세,상해없음
2023120900100284,2023년 12월 9일 14시,토요일,충청남도 천안시 서북구 불당동,경상사고,0,0,1,0,차대차 - 측면충돌,안전운전불이행,건조,맑음,교차로 - 교차로횡단보도내,승용,남,18세,상해없음,개인형이동수단(PM),남,15세,경상
2023120900100285,2023년 12월 9일 14시,토요일,충청남도 아산시 탕정면,경상사고,0,0,1,0,차대차 - 기타,안전운전불이행,건조,맑음,교차로 - 교차로안,승용,남,57세,상해없음,승용,여,47세,경상
2023120900100286,2023년 12월 9일 14시,토요일,충청남도 천안시 동남구 유량동,중상사고,0,1,0,0,차량단독 - 공작물충돌,안전운전불이행,건조,맑음,기타 - 기타,이륜,남,48세,중상,,,,
2023120900100321,2023년 12월 9일 15시,토요일,충청남도 아산시 모종동,경상사고,0,0,2,0,차대사람 - 횡단중,보행자보호의무위반,건조,맑음,교차로 - 교차로횡단보도내,승용,남,52세,상해없음,보행자,남,1세,경상
2023120900100322,2023년 12월 9일 15시,토요일,충청남도 금산군 금산읍,중상사고,0,2,0,0,차대차 - 측면충돌,안전운전불이행,건조,맑음,교차로 - 교차로안,화물,남,76세,상해없음,승용,남,76세,중상
2023120900100323,2023년 12월 9일 15시,토요일,충청남도 천안시 동남구 신부동,경상사고,0,0,2,0,차대차 - 측면충돌,차로위반,건조,맑음,교차로 - 교차로안,승용,여,33세,상해없음,승합,남,65세,상해없음
2023120900100355,2023년 12월 9일 16시,토요일,충청남도 예산군 삽교읍,중상사고,0,1,0,0,차대사람 - 기타,안전운전불이행,건조,맑음,단일로 - 기타,화물,남,51세,상해없음,보행자,남,61세,중상
2023120900100386,2023년 12월 9일 17시,토요일,충청남도 공주시 정안면,중상사고,0,1,0,0,차대사람 - 기타,안전운전불이행,건조,맑음,단일로 - 기타,승용,남,50세,상해없음,보행자,남,49세,중상
2023120900100387,2023년 12월 9일 17시,토요일,충청남도 청양군 정산면,경상사고,0,0,1,0,차대차 - 정면충돌,안전운전불이행,건조,맑음,기타 - 기타,화물,남,47세,상해없음,승용,남,56세,경상
2023120900100430,2023년 12월 9일 18시,토요일,충청남도 부여군 구룡면,경상사고,0,0,1,0,차대차 - 추돌,안전운전불이행,건조,맑음,단일로 - 기타,기타불명,기타불명,미분류,기타불명,승용,남,32세,경상
2023120900100465,2023년 12월 9일 19시,토요일,충청남도 천안시 서북구 쌍용동,경상사고,0,0,1,0,차대차 - 추돌,안전운전불이행,건조,맑음,교차로 - 교차로부근,승용,남,72세,상해없음,이륜,여,42세,경상
2023120900100466,2023년 12월 9일 19시,토요일,충청남도 당진시 송악읍,경상사고,0,0,2,0,차대차 - 추돌,안전운전불이행,건조,맑음,단일로 - 지하차도(도로)내,승용,여,54세,상해없음,승용,남,24세,경상
2023120900100491,2023년 12월 9일 20시,토요일,충청남도 천안시 서북구 불당동,부상신고사고,0,0,0,1,차대차 - 정면충돌,안전운전불이행,건조,맑음,교차로 - 교차로부근,승용,여,33세,상해없음,개인형이동수단(PM),여,16세,부상신고
2023120900100492,2023년 12월 9일 20시,토요일,충청남도 천안시 동남구 풍세면,경상사고,0,0,2,0,차대차 - 측면충돌,신호위반,건조,맑음,단일로 - 기타,승합,남,58세,상해없음,승용,남,66세,경상
2023120900100518,2023년 12월 9일 21시,토요일,충청남도 아산시 온천동,경상사고,0,0,1,0,차대사람 - 보도통행중,기타,건조,맑음,단일로 - 기타,자전거,남,44세,상해없음,보행자,남,54세,경상
2023120900100563,2023년 12월 9일 23시,토요일,충청남도 아산시 배방읍,경상사고,0,0,1,0,차대차 - 추돌,안전운전불이행,건조,맑음,단일로 - 기타,승용,남,29세,상해없음,승용,남,49세,경상
2023121000100011,2023년 12월 10일 00시,일요일,충청남도 천안시 서북구 불당동,경상사고,0,0,1,0,차대사람 - 차도통행중,안전운전불이행,건조,맑음,교차로 - 교차로안,승용,남,25세,상해없음,보행자,남,25세,경상
2023121000100075,2023년 12월 10일 08시,일요일,충청남도 천안시 서북구 백석동,부상신고사고,0,0,0,2,차대차 - 측면충돌,안전운전불이행,건조,맑음,단일로 - 기타,화물,남,64세,부상신고,승용,남,60세,부상신고
2023121000100149,2023년 12월 10일 12시,일요일,충청남도 서산시 잠홍동,경상사고,0,0,4,0,차대차 - 측면충돌,안전운전불이행,건조,맑음,교차로 - 교차로안,승용,여,47세,상해없음,승용,남,22세,경상
2023121000100151,2023년 12월 10일 12시,일요일,충청남도 천안시 동남구 신방동,경상사고,0,0,1,0,차대차 - 기타,신호위반,건조,맑음,교차로 - 교차로안,승용,남,72세,상해없음,승용,남,32세,경상
2023121000100169,2023년 12월 10일 13시,일요일,충청남도 공주시 정안면,중상사고,0,1,0,0,차대차 - 추돌,신호위반,건조,맑음,단일로 - 기타,승용,남,62세,기타불명,승용,남,44세,중상
2023121000100227,2023년 12월 10일 15시,일요일,충청남도 천안시 서북구 쌍용동,중상사고,0,1,0,0,차대차 - 측면충돌,안전운전불이행,건조,맑음,단일로 - 기타,승용,남,29세,기타불명,이륜,남,42세,중상
2023121000100256,2023년 12월 10일 16시,일요일,충청남도 아산시 염치읍,경상사고,0,0,2,0,차대차 - 추돌,안전운전불이행,건조,맑음,기타 - 기타,승용,남,71세,상해없음,승용,남,35세,경상
2023121000100257,2023년 12월 10일 16시,일요일,충청남도 당진시 채운동,경상사고,0,0,1,0,차대사람 - 횡단중,안전운전불이행,건조,맑음,기타 - 기타,승용,남,61세,상해없음,보행자,여,47세,경상
2023121000100258,2023년 12월 10일 16시,일요일,충청남도 천안시 동남구 청수동,중상사고,0,1,0,0,차대사람 - 횡단중,안전운전불이행,건조,맑음,교차로 - 교차로부근,승용,남,55세,상해없음,보행자,여,84세,중상
2023121000100288,2023년 12월 10일 17시,일요일,충청남도 천안시 서북구 두정동,경상사고,0,0,4,0,차대차 - 추돌,안전운전불이행,건조,맑음,교차로 - 교차로부근,승용,남,33세,상해없음,승용,남,41세,경상
2023121000100289,2023년 12월 10일 17시,일요일,충청남도 아산시 신창면,경상사고,0,0,1,0,차대차 - 기타,교차로운행방법위반,건조,맑음,교차로 - 교차로부근,승용,남,70세,상해없음,승용,남,27세,경상
2023121000100337,2023년 12월 10일 18시,일요일,충청남도 천안시 서북구 불당동,경상사고,0,0,1,0,차대차 - 측면충돌,안전거리미확보,건조,맑음,단일로 - 기타,승용,여,41세,상해없음,승용,남,63세,경상
2023121000100339,2023년 12월 10일 18시,일요일,충청남도 예산군 덕산면,경상사고,0,0,3,0,차대차 - 측면충돌,안전운전불이행,건조,맑음,단일로 - 기타,화물,남,62세,상해없음,승용,남,62세,경상
2023121000100340,2023년 12월 10일 18시,일요일,충청남도 금산군 추부면,경상사고,0,0,2,0,차대차 - 측면충돌,교차로운행방법위반,건조,맑음,교차로 - 교차로안,승용,남,66세,상해없음,승용,남,45세,경상
2023121000100393,2023년 12월 10일 20시,일요일,충청남도 금산군 금산읍,중상사고,0,1,0,0,차대사람 - 기타,안전운전불이행,기타,기타,단일로 - 기타,승용,여,48세,상해없음,보행자,남,70세,중상
2023121000100406,2023년 12월 10일 21시,일요일,충청남도 계룡시 두마면,경상사고,0,0,1,0,차대차 - 측면충돌,안전운전불이행,건조,맑음,교차로 - 교차로안,승용,여,46세,기타불명,승용,남,53세,경상
2023121000100431,2023년 12월 10일 23시,일요일,충청남도 천안시 동남구 봉명동,중상사고,0,1,0,0,차대사람 - 기타,안전운전불이행,건조,맑음,교차로 - 교차로안,승용,여,45세,상해없음,보행자,남,56세,중상
2023121100100082,2023년 12월 11일 07시,월요일,충청남도 천안시 서북구 성성동,경상사고,0,0,1,0,차대차 - 기타,직진우회전진행방해,건조,맑음,교차로 - 교차로안,건설기계,남,63세,기타불명,승용,여,54세,경상
2023121100100083,2023년 12월 11일 07시,월요일,충청남도 공주시 사곡면,경상사고,0,0,1,0,차대차 - 추돌,안전운전불이행,건조,맑음,단일로 - 기타,화물,남,38세,경상,건설기계,남,49세,기타불명
2023121100100084,2023년 12월 11일 07시,월요일,충청남도 천안시 동남구 신방동,경상사고,0,0,1,0,차대차 - 기타,신호위반,건조,흐림,교차로 - 교차로안,승용,여,43세,상해없음,승용,남,57세,경상
2023121100100085,2023년 12월 11일 07시,월요일,충청남도 천안시 동남구 쌍용동,중상사고,0,1,0,0,차대차 - 측면충돌,안전운전불이행,건조,맑음,단일로 - 기타,승용,남,74세,상해없음,승용,남,58세,중상
2023121100100086,2023년 12월 11일 07시,월요일,충청남도 태안군 원북면,경상사고,0,0,1,0,차대차 - 측면충돌,중앙선침범,건조,맑음,기타 - 기타,승용,남,45세,상해없음,승용,남,33세,경상
2023121100100120,2023년 12월 11일 08시,월요일,충청남도 공주시 우성면,경상사고,0,0,1,0,차대차 - 측면충돌,안전운전불이행,건조,맑음,단일로 - 기타,건설기계,남,49세,상해없음,승용,여,51세,경상
2023121100100182,2023년 12월 11일 10시,월요일,충청남도 천안시 서북구 성정동,경상사고,0,0,1,0,차대차 - 측면충돌,중앙선침범,젖음/습기,비,단일로 - 기타,승용,여,38세,상해없음,이륜,남,34세,경상
2023121100100209,2023년 12월 11일 11시,월요일,충청남도 당진시 원당동,경상사고,0,0,2,0,차대차 - 측면충돌,차로위반,젖음/습기,비,단일로 - 기타,승용,남,37세,상해없음,승용,남,41세,경상
2023121100100270,2023년 12월 11일 13시,월요일,충청남도 천안시 서북구 불당동,경상사고,0,0,2,0,차대차 - 추돌,안전운전불이행,건조,맑음,교차로 - 교차로부근,승용,여,47세,상해없음,승용,여,44세,경상
2023121100100297,2023년 12월 11일 14시,월요일,충청남도 아산시 둔포면,경상사고,0,0,1,0,차대사람 - 횡단중,안전운전불이행,건조,맑음,단일로 - 기타,승용,여,37세,상해없음,보행자,남,53세,경상
2023121100100298,2023년 12월 11일 14시,월요일,충청남도 당진시 석문면,중상사고,0,1,1,0,차대차 - 측면충돌,신호위반,젖음/습기,비,교차로 - 교차로안,승용,남,67세,중상,승용,남,58세,경상
2023121100100299,2023년 12월 11일 14시,월요일,충청남도 천안시 동남구 안서동,경상사고,0,0,1,0,차대차 - 측면충돌,안전운전불이행,젖음/습기,비,교차로 - 교차로부근,승용,여,31세,상해없음,승용,여,50세,경상
2023121100100328,2023년 12월 11일 15시,월요일,충청남도 서산시 동문동,경상사고,0,0,1,0,차대차 - 추돌,안전운전불이행,젖음/습기,비,교차로 - 교차로안,승합,남,54세,상해없음,승용,여,69세,경상
2023121100100329,2023년 12월 11일 15시,월요일,충청남도 홍성군 홍성읍,중상사고,0,1,0,0,차대사람 - 기타,안전운전불이행,젖음/습기,비,기타 - 기타,승용,남,61세,상해없음,보행자,여,71세,중상
2023121100100330,2023년 12월 11일 15시,월요일,충청남도 아산시 배미동,경상사고,0,0,1,0,차대사람 - 횡단중,안전운전불이행,젖음/습기,비,주차장 - 주차장,화물,남,40세,상해없음,보행자,여,59세,경상
2023121100100331,2023년 12월 11일 15시,월요일,충청남도 아산시 영인면,경상사고,0,0,2,0,차대차 - 측면충돌,안전운전불이행,젖음/습기,비,단일로 - 기타,화물,남,55세,상해없음,화물,남,66세,경상
2023121100100332,2023년 12월 11일 15시,월요일,충청남도 천안시 동남구 사직동,경상사고,0,0,1,0,차대차 - 추돌,안전운전불이행,젖음/습기,비,기타 - 기타,승용,여,79세,기타불명,화물,남,59세,경상
2023121100100409,2023년 12월 11일 17시,월요일,충청남도 천안시 서북구 성정동,경상사고,0,0,2,1,차대차 - 측면충돌,신호위반,젖음/습기,비,교차로 - 교차로안,승용,여,46세,부상신고,승용,남,71세,경상
2023121100100410,2023년 12월 11일 17시,월요일,충청남도 천안시 서북구 입장면,사망사고,1,0,0,0,차대사람 - 횡단중,안전운전불이행,젖음/습기,비,단일로 - 교량,화물,남,58세,상해없음,보행자,여,85세,사망
2023121100100411,2023년 12월 11일 17시,월요일,충청남도 천안시 서북구 성환읍,경상사고,0,0,1,0,차대사람 - 기타,보행자보호의무위반,젖음/습기,비,교차로 - 교차로횡단보도내,화물,남,65세,상해없음,보행자,여,61세,경상
2023121100100412,2023년 12월 11일 17시,월요일,충청남도 천안시 서북구 불당동,경상사고,0,0,1,0,차대차 - 기타,신호위반,젖음/습기,비,교차로 - 교차로안,승용,남,41세,상해없음,이륜,남,44세,경상
2023121100100413,2023년 12월 11일 17시,월요일,충청남도 천안시 서북구 두정동,경상사고,0,0,1,0,차대사람 - 횡단중,신호위반,젖음/습기,비,단일로 - 기타,이륜,남,48세,상해없음,보행자,여,27세,경상
2023121100100511,2023년 12월 11일 18시,월요일,충청남도 천안시 서북구 직산읍,중상사고,0,1,0,0,차대사람 - 길가장자리구역통행중,안전운전불이행,젖음/습기,비,단일로 - 기타,승용,남,48세,상해없음,보행자,여,81세,중상
2023121100100512,2023년 12월 11일 18시,월요일,충청남도 천안시 서북구 두정동,경상사고,0,0,1,0,차대차 - 기타,안전운전불이행,젖음/습기,비,교차로 - 교차로안,승용,남,50세,상해없음,승용,남,23세,경상
2023121100100513,2023년 12월 11일 18시,월요일,충청남도 천안시 서북구 차암동,경상사고,0,0,2,0,차대차 - 측면충돌,안전운전불이행,젖음/습기,비,단일로 - 기타,승용,남,58세,경상,승용,남,45세,경상
2023121100100514,2023년 12월 11일 18시,월요일,충청남도 천안시 서북구 두정동,경상사고,0,0,2,0,차대차 - 기타,교차로운행방법위반,젖음/습기,비,교차로 - 교차로안,승용,여,29세,상해없음,승합,남,60세,경상
2023121100100515,2023년 12월 11일 18시,월요일,충청남도 천안시 서북구 성성동,경상사고,0,0,2,0,차대차 - 측면충돌,안전거리미확보,젖음/습기,비,단일로 - 기타,승용,여,27세,경상,승용,여,25세,경상
2023121100100516,2023년 12월 11일 18시,월요일,충청남도 예산군 신암면,중상사고,0,1,0,0,차대차 - 측면충돌,신호위반,젖음/습기,비,교차로 - 교차로안,승용,남,65세,상해없음,승용,남,51세,중상
2023121100100517,2023년 12월 11일 18시,월요일,충청남도 태안군 태안읍,경상사고,0,0,2,0,차대차 - 기타,신호위반,젖음/습기,비,교차로 - 교차로안,승용,남,75세,상해없음,승용,여,35세,경상
2023121100100518,2023년 12월 11일 18시,월요일,충청남도 논산시 채운면,경상사고,0,0,6,0,차대차 - 추돌,안전운전불이행,젖음/습기,비,단일로 - 기타,승용,남,46세,상해없음,승용,남,55세,경상
2023121100100600,2023년 12월 11일 19시,월요일,충청남도 아산시 온천동,경상사고,0,0,3,0,차대차 - 측면충돌,안전운전불이행,젖음/습기,비,단일로 - 기타,화물,남,49세,상해없음,승용,남,34세,경상
2023121100100641,2023년 12월 11일 20시,월요일,충청남도 천안시 동남구 목천읍,경상사고,0,0,1,0,차대차 - 추돌,안전운전불이행,젖음/습기,비,교차로 - 교차로안,화물,남,56세,상해없음,승용,여,22세,경상
2023121100100680,2023년 12월 11일 21시,월요일,충청남도 천안시 서북구 불당동,경상사고,0,0,1,0,차대차 - 측면충돌,안전거리미확보,건조,맑음,단일로 - 기타,승용,남,56세,상해없음,승용,여,52세,경상
2023121200100007,2023년 12월 12일 00시,화요일,충청남도 천안시 서북구 성거읍,부상신고사고,0,0,0,3,차대차 - 기타,안전운전불이행,젖음/습기,비,교차로 - 교차로안,승용,남,42세,상해없음,승용,남,28세,부상신고
2023121200100018,2023년 12월 12일 02시,화요일,충청남도 천안시 서북구 쌍용동,중상사고,0,1,1,0,차대차 - 추돌,안전운전불이행,젖음/습기,흐림,교차로 - 교차로부근,승용,남,37세,상해없음,승용,남,42세,경상
2023121200100032,2023년 12월 12일 05시,화요일,충청남도 아산시 배방읍,경상사고,0,0,1,0,차대차 - 측면충돌,신호위반,건조,맑음,교차로 - 교차로안,승용,남,53세,상해없음,승용,여,40세,경상
2023121200100053,2023년 12월 12일 06시,화요일,충청남도 당진시 송악읍,경상사고,0,0,1,0,차대차 - 측면충돌,중앙선침범,건조,맑음,단일로 - 기타,화물,남,54세,상해없음,화물,남,64세,경상
2023121200100054,2023년 12월 12일 06시,화요일,충청남도 당진시 읍내동,중상사고,0,1,0,0,차대사람 - 횡단중,보행자보호의무위반,건조,맑음,교차로 - 교차로횡단보도내,화물,남,65세,상해없음,보행자,여,63세,중상
2023121200100080,2023년 12월 12일 07시,화요일,충청남도 아산시 온천동,경상사고,0,0,1,0,차대사람 - 횡단중,안전운전불이행,건조,맑음,교차로 - 교차로안,승용,남,55세,상해없음,보행자,여,80세,경상
2023121200100081,2023년 12월 12일 07시,화요일,충청남도 당진시 송산면,중상사고,0,1,1,0,차대차 - 추돌,안전운전불이행,건조,흐림,단일로 - 기타,승용,남,37세,경상,건설기계,남,64세,상해없음
2023121200100158,2023년 12월 12일 09시,화요일,충청남도 당진시 수청동,경상사고,0,0,1,0,차대차 - 측면충돌,안전운전불이행,건조,맑음,교차로 - 교차로안,승용,여,33세,상해없음,승용,여,30세,경상
2023121200100212,2023년 12월 12일 11시,화요일,충청남도 아산시 신창면,경상사고,0,0,1,0,차대차 - 추돌,기타,건조,맑음,교차로 - 교차로부근,특수,남,26세,상해없음,승용,남,63세,경상
2023121200100213,2023년 12월 12일 11시,화요일,충청남도 아산시 도고면,경상사고,0,0,1,0,차대차 - 추돌,안전운전불이행,건조,맑음,교차로 - 교차로부근,승용,남,82세,상해없음,승용,남,43세,경상
2023121200100346,2023년 12월 12일 15시,화요일,충청남도 아산시 온천동,중상사고,0,1,0,0,차대사람 - 횡단중,보행자보호의무위반,건조,맑음,기타 - 기타,승용,여,61세,상해없음,보행자,남,78세,중상
2023121200100347,2023년 12월 12일 15시,화요일,충청남도 천안시 동남구 원성동,경상사고,0,0,1,0,차대차 - 추돌,안전운전불이행,건조,맑음,단일로 - 기타,승용,남,60세,상해없음,승용,여,60세,경상
2023121200100378,2023년 12월 12일 16시,화요일,충청남도 아산시 권곡동,경상사고,0,0,1,0,차대차 - 기타,안전운전불이행,건조,맑음,단일로 - 기타,화물,남,35세,상해없음,승합,남,57세,상해없음
2023121200100379,2023년 12월 12일 16시,화요일,충청남도 서천군 장항읍,중상사고,0,1,0,0,차대차 - 측면충돌,안전운전불이행,건조,맑음,단일로 - 기타,화물,남,43세,상해없음,자전거,남,69세,중상
2023121200100431,2023년 12월 12일 17시,화요일,충청남도 보령시 명천동,중상사고,0,1,0,0,차대차 - 측면충돌,안전운전불이행,건조,맑음,교차로 - 교차로횡단보도내,승용,남,64세,상해없음,자전거,여,60세,중상
2023121200100432,2023년 12월 12일 17시,화요일,충청남도 당진시 읍내동,경상사고,0,0,1,0,차대차 - 측면충돌,안전운전불이행,건조,맑음,교차로 - 교차로안,승용,여,56세,상해없음,승용,남,28세,경상
2023121200100490,2023년 12월 12일 18시,화요일,충청남도 아산시 둔포면,경상사고,0,0,1,0,차대차 - 추돌,안전운전불이행,건조,맑음,단일로 - 기타,승용,남,33세,상해없음,승용,남,59세,경상
2023121200100491,2023년 12월 12일 18시,화요일,충청남도 서천군 서천읍,경상사고,0,0,1,0,차대사람 - 차도통행중,안전운전불이행,건조,맑음,단일로 - 기타,승용,여,64세,상해없음,보행자,여,73세,경상
2023121200100492,2023년 12월 12일 18시,화요일,충청남도 예산군 예산읍,경상사고,0,0,1,0,차대차 - 측면충돌,신호위반,건조,맑음,교차로 - 교차로안,승용,여,48세,상해없음,승용,남,23세,경상
2023121200100493,2023년 12월 12일 18시,화요일,충청남도 당진시 대덕동,경상사고,0,0,1,0,차대사람 - 차도통행중,안전운전불이행,건조,맑음,단일로 - 기타,화물,남,45세,상해없음,보행자,남,51세,경상
2023121200100494,2023년 12월 12일 18시,화요일,충청남도 천안시 동남구 신방동,부상신고사고,0,0,0,1,차대사람 - 차도통행중,안전운전불이행,건조,맑음,단일로 - 기타,승용,남,56세,상해없음,보행자,남,61세,부상신고
2023121200100539,2023년 12월 12일 19시,화요일,충청남도 천안시 서북구 백석동,경상사고,0,0,1,0,차대차 - 기타,신호위반,건조,맑음,교차로 - 교차로안,기타불명,기타불명,미분류,기타불명,자전거,남,89세,경상
2023121200100586,2023년 12월 12일 21시,화요일,충청남도 공주시 반포면,경상사고,0,0,1,0,차대차 - 추돌,안전운전불이행,건조,맑음,단일로 - 교량,승용,남,31세,상해없음,승합,남,63세,경상
2023121200100605,2023년 12월 12일 22시,화요일,충청남도 서산시 성연면,경상사고,0,0,1,0,차대차 - 측면충돌,신호위반,건조,맑음,교차로 - 교차로안,승용,남,56세,상해없음,승용,남,38세,경상
2023121300100013,2023년 12월 13일 01시,수요일,충청남도 서산시 대산읍,사망사고,1,0,0,0,차대차 - 기타,안전운전불이행,건조,맑음,단일로 - 기타,승용,남,49세,사망,건설기계,여,61세,기타불명
2023121300100014,2023년 12월 13일 01시,수요일,충청남도 천안시 서북구 성거읍,사망사고,1,0,1,0,차대차 - 추돌,안전운전불이행,건조,맑음,단일로 - 기타,승용,남,43세,사망,화물,남,41세,상해없음
2023121300100044,2023년 12월 13일 06시,수요일,충청남도 천안시 서북구 백석동,경상사고,0,0,1,0,차대차 - 측면충돌,신호위반,건조,맑음,교차로 - 교차로안,승용,남,31세,상해없음,승합,남,52세,경상
2023121300100097,2023년 12월 13일 08시,수요일,충청남도 홍성군 광천읍,경상사고,0,0,1,0,차대차 - 정면충돌,안전운전불이행,건조,맑음,단일로 - 기타,이륜,남,81세,경상,화물,남,41세,상해없음
2023121300100098,2023년 12월 13일 08시,수요일,충청남도 아산시 온천동,경상사고,0,0,1,0,차대사람 - 기타,안전운전불이행,건조,맑음,교차로 - 교차로부근,승용,여,45세,상해없음,보행자,여,18세,경상
2023121300100129,2023년 12월 13일 09시,수요일,충청남도 서천군 서면,경상사고,0,0,2,0,차대차 - 정면충돌,안전운전불이행,건조,맑음,단일로 - 기타,화물,남,67세,기타불명,승용,남,39세,경상
2023121300100157,2023년 12월 13일 10시,수요일,충청남도 홍성군 결성면,중상사고,0,1,0,0,차량단독 - 공작물충돌,안전운전불이행,건조,맑음,기타 - 기타,이륜,남,54세,중상,,,,
2023121300100158,2023년 12월 13일 10시,수요일,충청남도 청양군 장평면,경상사고,0,0,1,0,차대차 - 측면충돌,직진우회전진행방해,건조,맑음,단일로 - 기타,이륜,남,73세,경상,승용,여,72세,상해없음
2023121300100248,2023년 12월 13일 13시,수요일,충청남도 계룡시 엄사면,중상사고,0,1,0,0,차대차 - 추돌,안전운전불이행,건조,맑음,교차로 - 교차로안,승용,여,54세,상해없음,원동기,남,81세,중상
2023121300100249,2023년 12월 13일 13시,수요일,충청남도 천안시 동남구 신방동,경상사고,0,0,5,0,차대차 - 정면충돌,중앙선침범,건조,맑음,단일로 - 기타,승용,여,56세,상해없음,승용,남,51세,경상
2023121300100250,2023년 12월 13일 13시,수요일,충청남도 천안시 동남구 삼룡동,경상사고,0,0,2,0,차대차 - 기타,안전운전불이행,건조,맑음,단일로 - 기타,승용,남,18세,상해없음,화물,남,79세,경상
2023121300100277,2023년 12월 13일 14시,수요일,충청남도 천안시 서북구 쌍용동,중상사고,0,1,1,0,차대차 - 측면충돌,안전운전불이행,건조,맑음,교차로 - 교차로안,승용,남,78세,상해없음,승용,여,38세,중상
2023121300100278,2023년 12월 13일 14시,수요일,충청남도 아산시 권곡동,중상사고,0,1,0,0,차대차 - 측면충돌,안전운전불이행,건조,맑음,단일로 - 기타,승용,남,72세,상해없음,자전거,남,55세,중상
2023121300100279,2023년 12월 13일 14시,수요일,충청남도 천안시 동남구 병천면,중상사고,0,1,1,0,차대차 - 추돌,중앙선침범,건조,맑음,단일로 - 기타,승용,남,60세,상해없음,승용,남,40세,경상
2023121300100280,2023년 12월 13일 14시,수요일,충청남도 태안군 남면,경상사고,0,0,1,0,차대사람 - 기타,기타,기타,맑음,단일로 - 기타,승용,남,52세,상해없음,보행자,여,67세,경상
2023121300100304,2023년 12월 13일 15시,수요일,충청남도 천안시 서북구 부대동,부상신고사고,0,0,0,1,차대차 - 측면충돌,신호위반,건조,맑음,교차로 - 교차로안,승용,남,43세,상해없음,승용,남,77세,부상신고
2023121300100305,2023년 12월 13일 15시,수요일,충청남도 아산시 인주면,중상사고,0,1,1,0,차대차 - 측면충돌,직진우회전진행방해,건조,맑음,교차로 - 교차로안,승용,여,53세,경상,승합,여,75세,중상
2023121300100338,2023년 12월 13일 16시,수요일,충청남도 아산시 영인면,부상신고사고,0,0,0,1,차대차 - 기타,교차로운행방법위반,건조,맑음,교차로 - 교차로안,승용,여,64세,상해없음,승합,남,52세,상해없음
2023121300100339,2023년 12월 13일 16시,수요일,충청남도 천안시 동남구 신부동,경상사고,0,0,2,0,차대차 - 기타,안전운전불이행,건조,맑음,교차로 - 교차로안,승용,여,46세,상해없음,이륜,남,31세,경상
2023121300100389,2023년 12월 13일 17시,수요일,충청남도 서산시 성연면,경상사고,0,0,1,0,차대차 - 측면충돌,차로위반,건조,흐림,교차로 - 교차로안,승용,여,39세,상해없음,이륜,남,45세,경상
2023121300100390,2023년 12월 13일 17시,수요일,충청남도 서산시 성연면,중상사고,0,1,1,0,차대차 - 추돌,안전운전불이행,건조,흐림,단일로 - 기타,승용,남,25세,상해없음,승용,남,34세,중상
2023121300100391,2023년 12월 13일 17시,수요일,충청남도 천안시 서북구 성성동,경상사고,0,0,1,0,차대차 - 기타,안전거리미확보,건조,맑음,단일로 - 기타,승용,남,28세,기타불명,화물,남,44세,경상
2023121300100392,2023년 12월 13일 17시,수요일,충청남도 아산시 신창면,경상사고,0,0,2,0,차대차 - 추돌,안전운전불이행,건조,맑음,교차로 - 교차로안,화물,남,56세,상해없음,승용,여,57세,경상
2023121300100393,2023년 12월 13일 17시,수요일,충청남도 태안군 태안읍,중상사고,0,1,0,0,차대사람 - 기타,안전운전불이행,건조,맑음,기타 - 기타,승용,남,56세,상해없음,보행자,남,62세,중상
2023121300100456,2023년 12월 13일 18시,수요일,충청남도 보령시 웅천읍,경상사고,0,0,1,0,차대차 - 기타,안전운전불이행,건조,맑음,기타 - 기타,화물,남,64세,기타불명,화물,남,64세,경상
2023121300100503,2023년 12월 13일 19시,수요일,충청남도 천안시 서북구 쌍용동,중상사고,0,1,0,0,차대사람 - 기타,안전운전불이행,건조,맑음,단일로 - 기타,승용,여,37세,상해없음,보행자,남,8세,중상
2023121300100538,2023년 12월 13일 20시,수요일,충청남도 천안시 서북구 불당동,경상사고,0,0,1,0,차대차 - 기타,안전운전불이행,건조,맑음,단일로 - 기타,승용,남,43세,상해없음,이륜,남,42세,경상
2023121300100559,2023년 12월 13일 21시,수요일,충청남도 당진시 송악읍,경상사고,0,0,2,0,차대차 - 기타,중앙선침범,건조,맑음,단일로 - 기타,승용,여,45세,상해없음,승용,남,48세,경상