사고번호,사고일시,요일,시군구,사고내용,사망자수,중상자수,경상자수,부상신고자수,사고유형,법규위반,노면상태,기상상태,도로형태,가해운전자 차종,가해운전자 성별,가해운전자 연령,가해운전자 상해정도,피해운전자 차종,피해운전자 성별,피해운전자 연령,피해운전자 상해정도
2023121300100593,2023년 12월 13일 23시,수요일,충청남도 천안시 서북구 쌍용동,경상사고,0,0,5,0,차대차 - 정면충돌,신호위반,건조,맑음,교차로 - 교차로안,이륜,남,38세,경상,승용,여,41세,경상
2023121300100594,2023년 12월 13일 23시,수요일,충청남도 아산시 온천동,부상신고사고,0,0,0,1,차대사람 - 기타,안전운전불이행,건조,맑음,단일로 - 기타,승용,남,58세,상해없음,보행자,여,56세,부상신고
2023121400100025,2023년 12월 14일 03시,목요일,충청남도 아산시 배방읍,경상사고,0,0,1,0,차대차 - 추돌,안전거리미확보,젖음/습기,흐림,단일로 - 기타,승용,남,29세,상해없음,승용,여,32세,경상
2023121400100043,2023년 12월 14일 06시,목요일,충청남도 서산시 대산읍,경상사고,0,0,1,0,차대차 - 측면충돌,안전운전불이행,건조,흐림,교차로 - 교차로안,승용,남,48세,상해없음,이륜,남,41세,경상
2023121400100044,2023년 12월 14일 06시,목요일,충청남도 홍성군 구항면,경상사고,0,0,1,0,차대사람 - 기타,안전운전불이행,건조,맑음,교차로 - 교차로부근,화물,남,68세,상해없음,보행자,남,43세,경상
2023121400100045,2023년 12월 14일 06시,목요일,충청남도 보령시 청소면,중상사고,0,1,0,0,차대사람 - 횡단중,안전운전불이행,건조,맑음,교차로 - 교차로안,승용,여,53세,상해없음,보행자,남,58세,중상
2023121400100065,2023년 12월 14일 07시,목요일,충청남도 당진시 면천면,경상사고,0,0,1,0,차대차 - 기타,안전운전불이행,건조,맑음,주차장 - 주차장,특수,남,54세,상해없음,특수,남,56세,경상
2023121400100090,2023년 12월 14일 08시,목요일,충청남도 천안시 서북구 성정동,경상사고,0,0,1,0,차대차 - 측면충돌,신호위반,건조,맑음,교차로 - 교차로안,화물,남,60세,상해없음,승용,남,41세,경상
2023121400100091,2023년 12월 14일 08시,목요일,충청남도 천안시 서북구 성정동,경상사고,0,0,1,0,차대차 - 기타,안전거리미확보,건조,맑음,단일로 - 기타,화물,남,34세,상해없음,승용,남,56세,경상
2023121400100092,2023년 12월 14일 08시,목요일,충청남도 천안시 동남구 수신면,경상사고,0,0,2,1,차대차 - 측면충돌,직진우회전진행방해,건조,맑음,교차로 - 교차로안,승용,여,59세,부상신고,승용,남,56세,경상
2023121400100153,2023년 12월 14일 10시,목요일,충청남도 서산시 성연면,경상사고,0,0,3,0,차대차 - 정면충돌,중앙선침범,젖음/습기,비,교차로 - 교차로부근,화물,남,60세,경상,화물,남,76세,경상
2023121400100199,2023년 12월 14일 12시,목요일,충청남도 아산시 풍기동,중상사고,0,1,0,0,차대차 - 측면충돌,안전운전불이행,건조,맑음,기타 - 기타,이륜,남,35세,상해없음,이륜,남,38세,중상
2023121400100256,2023년 12월 14일 14시,목요일,충청남도 천안시 서북구 직산읍,부상신고사고,0,0,0,1,차대차 - 정면충돌,중앙선침범,젖음/습기,비,단일로 - 기타,원동기,남,59세,부상신고,화물,남,60세,상해없음
2023121400100323,2023년 12월 14일 16시,목요일,충청남도 천안시 서북구 불당동,경상사고,0,0,1,0,차대차 - 후진중충돌,안전운전불이행,젖음/습기,비,단일로 - 기타,승용,남,44세,상해없음,승용,남,69세,경상
2023121400100370,2023년 12월 14일 17시,목요일,충청남도 아산시 용화동,경상사고,0,0,1,0,차대차 - 정면충돌,안전운전불이행,젖음/습기,비,교차로 - 교차로안,화물,남,67세,상해없음,승합,남,27세,경상
2023121400100458,2023년 12월 14일 18시,목요일,충청남도 천안시 서북구 쌍용동,중상사고,0,1,0,0,차대차 - 측면충돌,중앙선침범,젖음/습기,비,교차로 - 교차로부근,승용,남,46세,상해없음,이륜,남,42세,중상
2023121400100459,2023년 12월 14일 18시,목요일,충청남도 천안시 서북구 불당동,경상사고,0,0,1,0,차대차 - 기타,안전거리미확보,젖음/습기,흐림,단일로 - 기타,승용,남,57세,상해없음,승합,남,34세,경상
2023121400100460,2023년 12월 14일 18시,목요일,충청남도 논산시 연산면,경상사고,0,0,1,0,차대차 - 추돌,안전운전불이행,젖음/습기,비,교차로 - 교차로부근,승용,여,56세,상해없음,승용,여,42세,경상
2023121400100461,2023년 12월 14일 18시,목요일,충청남도 아산시 배방읍,경상사고,0,0,1,0,차대차 - 추돌,안전운전불이행,젖음/습기,비,단일로 - 기타,승용,여,32세,상해없음,승용,남,32세,경상
2023121400100462,2023년 12월 14일 18시,목요일,충청남도 아산시 온천동,경상사고,0,0,1,0,차대차 - 측면충돌,교차로운행방법위반,젖음/습기,비,교차로 - 교차로안,승용,남,51세,기타불명,승용,남,25세,경상
2023121400100463,2023년 12월 14일 18시,목요일,충청남도 부여군 세도면,경상사고,0,0,1,0,차대차 - 기타,안전운전불이행,젖음/습기,비,교차로 - 교차로안,승용,남,56세,상해없음,승용,남,54세,경상
2023121400100464,2023년 12월 14일 18시,목요일,충청남도 천안시 동남구 목천읍,중상사고,0,1,0,0,차대사람 - 횡단중,안전운전불이행,젖음/습기,비,단일로 - 기타,승용,남,53세,상해없음,보행자,여,59세,중상
2023121400100534,2023년 12월 14일 19시,목요일,충청남도 천안시 서북구 성정동,부상신고사고,0,0,0,1,차대차 - 기타,안전운전불이행,젖음/습기,비,기타 - 기타,승용,남,67세,상해없음,승합,남,54세,상해없음
2023121400100535,2023년 12월 14일 19시,목요일,충청남도 홍성군 홍성읍,경상사고,0,0,1,0,차대사람 - 횡단중,신호위반,젖음/습기,비,교차로 - 교차로횡단보도내,화물,남,70세,상해없음,보행자,남,38세,경상
2023121400100590,2023년 12월 14일 20시,목요일,충청남도 보령시 천북면,경상사고,0,0,1,0,차대사람 - 기타,안전운전불이행,젖음/습기,비,단일로 - 기타,화물,남,64세,상해없음,보행자,남,28세,경상
2023121400100632,2023년 12월 14일 21시,목요일,충청남도 서산시 잠홍동,경상사고,0,0,2,0,차대차 - 기타,기타,젖음/습기,비,단일로 - 기타,승용,남,56세,상해없음,승용,남,26세,경상
2023121400100667,2023년 12월 14일 22시,목요일,충청남도 계룡시 엄사면,경상사고,0,0,5,0,차대차 - 측면충돌,중앙선침범,젖음/습기,비,교차로 - 교차로횡단보도내,승용,남,34세,상해없음,승용,남,55세,경상
2023121400100668,2023년 12월 14일 22시,목요일,충청남도 아산시 배방읍,경상사고,0,0,3,0,차대차 - 기타,안전운전불이행,젖음/습기,비,단일로 - 기타,승용,남,30세,상해없음,승용,남,41세,경상
2023121400100689,2023년 12월 14일 23시,목요일,충청남도 천안시 서북구 성성동,중상사고,0,2,0,0,차량단독 - 공작물충돌,기타,젖음/습기,비,단일로 - 기타,승용,남,78세,중상,,,,
2023121400100690,2023년 12월 14일 23시,목요일,충청남도 당진시 우두동,경상사고,0,0,1,0,차대차 - 측면충돌,신호위반,젖음/습기,비,교차로 - 교차로안,승용,남,39세,상해없음,승용,남,35세,경상
2023121500100028,2023년 12월 15일 01시,금요일,충청남도 천안시 서북구 두정동,중상사고,0,1,0,0,차대사람 - 횡단중,보행자보호의무위반,젖음/습기,비,교차로 - 교차로안,승용,남,47세,상해없음,보행자,남,44세,중상
2023121500100054,2023년 12월 15일 05시,금요일,충청남도 천안시 서북구 쌍용동,경상사고,0,0,2,0,차대차 - 기타,안전운전불이행,젖음/습기,비,단일로 - 기타,승용,남,30세,상해없음,승용,남,42세,상해없음
2023121500100075,2023년 12월 15일 06시,금요일,충청남도 천안시 서북구 차암동,경상사고,0,0,1,0,차대차 - 기타,안전운전불이행,젖음/습기,비,단일로 - 기타,승용,남,47세,상해없음,승용,남,43세,경상
2023121500100113,2023년 12월 15일 07시,금요일,충청남도 천안시 서북구 성정동,경상사고,0,0,2,0,차대차 - 기타,안전운전불이행,젖음/습기,비,단일로 - 기타,승용,남,75세,상해없음,특수,남,49세,기타불명
2023121500100114,2023년 12월 15일 07시,금요일,충청남도 보령시 남포면,중상사고,0,3,2,0,차대차 - 추돌,안전운전불이행,젖음/습기,비,기타 - 기타,승용,남,69세,중상,승용,남,40세,기타불명
2023121500100165,2023년 12월 15일 08시,금요일,충청남도 홍성군 홍성읍,경상사고,0,0,1,0,차대차 - 기타,안전운전불이행,젖음/습기,비,기타 - 기타,승용,여,62세,기타불명,승용,여,27세,경상
2023121500100166,2023년 12월 15일 08시,금요일,충청남도 아산시 방축동,경상사고,0,0,1,0,차대차 - 추돌,안전운전불이행,젖음/습기,비,기타 - 기타,승용,남,22세,상해없음,승용,여,53세,경상
2023121500100208,2023년 12월 15일 09시,금요일,충청남도 천안시 서북구 성정동,경상사고,0,0,2,1,차대차 - 측면충돌,교차로운행방법위반,건조,맑음,교차로 - 교차로안,승용,남,64세,부상신고,승용,남,28세,경상
2023121500100239,2023년 12월 15일 10시,금요일,충청남도 공주시 사곡면,경상사고,0,0,1,0,차대차 - 측면충돌,중앙선침범,젖음/습기,비,단일로 - 기타,승용,남,46세,상해없음,승용,남,23세,경상
2023121500100269,2023년 12월 15일 11시,금요일,충청남도 당진시 채운동,경상사고,0,0,1,0,차대차 - 측면충돌,신호위반,건조,맑음,교차로 - 교차로부근,승용,남,69세,상해없음,승용,여,59세,경상
2023121500100304,2023년 12월 15일 12시,금요일,충청남도 천안시 동남구 목천읍,경상사고,0,0,2,0,차대차 - 추돌,안전운전불이행,젖음/습기,비,교차로 - 교차로안,승용,남,63세,상해없음,승용,남,70세,경상
2023121500100360,2023년 12월 15일 14시,금요일,충청남도 예산군 예산읍,경상사고,0,0,3,0,차대차 - 정면충돌,신호위반,건조,맑음,교차로 - 교차로안,화물,여,60세,경상,승용,남,73세,경상
2023121500100424,2023년 12월 15일 16시,금요일,충청남도 홍성군 서부면,중상사고,0,1,0,0,차대차 - 정면충돌,기타,건조,맑음,교차로 - 교차로안,승용,여,57세,상해없음,승용,여,54세,중상
2023121500100425,2023년 12월 15일 16시,금요일,충청남도 아산시 염치읍,경상사고,0,0,6,0,차대차 - 추돌,안전운전불이행,건조,맑음,단일로 - 기타,승용,남,73세,상해없음,승용,남,54세,경상
2023121500100470,2023년 12월 15일 17시,금요일,충청남도 천안시 서북구 성거읍,경상사고,0,0,1,1,차대차 - 추돌,안전거리미확보,건조,맑음,교차로 - 교차로부근,화물,여,55세,부상신고,화물,남,36세,경상
2023121500100471,2023년 12월 15일 17시,금요일,충청남도 아산시 탕정면,경상사고,0,0,4,0,차대차 - 측면충돌,안전운전불이행,건조,맑음,교차로 - 교차로부근,승용,남,51세,상해없음,승용,남,31세,경상
2023121500100526,2023년 12월 15일 18시,금요일,충청남도 천안시 서북구 차암동,경상사고,0,0,5,0,차대차 - 측면충돌,직진우회전진행방해,젖음/습기,비,교차로 - 교차로안,승용,남,29세,경상,승용,남,67세,경상
2023121500100527,2023년 12월 15일 18시,금요일,충청남도 아산시 용화동,중상사고,0,1,0,0,차대사람 - 횡단중,보행자보호의무위반,건조,맑음,교차로 - 교차로안,승용,남,49세,상해없음,보행자,남,84세,중상
2023121500100528,2023년 12월 15일 18시,금요일,충청남도 아산시 음봉면,경상사고,0,0,1,1,차대차 - 추돌,안전거리미확보,건조,맑음,교차로 - 교차로부근,승용,남,40세,상해없음,승용,남,32세,경상
2023121500100529,2023년 12월 15일 18시,금요일,충청남도 당진시 읍내동,경상사고,0,0,1,0,차대차 - 측면충돌,안전운전불이행,건조,맑음,미분류 - 미분류,승용,여,47세,상해없음,이륜,남,51세,경상
2023121500100530,2023년 12월 15일 18시,금요일,충청남도 천안시 동남구 신부동,경상사고,0,0,1,0,차대차 - 측면충돌,차로위반,건조,맑음,단일로 - 기타,승용,남,38세,상해없음,승용,여,42세,경상
2023121500100629,2023년 12월 15일 20시,금요일,충청남도 아산시 온천동,경상사고,0,0,2,0,차대차 - 정면충돌,신호위반,젖음/습기,맑음,교차로 - 교차로안,승용,남,45세,상해없음,승용,남,73세,경상
2023121500100662,2023년 12월 15일 21시,금요일,충청남도 천안시 서북구 백석동,경상사고,0,0,1,0,차대차 - 기타,직진우회전진행방해,젖음/습기,비,교차로 - 교차로안,화물,남,46세,상해없음,이륜,남,28세,경상
2023121500100663,2023년 12월 15일 21시,금요일,충청남도 예산군 덕산면,경상사고,0,0,1,0,차대사람 - 기타,안전운전불이행,젖음/습기,흐림,교차로 - 교차로안,승용,남,52세,상해없음,보행자,남,58세,경상
2023121500100664,2023년 12월 15일 21시,금요일,충청남도 부여군 부여읍,중상사고,0,1,0,0,차대차 - 정면충돌,신호위반,젖음/습기,비,교차로 - 교차로안,승용,남,24세,상해없음,승용,남,51세,중상
2023121500100695,2023년 12월 15일 22시,금요일,충청남도 아산시 염치읍,경상사고,0,0,2,0,차대차 - 추돌,안전운전불이행,건조,맑음,단일로 - 기타,승용,남,26세,상해없음,승용,여,57세,경상
2023121500100696,2023년 12월 15일 22시,금요일,충청남도 당진시 읍내동,경상사고,0,0,1,0,차대차 - 측면충돌,안전운전불이행,젖음/습기,흐림,미분류 - 미분류,승용,남,69세,상해없음,승용,남,32세,경상
2023121500100738,2023년 12월 15일 23시,금요일,충청남도 서산시 석남동,경상사고,0,0,1,0,차대차 - 측면충돌,안전거리미확보,젖음/습기,비,단일로 - 기타,승용,남,58세,상해없음,승용,남,34세,경상
2023121500100739,2023년 12월 15일 23시,금요일,충청남도 천안시 서북구 불당동,경상사고,0,0,1,0,차량단독 - 공작물충돌,안전운전불이행,건조,맑음,단일로 - 기타,승용,남,46세,상해없음,,,,
2023121600100038,2023년 12월 16일 02시,토요일,충청남도 천안시 서북구 쌍용동,경상사고,0,0,1,0,차대차 - 측면충돌,안전운전불이행,젖음/습기,비,단일로 - 기타,승용,남,22세,기타불명,승용,남,40세,경상
2023121600100063,2023년 12월 16일 04시,토요일,충청남도 천안시 서북구 직산읍,중상사고,0,1,0,0,차대차 - 정면충돌,신호위반,젖음/습기,비,교차로 - 교차로안,승용,여,61세,상해없음,승용,여,52세,중상
2023121600100072,2023년 12월 16일 05시,토요일,충청남도 천안시 서북구 불당동,경상사고,0,0,1,0,차대차 - 측면충돌,안전운전불이행,젖음/습기,맑음,단일로 - 기타,승용,남,59세,상해없음,승용,여,63세,경상
2023121600100073,2023년 12월 16일 05시,토요일,충청남도 아산시 신창면,경상사고,0,0,1,0,차대차 - 추돌,안전운전불이행,젖음/습기,비,단일로 - 기타,화물,남,43세,상해없음,승용,남,80세,경상
2023121600100085,2023년 12월 16일 06시,토요일,충청남도 천안시 서북구 쌍용동,경상사고,0,0,1,0,차대차 - 측면충돌,안전운전불이행,젖음/습기,비,단일로 - 기타,승용,남,28세,상해없음,승용,여,54세,경상
2023121600100086,2023년 12월 16일 06시,토요일,충청남도 부여군 석성면,중상사고,0,1,0,0,차대차 - 추돌,안전운전불이행,젖음/습기,비,단일로 - 교량,화물,남,34세,상해없음,건설기계,남,65세,중상
2023121600100099,2023년 12월 16일 07시,토요일,충청남도 당진시 읍내동,중상사고,0,1,0,0,차대사람 - 기타,안전운전불이행,건조,맑음,미분류 - 미분류,승용,남,57세,상해없음,보행자,여,63세,중상
2023121600100127,2023년 12월 16일 09시,토요일,충청남도 천안시 동남구 신방동,경상사고,0,0,1,0,차대차 - 측면충돌,안전운전불이행,젖음/습기,눈,단일로 - 기타,화물,남,26세,상해없음,승용,여,50세,경상
2023121600100146,2023년 12월 16일 10시,토요일,충청남도 천안시 서북구 업성동,경상사고,0,0,1,1,차대차 - 측면충돌,직진우회전진행방해,젖음/습기,맑음,교차로 - 교차로안,승용,여,45세,상해없음,승용,남,52세,경상
2023121600100147,2023년 12월 16일 10시,토요일,충청남도 당진시 읍내동,경상사고,0,0,1,0,차대차 - 측면충돌,신호위반,적설,눈,교차로 - 교차로안,승용,남,50세,상해없음,승용,남,42세,경상
2023121600100179,2023년 12월 16일 11시,토요일,충청남도 아산시 둔포면,경상사고,0,0,2,0,차대차 - 추돌,안전운전불이행,적설,눈,교차로 - 교차로부근,승합,남,48세,상해없음,승용,여,32세,경상
2023121600100205,2023년 12월 16일 12시,토요일,충청남도 천안시 서북구 성환읍,경상사고,0,0,1,0,차대차 - 측면충돌,안전운전불이행,서리/결빙,눈,단일로 - 기타,승용,기타불명,미분류,기타불명,승용,남,77세,경상
2023121600100206,2023년 12월 16일 12시,토요일,충청남도 천안시 서북구 성환읍,경상사고,0,0,5,0,차대차 - 측면충돌,차로위반,적설,눈,단일로 - 기타,승용,남,20세,상해없음,승용,남,56세,경상
2023121600100207,2023년 12월 16일 12시,토요일,충청남도 천안시 서북구 불당동,경상사고,0,0,1,0,차대사람 - 횡단중,보행자보호의무위반,젖음/습기,눈,단일로 - 기타,승용,여,53세,상해없음,보행자,남,43세,경상
2023121600100208,2023년 12월 16일 12시,토요일,충청남도 아산시 배방읍,경상사고,0,0,3,0,차대차 - 기타,안전운전불이행,건조,맑음,교차로 - 교차로안,화물,남,57세,상해없음,승용,남,49세,상해없음
2023121600100209,2023년 12월 16일 12시,토요일,충청남도 보령시 명천동,중상사고,0,1,0,0,차대사람 - 기타,보행자보호의무위반,젖음/습기,맑음,교차로 - 교차로횡단보도내,승용,여,79세,상해없음,보행자,여,10세,중상
2023121600100244,2023년 12월 16일 13시,토요일,충청남도 아산시 둔포면,경상사고,0,0,1,0,차대차 - 추돌,안전운전불이행,적설,눈,단일로 - 기타,승용,여,20세,상해없음,승용,남,37세,경상
2023121600100267,2023년 12월 16일 14시,토요일,충청남도 천안시 동남구 사직동,중상사고,0,1,0,0,차대사람 - 차도통행중,안전운전불이행,젖음/습기,눈,교차로 - 교차로안,승용,남,63세,상해없음,보행자,남,70세,중상
2023121600100315,2023년 12월 16일 15시,토요일,충청남도 천안시 동남구 병천면,경상사고,0,0,1,0,차대차 - 측면충돌,안전거리미확보,서리/결빙,눈,단일로 - 지하차도(도로)내,승용,남,36세,상해없음,화물,남,58세,경상
2023121600100354,2023년 12월 16일 16시,토요일,충청남도 아산시 염치읍,경상사고,0,0,2,0,차대차 - 추돌,안전운전불이행,적설,눈,교차로 - 교차로부근,승용,남,41세,상해없음,승용,남,45세,상해없음
2023121600100355,2023년 12월 16일 16시,토요일,충청남도 아산시 신창면,경상사고,0,0,1,0,차대차 - 정면충돌,안전운전불이행,적설,맑음,단일로 - 기타,승합,여,49세,상해없음,승용,남,67세,경상
2023121600100392,2023년 12월 16일 17시,토요일,충청남도 아산시 탕정면,경상사고,0,0,1,0,차대사람 - 횡단중,신호위반,적설,눈,교차로 - 교차로부근,승용,남,45세,상해없음,보행자,남,17세,경상
2023121600100393,2023년 12월 16일 17시,토요일,충청남도 천안시 동남구 안서동,경상사고,0,0,1,0,차대차 - 추돌,안전거리미확보,적설,눈,단일로 - 기타,승용,남,63세,상해없음,이륜,남,31세,경상
2023121600100452,2023년 12월 16일 18시,토요일,충청남도 천안시 서북구 백석동,경상사고,0,0,1,0,차대차 - 측면충돌,안전운전불이행,적설,눈,단일로 - 기타,승합,남,54세,상해없음,승용,남,34세,경상
2023121600100453,2023년 12월 16일 18시,토요일,충청남도 아산시 배방읍,경상사고,0,0,2,0,차대차 - 측면충돌,안전운전불이행,서리/결빙,눈,단일로 - 기타,원동기,남,33세,상해없음,승용,남,36세,상해없음
2023121600100454,2023년 12월 16일 18시,토요일,충청남도 천안시 동남구 청당동,경상사고,0,0,1,0,차대차 - 추돌,안전운전불이행,적설,눈,단일로 - 기타,화물,남,59세,상해없음,승용,여,43세,경상
2023121600100455,2023년 12월 16일 18시,토요일,충청남도 천안시 동남구 봉명동,경상사고,0,0,2,0,차대차 - 추돌,안전운전불이행,적설,눈,기타 - 기타,화물,남,21세,상해없음,승용,남,34세,경상
2023121600100543,2023년 12월 16일 20시,토요일,충청남도 천안시 동남구 성남면,경상사고,0,0,2,0,차대차 - 정면충돌,안전운전불이행,적설,눈,단일로 - 기타,승용,남,55세,상해없음,승용,남,39세,경상
2023121600100558,2023년 12월 16일 21시,토요일,충청남도 천안시 서북구 성거읍,경상사고,0,0,2,0,차대차 - 추돌,안전운전불이행,서리/결빙,눈,교차로 - 교차로부근,화물,남,61세,상해없음,승용,남,44세,경상
2023121600100559,2023년 12월 16일 21시,토요일,충청남도 천안시 서북구 성거읍,부상신고사고,0,0,0,1,차량단독 - 공작물충돌,안전운전불이행,적설,눈,기타 - 기타,승용,남,33세,부상신고,,,,
2023121700100006,2023년 12월 17일 00시,일요일,충청남도 아산시 배방읍,경상사고,0,0,1,0,차대차 - 측면충돌,안전운전불이행,적설,흐림,단일로 - 기타,기타불명,기타불명,미분류,기타불명,이륜,남,32세,경상
2023121700100037,2023년 12월 17일 02시,일요일,충청남도 서산시 고북면,중상사고,0,1,6,0,차대차 - 기타,안전운전불이행,적설,눈,단일로 - 기타,화물,남,51세,상해없음,승용,여,28세,경상
2023121700100052,2023년 12월 17일 03시,일요일,충청남도 천안시 동남구 병천면,경상사고,0,0,1,0,차대차 - 측면충돌,안전운전불이행,서리/결빙,눈,교차로 - 교차로부근,승용,남,33세,상해없음,승용,남,32세,경상
2023121700100062,2023년 12월 17일 05시,일요일,충청남도 천안시 동남구 신방동,경상사고,0,0,2,0,차대차 - 정면충돌,안전운전불이행,적설,눈,교차로 - 교차로안,승용,남,27세,기타불명,승용,남,71세,경상
2023121700100072,2023년 12월 17일 06시,일요일,충청남도 공주시 정안면,중상사고,0,1,1,0,차대차 - 추돌,안전운전불이행,젖음/습기,맑음,단일로 - 기타,화물,남,65세,상해없음,농기계,남,62세,경상
2023121700100095,2023년 12월 17일 09시,일요일,충청남도 논산시 노성면,경상사고,0,0,1,0,차대차 - 측면충돌,안전운전불이행,서리/결빙,눈,단일로 - 기타,승합,남,58세,상해없음,승용,남,64세,상해없음
2023121700100153,2023년 12월 17일 12시,일요일,충청남도 당진시 읍내동,경상사고,0,0,3,0,차대차 - 후진중충돌,안전운전불이행,젖음/습기,눈,단일로 - 기타,화물,남,49세,상해없음,승용,남,40세,경상
2023121700100236,2023년 12월 17일 15시,일요일,충청남도 보령시 남곡동,중상사고,0,1,4,0,차대차 - 정면충돌,중앙선침범,서리/결빙,흐림,단일로 - 기타,승용,남,29세,경상,승용,남,38세,중상
2023121700100260,2023년 12월 17일 16시,일요일,충청남도 천안시 동남구 신부동,경상사고,0,0,3,0,차대차 - 추돌,안전운전불이행,서리/결빙,맑음,교차로 - 교차로부근,승용,여,22세,상해없음,승용,남,50세,경상
2023121700100291,2023년 12월 17일 17시,일요일,충청남도 천안시 서북구 쌍용동,사망사고,1,0,1,0,차대차 - 정면충돌,기타,건조,맑음,교차로 - 교차로안,승용,남,68세,상해없음,승용,남,54세,사망
2023121700100336,2023년 12월 17일 19시,일요일,충청남도 아산시 온천동,경상사고,0,0,3,0,차대차 - 측면충돌,직진우회전진행방해,건조,맑음,교차로 - 교차로안,승용,남,57세,상해없음,승용,남,37세,경상
2023121700100360,2023년 12월 17일 20시,일요일,충청남도 아산시 모종동,경상사고,0,0,2,0,차대차 - 추돌,안전운전불이행,건조,흐림,교차로 - 교차로부근,승용,남,43세,상해없음,승용,남,38세,경상
2023121800100024,2023년 12월 18일 04시,월요일,충청남도 서산시 음암면,사망사고,1,0,0,0,차대차 - 추돌,안전운전불이행,건조,맑음,단일로 - 교량,승용,남,56세,상해없음,원동기,남,65세,사망
2023121800100171,2023년 12월 18일 10시,월요일,충청남도 홍성군 홍성읍,경상사고,0,0,1,0,차대차 - 기타,안전운전불이행,젖음/습기,흐림,교차로 - 교차로안,승용,여,48세,상해없음,승용,남,32세,경상
2023121800100172,2023년 12월 18일 10시,월요일,충청남도 공주시 신관동,중상사고,0,1,0,0,차대차 - 측면충돌,교차로운행방법위반,건조,맑음,교차로 - 교차로안,승용,여,68세,상해없음,승용,여,48세,중상
2023121800100227,2023년 12월 18일 12시,월요일,충청남도 아산시 둔포면,경상사고,0,0,1,0,차대차 - 측면충돌,안전운전불이행,건조,맑음,교차로 - 교차로부근,승용,남,61세,상해없음,승용,여,39세,경상
2023121800100321,2023년 12월 18일 15시,월요일,충청남도 천안시 서북구 불당동,부상신고사고,0,0,0,1,차대차 - 기타,안전운전불이행,건조,맑음,단일로 - 기타,승용,여,51세,상해없음,이륜,남,23세,부상신고
2023121800100322,2023년 12월 18일 15시,월요일,충청남도 천안시 동남구 대흥동,경상사고,0,0,1,0,차대차 - 측면충돌,안전거리미확보,건조,맑음,단일로 - 기타,화물,남,60세,상해없음,승용,남,31세,경상
2023121800100510,2023년 12월 18일 20시,월요일,충청남도 서천군 종천면,중상사고,0,1,2,0,차대차 - 측면충돌,안전운전불이행,건조,맑음,단일로 - 기타,승합,여,63세,경상,승용,여,41세,경상
2023121800100557,2023년 12월 18일 22시,월요일,충청남도 천안시 서북구 성정동,경상사고,0,0,3,0,차대차 - 추돌,안전운전불이행,건조,맑음,교차로 - 교차로부근,승용,남,50세,상해없음,승합,남,59세,경상
2023121900100034,2023년 12월 19일 06시,화요일,충청남도 천안시 서북구 직산읍,경상사고,0,0,1,0,차대차 - 추돌,안전운전불이행,서리/결빙,맑음,교차로 - 교차로부근,승용,남,34세,상해없음,승용,남,57세,경상
2023121900100064,2023년 12월 19일 07시,화요일,충청남도 당진시 송악읍,경상사고,0,0,1,0,차대차 - 기타,안전운전불이행,건조,맑음,교차로 - 교차로부근,승용,남,42세,상해없음,승용,남,44세,경상
2023121900100065,2023년 12월 19일 07시,화요일,충청남도 천안시 동남구 신부동,경상사고,0,0,1,0,차대차 - 추돌,안전운전불이행,건조,맑음,단일로 - 기타,승용,남,27세,상해없음,승용,남,44세,경상
2023121900100088,2023년 12월 19일 08시,화요일,충청남도 천안시 서북구 쌍용동,부상신고사고,0,0,0,1,차대차 - 측면충돌,안전운전불이행,건조,맑음,단일로 - 기타,개인형이동수단(PM),남,16세,부상신고,승용,여,48세,상해없음
2023121900100089,2023년 12월 19일 08시,화요일,충청남도 홍성군 구항면,중상사고,0,1,0,0,차대차 - 기타,기타,건조,흐림,단일로 - 기타,화물,남,55세,상해없음,승용,남,39세,중상
2023121900100196,2023년 12월 19일 12시,화요일,충청남도 천안시 서북구 쌍용동,중상사고,0,1,0,0,차대차 - 기타,안전거리미확보,건조,맑음,단일로 - 기타,승용,여,42세,상해없음,승합,남,54세,상해없음
2023121900100220,2023년 12월 19일 13시,화요일,충청남도 당진시 합덕읍,중상사고,0,1,0,0,차대차 - 정면충돌,신호위반,건조,맑음,교차로 - 교차로안,특수,남,42세,상해없음,원동기,남,78세,중상
2023121900100316,2023년 12월 19일 16시,화요일,충청남도 당진시 수청동,경상사고,0,0,1,0,차대차 - 기타,안전운전불이행,건조,흐림,교차로 - 교차로부근,승용,여,39세,기타불명,승합,남,48세,경상
2023121900100317,2023년 12월 19일 16시,화요일,충청남도 금산군 남일면,경상사고,0,0,3,0,차대차 - 측면충돌,교차로운행방법위반,건조,맑음,교차로 - 교차로안,화물,남,47세,상해없음,승용,남,58세,경상
2023121900100360,2023년 12월 19일 17시,화요일,충청남도 보령시 명천동,중상사고,0,1,0,0,차대사람 - 횡단중,보행자보호의무위반,젖음/습기,비,교차로 - 교차로횡단보도내,화물,남,60세,상해없음,보행자,남,58세,중상