사고번호,사고일시,요일,시군구,사고내용,사망자수,중상자수,경상자수,부상신고자수,사고유형,법규위반,노면상태,기상상태,도로형태,가해운전자 차종,가해운전자 성별,가해운전자 연령,가해운전자 상해정도,피해운전자 차종,피해운전자 성별,피해운전자 연령,피해운전자 상해정도
2023122600100182,2023년 12월 26일 11시,화요일,충청남도 서천군 서천읍,경상사고,0,0,3,0,차대차 - 측면충돌,안전운전불이행,건조,맑음,단일로 - 기타,승합,남,76세,경상,승용,여,65세,경상
2023122600100183,2023년 12월 26일 11시,화요일,충청남도 당진시 원당동,중상사고,0,1,0,0,차량단독 - 기타,안전운전불이행,건조,맑음,단일로 - 기타,승합,남,55세,상해없음,,,,
2023122600100215,2023년 12월 26일 12시,화요일,충청남도 당진시 읍내동,경상사고,0,0,1,0,차대차 - 기타,교차로운행방법위반,건조,맑음,교차로 - 교차로안,승용,남,87세,상해없음,승용,여,51세,경상
2023122600100256,2023년 12월 26일 13시,화요일,충청남도 서산시 예천동,경상사고,0,0,2,0,차대차 - 추돌,안전운전불이행,건조,맑음,교차로 - 교차로부근,승용,여,61세,상해없음,승용,여,61세,경상
2023122600100287,2023년 12월 26일 14시,화요일,충청남도 아산시 온천동,중상사고,0,1,1,0,차대차 - 정면충돌,중앙선침범,건조,맑음,단일로 - 기타,화물,남,58세,기타불명,승용,남,42세,중상
2023122600100288,2023년 12월 26일 14시,화요일,충청남도 공주시 산성동,중상사고,0,1,0,0,차대사람 - 횡단중,보행자보호의무위반,건조,맑음,교차로 - 교차로횡단보도내,승용,남,73세,상해없음,보행자,여,66세,중상
2023122600100322,2023년 12월 26일 15시,화요일,충청남도 서산시 예천동,경상사고,0,0,2,0,차대차 - 기타,차로위반,젖음/습기,흐림,교차로 - 교차로안,승용,남,75세,상해없음,승용,남,49세,경상
2023122600100323,2023년 12월 26일 15시,화요일,충청남도 천안시 동남구 신부동,경상사고,0,0,5,0,차대차 - 측면충돌,신호위반,건조,맑음,단일로 - 기타,승합,남,43세,상해없음,승용,남,62세,경상
2023122600100368,2023년 12월 26일 16시,화요일,충청남도 아산시 방축동,경상사고,0,0,1,0,차대차 - 측면충돌,신호위반,건조,맑음,교차로 - 교차로안,이륜,남,78세,상해없음,승용,남,23세,경상
2023122600100414,2023년 12월 26일 17시,화요일,충청남도 서산시 대산읍,중상사고,0,1,0,0,차대차 - 측면충돌,중앙선침범,건조,맑음,단일로 - 기타,화물,남,59세,상해없음,승용,남,61세,중상
2023122600100415,2023년 12월 26일 17시,화요일,충청남도 천안시 동남구 신부동,경상사고,0,0,1,0,차대사람 - 횡단중,안전운전불이행,건조,맑음,교차로 - 교차로횡단보도내,승용,여,22세,상해없음,보행자,남,58세,경상
2023122600100475,2023년 12월 26일 18시,화요일,충청남도 서산시 지곡면,중상사고,0,1,0,0,차대사람 - 기타,신호위반,건조,맑음,교차로 - 교차로안,승용,남,40세,상해없음,보행자,남,59세,중상
2023122600100476,2023년 12월 26일 18시,화요일,충청남도 천안시 서북구 성정동,경상사고,0,0,2,0,차대차 - 측면충돌,직진우회전진행방해,건조,맑음,교차로 - 교차로안,승용,남,51세,경상,승용,남,51세,경상
2023122600100477,2023년 12월 26일 18시,화요일,충청남도 천안시 서북구 성정동,경상사고,0,0,1,0,차대차 - 측면충돌,안전거리미확보,건조,맑음,단일로 - 기타,승용,여,50세,상해없음,승용,남,45세,경상
2023122600100478,2023년 12월 26일 18시,화요일,충청남도 논산시 광석면,중상사고,0,1,2,0,차대차 - 측면충돌,안전운전불이행,건조,맑음,단일로 - 기타,승용,남,40세,경상,승합,남,33세,경상
2023122600100479,2023년 12월 26일 18시,화요일,충청남도 예산군 예산읍,중상사고,0,1,0,0,차대사람 - 차도통행중,안전운전불이행,건조,맑음,교차로 - 교차로안,승용,여,44세,상해없음,보행자,여,53세,중상
2023122600100480,2023년 12월 26일 18시,화요일,충청남도 당진시 신평면,중상사고,0,1,0,0,차대차 - 기타,안전거리미확보,건조,맑음,단일로 - 기타,승용,남,26세,상해없음,승용,여,23세,중상
2023122600100532,2023년 12월 26일 19시,화요일,충청남도 서산시 성연면,중상사고,0,1,0,0,차대사람 - 보도통행중,기타,건조,맑음,기타 - 기타,승용,여,46세,상해없음,보행자,남,66세,중상
2023122600100559,2023년 12월 26일 20시,화요일,충청남도 천안시 서북구 불당동,경상사고,0,0,1,0,차대차 - 기타,안전운전불이행,건조,맑음,단일로 - 기타,원동기,남,44세,상해없음,개인형이동수단(PM),남,16세,경상
2023122600100592,2023년 12월 26일 22시,화요일,충청남도 천안시 서북구 성정동,중상사고,0,1,0,0,차대차 - 기타,안전운전불이행,건조,맑음,교차로 - 교차로안,승용,남,27세,상해없음,자전거,남,56세,중상
2023122600100607,2023년 12월 26일 23시,화요일,충청남도 아산시 배방읍,경상사고,0,0,2,0,차대차 - 추돌,안전운전불이행,건조,맑음,교차로 - 교차로부근,승용,남,64세,상해없음,승용,남,30세,경상
2023122700100044,2023년 12월 27일 06시,수요일,충청남도 홍성군 홍성읍,경상사고,0,0,1,0,차대차 - 측면충돌,신호위반,건조,맑음,교차로 - 교차로안,화물,남,59세,상해없음,승용,여,35세,경상
2023122700100061,2023년 12월 27일 07시,수요일,충청남도 서산시 읍내동,경상사고,0,0,1,0,차대차 - 측면충돌,신호위반,건조,맑음,교차로 - 교차로안,화물,남,56세,상해없음,승용,여,50세,경상
2023122700100102,2023년 12월 27일 08시,수요일,충청남도 천안시 서북구 성성동,경상사고,0,0,1,0,차대차 - 측면충돌,안전거리미확보,건조,맑음,교차로 - 교차로횡단보도내,승용,남,68세,상해없음,승용,남,30세,경상
2023122700100103,2023년 12월 27일 08시,수요일,충청남도 천안시 서북구 쌍용동,중상사고,0,1,0,0,차대차 - 기타,안전운전불이행,건조,맑음,교차로 - 교차로안,화물,남,40세,상해없음,이륜,남,47세,중상
2023122700100104,2023년 12월 27일 08시,수요일,충청남도 아산시 음봉면,경상사고,0,0,3,0,차대차 - 측면충돌,안전운전불이행,건조,맑음,교차로 - 교차로안,화물,남,73세,기타불명,승용,남,31세,경상
2023122700100105,2023년 12월 27일 08시,수요일,충청남도 천안시 동남구 구성동,경상사고,0,0,1,0,차대차 - 측면충돌,안전운전불이행,건조,맑음,교차로 - 교차로안,승용,여,73세,상해없음,승용,남,41세,경상
2023122700100106,2023년 12월 27일 08시,수요일,충청남도 천안시 동남구 청당동,경상사고,0,0,1,0,차대차 - 추돌,안전거리미확보,건조,맑음,단일로 - 기타,승용,남,78세,상해없음,승용,남,32세,경상
2023122700100140,2023년 12월 27일 09시,수요일,충청남도 논산시 양촌면,중상사고,0,1,0,0,차대사람 - 기타,안전운전불이행,건조,맑음,단일로 - 기타,승용,남,74세,상해없음,보행자,여,80세,상해없음
2023122700100186,2023년 12월 27일 10시,수요일,충청남도 천안시 서북구 두정동,중상사고,0,1,0,0,차대차 - 측면충돌,안전운전불이행,건조,맑음,교차로 - 교차로부근,승용,남,54세,상해없음,승용,남,32세,중상
2023122700100224,2023년 12월 27일 11시,수요일,충청남도 아산시 온천동,중상사고,0,1,0,0,차대차 - 측면충돌,직진우회전진행방해,건조,맑음,교차로 - 교차로안,승용,여,35세,상해없음,이륜,남,27세,중상
2023122700100255,2023년 12월 27일 12시,수요일,충청남도 보령시 대천동,경상사고,0,0,1,0,차대차 - 측면충돌,직진우회전진행방해,건조,맑음,교차로 - 교차로안,승용,남,30세,상해없음,이륜,남,44세,경상
2023122700100316,2023년 12월 27일 14시,수요일,충청남도 논산시 부적면,중상사고,0,1,0,0,차대차 - 측면충돌,안전운전불이행,건조,맑음,교차로 - 교차로안,화물,남,66세,상해없음,이륜,남,78세,중상
2023122700100347,2023년 12월 27일 15시,수요일,충청남도 태안군 태안읍,중상사고,0,1,0,0,차대차 - 기타,중앙선침범,건조,맑음,단일로 - 기타,승용,남,79세,상해없음,승용,남,23세,중상
2023122700100383,2023년 12월 27일 16시,수요일,충청남도 아산시 염치읍,경상사고,0,0,1,0,차대차 - 정면충돌,중앙선침범,건조,맑음,단일로 - 기타,승용,남,60세,상해없음,승용,남,34세,경상
2023122700100384,2023년 12월 27일 16시,수요일,충청남도 천안시 동남구 대흥동,경상사고,0,0,1,0,차대사람 - 횡단중,보행자보호의무위반,건조,맑음,단일로 - 기타,승용,남,73세,기타불명,보행자,남,76세,경상
2023122700100491,2023년 12월 27일 18시,수요일,충청남도 천안시 서북구 백석동,경상사고,0,0,1,0,차대차 - 측면충돌,안전운전불이행,건조,맑음,단일로 - 기타,승용,여,54세,상해없음,승용,남,32세,경상
2023122700100492,2023년 12월 27일 18시,수요일,충청남도 아산시 방축동,경상사고,0,0,2,0,차대차 - 추돌,안전운전불이행,건조,맑음,단일로 - 기타,승용,남,57세,경상,승용,남,57세,경상
2023122700100493,2023년 12월 27일 18시,수요일,충청남도 아산시 음봉면,경상사고,0,0,1,0,차대차 - 정면충돌,중앙선침범,건조,흐림,교차로 - 교차로안,승용,여,48세,상해없음,승용,여,29세,경상
2023122700100494,2023년 12월 27일 18시,수요일,충청남도 서천군 마서면,경상사고,0,0,1,0,차대사람 - 기타,안전운전불이행,건조,맑음,교차로 - 교차로부근,승용,여,72세,상해없음,보행자,여,71세,경상
2023122700100495,2023년 12월 27일 18시,수요일,충청남도 예산군 예산읍,경상사고,0,0,1,0,차대차 - 정면충돌,신호위반,건조,맑음,교차로 - 교차로안,승용,남,19세,상해없음,승용,여,39세,경상
2023122700100496,2023년 12월 27일 18시,수요일,충청남도 청양군 청양읍,부상신고사고,0,0,0,1,차량단독 - 공작물충돌,기타,건조,맑음,교차로 - 교차로부근,화물,남,63세,부상신고,,,,
2023122700100497,2023년 12월 27일 18시,수요일,충청남도 천안시 동남구 청당동,중상사고,0,1,0,0,차대차 - 기타,중앙선침범,건조,맑음,단일로 - 기타,승용,여,50세,상해없음,이륜,남,65세,중상
2023122700100535,2023년 12월 27일 19시,수요일,충청남도 아산시 모종동,경상사고,0,0,1,0,차대사람 - 횡단중,보행자보호의무위반,건조,맑음,교차로 - 교차로횡단보도내,승용,남,35세,상해없음,보행자,남,42세,경상
2023122700100536,2023년 12월 27일 19시,수요일,충청남도 천안시 동남구 신부동,경상사고,0,0,1,0,차대차 - 측면충돌,차로위반,건조,맑음,단일로 - 기타,승용,남,52세,상해없음,승용,남,28세,경상
2023122700100580,2023년 12월 27일 20시,수요일,충청남도 천안시 서북구 신당동,경상사고,0,0,1,0,차대차 - 측면충돌,안전거리미확보,건조,맑음,교차로 - 교차로안,승용,남,27세,상해없음,승용,남,41세,경상
2023122700100581,2023년 12월 27일 20시,수요일,충청남도 아산시 음봉면,경상사고,0,0,1,0,차대사람 - 기타,안전운전불이행,건조,맑음,단일로 - 기타,승용,남,54세,상해없음,보행자,남,52세,경상
2023122700100632,2023년 12월 27일 22시,수요일,충청남도 천안시 동남구 원성동,경상사고,0,0,1,0,차대차 - 측면충돌,차로위반,건조,맑음,단일로 - 기타,승용,남,19세,상해없음,승용,남,36세,경상
2023122800100003,2023년 12월 28일 00시,목요일,충청남도 천안시 동남구 신방동,중상사고,0,1,0,0,차대사람 - 횡단중,보행자보호의무위반,건조,맑음,교차로 - 교차로안,승용,남,26세,상해없음,보행자,남,53세,중상
2023122800100040,2023년 12월 28일 06시,목요일,충청남도 천안시 서북구 성정동,중상사고,0,1,0,0,차대차 - 측면충돌,안전운전불이행,젖음/습기,흐림,교차로 - 교차로안,승용,남,27세,상해없음,이륜,남,32세,중상
2023122800100054,2023년 12월 28일 07시,목요일,충청남도 당진시 읍내동,중상사고,0,1,0,0,차대사람 - 횡단중,보행자보호의무위반,건조,맑음,교차로 - 교차로안,화물,남,53세,상해없음,보행자,여,81세,중상
2023122800100090,2023년 12월 28일 08시,목요일,충청남도 천안시 서북구 불당동,경상사고,0,0,1,0,차대차 - 측면충돌,직진우회전진행방해,건조,맑음,교차로 - 교차로안,승용,여,36세,상해없음,승용,남,27세,경상
2023122800100127,2023년 12월 28일 09시,목요일,충청남도 서천군 종천면,중상사고,0,1,0,0,차량단독 - 공작물충돌,안전운전불이행,서리/결빙,안개,교차로 - 교차로부근,승용,여,52세,중상,,,,
2023122800100128,2023년 12월 28일 09시,목요일,충청남도 태안군 원북면,사망사고,1,0,0,0,차량단독 - 도로외이탈 - 기타,안전운전불이행,건조,맑음,단일로 - 기타,승용,남,45세,사망,,,,
2023122800100151,2023년 12월 28일 10시,목요일,충청남도 천안시 서북구 백석동,경상사고,0,0,1,0,차대차 - 추돌,안전운전불이행,젖음/습기,흐림,단일로 - 기타,승용,남,53세,상해없음,승용,여,56세,경상
2023122800100164,2023년 12월 28일 11시,목요일,충청남도 아산시 권곡동,경상사고,0,0,1,0,차대차 - 측면충돌,안전운전불이행,건조,맑음,단일로 - 기타,승용,여,33세,상해없음,승용,여,51세,경상
2023122800100165,2023년 12월 28일 11시,목요일,충청남도 당진시 송산면,경상사고,0,0,1,0,차대차 - 정면충돌,중앙선침범,건조,맑음,교차로 - 교차로부근,승용,남,32세,상해없음,화물,남,67세,경상
2023122800100166,2023년 12월 28일 11시,목요일,충청남도 천안시 동남구 청수동,경상사고,0,0,1,0,차대차 - 정면충돌,안전운전불이행,건조,맑음,교차로 - 교차로안,승용,여,57세,상해없음,승용,남,79세,경상
2023122800100193,2023년 12월 28일 12시,목요일,충청남도 당진시 정미면,경상사고,0,0,1,0,차대차 - 기타,안전운전불이행,건조,맑음,단일로 - 기타,화물,남,67세,상해없음,화물,남,59세,경상
2023122800100265,2023년 12월 28일 14시,목요일,충청남도 천안시 서북구 입장면,경상사고,0,0,1,0,차대차 - 측면충돌,차로위반,젖음/습기,맑음,단일로 - 기타,화물,남,59세,상해없음,승용,남,62세,경상
2023122800100293,2023년 12월 28일 15시,목요일,충청남도 천안시 서북구 성정동,경상사고,0,0,2,0,차대차 - 측면충돌,직진우회전진행방해,건조,맑음,교차로 - 교차로안,승용,여,24세,상해없음,승용,여,76세,경상
2023122800100329,2023년 12월 28일 16시,목요일,충청남도 논산시 취암동,중상사고,0,1,0,0,차대사람 - 횡단중,보행자보호의무위반,건조,맑음,교차로 - 교차로안,승합,남,25세,상해없음,보행자,여,79세,중상
2023122800100374,2023년 12월 28일 17시,목요일,충청남도 예산군 삽교읍,경상사고,0,0,1,0,차대차 - 추돌,안전운전불이행,건조,맑음,교차로 - 교차로부근,승용,남,40세,상해없음,승용,여,36세,경상
2023122800100375,2023년 12월 28일 17시,목요일,충청남도 천안시 동남구 신방동,중상사고,0,1,0,0,차대차 - 정면충돌,신호위반,건조,맑음,기타 - 기타,화물,남,64세,상해없음,이륜,남,29세,중상
2023122800100376,2023년 12월 28일 17시,목요일,충청남도 천안시 동남구 수신면,경상사고,0,0,2,0,차대차 - 추돌,안전거리미확보,건조,맑음,단일로 - 기타,승용,기타불명,미분류,기타불명,승용,남,56세,경상
2023122800100426,2023년 12월 28일 18시,목요일,충청남도 천안시 서북구 성정동,경상사고,0,0,1,0,차대사람 - 차도통행중,안전운전불이행,건조,맑음,단일로 - 기타,승용,남,57세,상해없음,보행자,남,35세,경상
2023122800100474,2023년 12월 28일 19시,목요일,충청남도 아산시 둔포면,중상사고,0,1,0,0,차대차 - 추돌,안전운전불이행,건조,맑음,단일로 - 기타,화물,남,51세,상해없음,승용,남,52세,중상
2023122800100501,2023년 12월 28일 20시,목요일,충청남도 천안시 서북구 불당동,중상사고,0,1,2,0,차대차 - 기타,안전운전불이행,건조,맑음,기타 - 기타,승용,여,28세,상해없음,승용,여,49세,경상
2023122800100558,2023년 12월 28일 22시,목요일,충청남도 천안시 서북구 성정동,부상신고사고,0,0,0,1,차대차 - 측면충돌,직진우회전진행방해,건조,맑음,교차로 - 교차로안,승용,남,47세,상해없음,승용,남,47세,상해없음
2023122900100003,2023년 12월 29일 00시,금요일,충청남도 천안시 서북구 불당동,경상사고,0,0,1,0,차대사람 - 기타,안전운전불이행,건조,맑음,기타 - 기타,승용,남,23세,상해없음,보행자,여,38세,경상
2023122900100004,2023년 12월 29일 00시,금요일,충청남도 천안시 서북구 성환읍,중상사고,0,1,2,0,차대차 - 추돌,안전운전불이행,건조,맑음,교차로 - 교차로부근,승용,남,44세,상해없음,승용,남,56세,중상
2023122900100060,2023년 12월 29일 06시,금요일,충청남도 예산군 예산읍,중상사고,0,1,0,0,차량단독 - 공작물충돌,안전운전불이행,젖음/습기,흐림,단일로 - 기타,화물,남,82세,상해없음,,,,
2023122900100100,2023년 12월 29일 08시,금요일,충청남도 천안시 동남구 신부동,경상사고,0,0,1,0,차대차 - 기타,안전운전불이행,건조,맑음,교차로 - 교차로부근,승용,여,42세,상해없음,승용,여,40세,경상
2023122900100130,2023년 12월 29일 09시,금요일,충청남도 서산시 음암면,경상사고,0,0,2,0,차대차 - 측면충돌,안전운전불이행,건조,맑음,기타 - 기타,승용,남,70세,상해없음,화물,남,65세,경상
2023122900100131,2023년 12월 29일 09시,금요일,충청남도 아산시 탕정면,경상사고,0,0,1,0,차대차 - 측면충돌,안전운전불이행,건조,맑음,교차로 - 교차로안,승용,남,65세,상해없음,승용,남,30세,경상
2023122900100132,2023년 12월 29일 09시,금요일,충청남도 아산시 남동,경상사고,0,0,1,0,차대차 - 기타,차로위반,건조,맑음,단일로 - 기타,화물,남,66세,상해없음,승합,남,38세,상해없음
2023122900100133,2023년 12월 29일 09시,금요일,충청남도 보령시 청소면,중상사고,0,1,0,0,차대사람 - 길가장자리구역통행중,안전운전불이행,젖음/습기,맑음,단일로 - 기타,화물,남,63세,상해없음,보행자,남,72세,중상
2023122900100134,2023년 12월 29일 09시,금요일,충청남도 공주시 탄천면,중상사고,0,1,2,0,차대차 - 정면충돌,중앙선침범,건조,맑음,단일로 - 기타,화물,여,64세,경상,화물,남,67세,경상
2023122900100160,2023년 12월 29일 10시,금요일,충청남도 부여군 은산면,중상사고,0,1,0,0,차대사람 - 기타,기타,건조,맑음,단일로 - 기타,승합,남,62세,상해없음,보행자,여,87세,중상
2023122900100195,2023년 12월 29일 11시,금요일,충청남도 천안시 서북구 부대동,경상사고,0,0,1,0,차대차 - 추돌,안전운전불이행,건조,맑음,단일로 - 기타,화물,남,53세,상해없음,승용,남,48세,경상
2023122900100196,2023년 12월 29일 11시,금요일,충청남도 아산시 모종동,경상사고,0,0,1,0,차대차 - 측면충돌,직진우회전진행방해,건조,맑음,교차로 - 교차로안,승용,남,68세,상해없음,승용,여,39세,경상
2023122900100197,2023년 12월 29일 11시,금요일,충청남도 아산시 모종동,경상사고,0,0,1,0,차대차 - 측면충돌,안전거리미확보,건조,맑음,단일로 - 기타,승용,여,68세,상해없음,화물,남,30세,경상
2023122900100198,2023년 12월 29일 11시,금요일,충청남도 서천군 마서면,중상사고,0,1,0,0,차대차 - 후진중충돌,안전운전불이행,건조,흐림,단일로 - 기타,화물,남,56세,상해없음,화물,남,42세,중상
2023122900100236,2023년 12월 29일 12시,금요일,충청남도 천안시 서북구 쌍용동,경상사고,0,0,1,0,차대차 - 후진중충돌,안전운전불이행,건조,맑음,단일로 - 기타,화물,남,38세,상해없음,승용,여,31세,경상
2023122900100237,2023년 12월 29일 12시,금요일,충청남도 당진시 송악읍,중상사고,0,1,0,0,차대사람 - 기타,안전운전불이행,건조,맑음,주차장 - 주차장,승용,남,64세,상해없음,보행자,여,42세,중상
2023122900100238,2023년 12월 29일 12시,금요일,충청남도 태안군 태안읍,경상사고,0,0,1,0,차대사람 - 차도통행중,안전운전불이행,건조,맑음,단일로 - 기타,승용,여,41세,상해없음,보행자,남,45세,경상
2023122900100275,2023년 12월 29일 13시,금요일,충청남도 홍성군 광천읍,중상사고,0,1,0,0,차대사람 - 차도통행중,안전운전불이행,건조,맑음,교차로 - 교차로안,화물,남,61세,상해없음,보행자,여,62세,중상
2023122900100315,2023년 12월 29일 14시,금요일,충청남도 당진시 읍내동,중상사고,0,1,0,0,차대사람 - 횡단중,보행자보호의무위반,건조,맑음,교차로 - 교차로안,승용,남,73세,상해없음,보행자,남,26세,중상
2023122900100357,2023년 12월 29일 15시,금요일,충청남도 천안시 서북구 차암동,경상사고,0,0,1,0,차대차 - 측면충돌,신호위반,건조,맑음,교차로 - 교차로안,승용,여,34세,상해없음,승용,여,41세,경상
2023122900100404,2023년 12월 29일 16시,금요일,충청남도 천안시 동남구 삼룡동,경상사고,0,0,2,0,차대차 - 추돌,안전운전불이행,건조,맑음,교차로 - 교차로안,승용,남,30세,상해없음,화물,남,49세,경상
2023122900100442,2023년 12월 29일 17시,금요일,충청남도 서산시 해미면,경상사고,0,0,1,0,차대차 - 정면충돌,안전운전불이행,건조,맑음,기타 - 기타,자전거,남,11세,경상,승용,남,35세,상해없음
2023122900100443,2023년 12월 29일 17시,금요일,충청남도 아산시 실옥동,경상사고,0,0,1,0,차량단독 - 기타,안전운전불이행,건조,맑음,단일로 - 기타,승합,남,60세,상해없음,,,,
2023122900100506,2023년 12월 29일 18시,금요일,충청남도 서산시 동문동,경상사고,0,0,1,0,차대사람 - 횡단중,보행자보호의무위반,건조,맑음,교차로 - 교차로안,승용,남,67세,상해없음,보행자,남,69세,경상
2023122900100507,2023년 12월 29일 18시,금요일,충청남도 천안시 서북구 성성동,부상신고사고,0,0,0,1,차대차 - 기타,안전거리미확보,건조,맑음,단일로 - 기타,승용,남,26세,부상신고,화물,남,61세,상해없음
2023122900100508,2023년 12월 29일 18시,금요일,충청남도 아산시 배방읍,경상사고,0,0,2,0,차대차 - 측면충돌,안전운전불이행,건조,흐림,단일로 - 기타,승용,남,36세,경상,승용,남,58세,경상
2023122900100509,2023년 12월 29일 18시,금요일,충청남도 당진시 석문면,중상사고,0,1,0,0,차대차 - 측면충돌,신호위반,건조,흐림,교차로 - 교차로안,화물,남,61세,상해없음,승용,남,43세,중상
2023122900100607,2023년 12월 29일 20시,금요일,충청남도 아산시 득산동,경상사고,0,0,1,0,차대차 - 측면충돌,안전운전불이행,건조,맑음,단일로 - 기타,승합,남,66세,상해없음,승용,여,63세,경상
2023122900100608,2023년 12월 29일 20시,금요일,충청남도 당진시 우강면,중상사고,0,1,1,0,차대차 - 정면충돌,중앙선침범,건조,맑음,단일로 - 기타,승용,여,68세,중상,화물,남,30세,경상
2023122900100667,2023년 12월 29일 22시,금요일,충청남도 천안시 서북구 두정동,경상사고,0,0,1,0,차대사람 - 길가장자리구역통행중,안전운전불이행,건조,맑음,단일로 - 기타,승용,여,29세,상해없음,보행자,남,64세,경상
2023123000100056,2023년 12월 30일 05시,토요일,충청남도 천안시 서북구 불당동,경상사고,0,0,1,0,차대차 - 기타,신호위반,건조,맑음,교차로 - 교차로안,이륜,남,16세,경상,승용,남,43세,상해없음
2023123000100071,2023년 12월 30일 07시,토요일,충청남도 천안시 동남구 병천면,경상사고,0,0,2,0,차대차 - 측면충돌,교차로운행방법위반,젖음/습기,흐림,교차로 - 교차로안,승용,남,54세,상해없음,화물,남,59세,경상
2023123000100204,2023년 12월 30일 12시,토요일,충청남도 천안시 서북구 두정동,경상사고,0,0,1,0,차대사람 - 보도통행중,기타,건조,맑음,단일로 - 기타,개인형이동수단(PM),남,26세,상해없음,보행자,여,14세,경상
2023123000100205,2023년 12월 30일 12시,토요일,충청남도 공주시 계룡면,중상사고,0,2,0,0,차량단독 - 공작물충돌,안전운전불이행,건조,맑음,단일로 - 기타,화물,남,74세,중상,,,,
2023123000100206,2023년 12월 30일 12시,토요일,충청남도 당진시 채운동,경상사고,0,0,1,0,차대차 - 기타,안전운전불이행,건조,맑음,단일로 - 기타,화물,여,63세,상해없음,자전거,남,75세,경상
2023123000100241,2023년 12월 30일 13시,토요일,충청남도 천안시 동남구 원성동,경상사고,0,0,1,0,차대차 - 기타,안전운전불이행,젖음/습기,비,교차로 - 교차로안,자전거,남,66세,경상,승용,남,63세,기타불명
2023123000100304,2023년 12월 30일 15시,토요일,충청남도 서산시 읍내동,경상사고,0,0,1,0,차대차 - 추돌,안전운전불이행,젖음/습기,흐림,교차로 - 교차로부근,승용,남,69세,상해없음,승용,남,36세,경상
2023123000100356,2023년 12월 30일 17시,토요일,충청남도 천안시 서북구 차암동,중상사고,0,2,3,0,차대차 - 추돌,안전운전불이행,건조,맑음,단일로 - 기타,승용,남,64세,경상,승용,남,61세,상해없음
2023123000100380,2023년 12월 30일 18시,토요일,충청남도 아산시 둔포면,경상사고,0,0,1,0,차대사람 - 횡단중,보행자보호의무위반,젖음/습기,흐림,교차로 - 교차로부근,승용,남,38세,상해없음,보행자,여,75세,경상
2023123000100466,2023년 12월 30일 22시,토요일,충청남도 서산시 석림동,중상사고,0,3,1,0,차대차 - 추돌,안전운전불이행,젖음/습기,비,교차로 - 교차로부근,화물,남,57세,상해없음,승용,여,49세,중상
2023123000100467,2023년 12월 30일 22시,토요일,충청남도 천안시 동남구 신방동,경상사고,0,0,1,0,차대차 - 추돌,안전운전불이행,젖음/습기,비,단일로 - 기타,승용,남,34세,상해없음,승용,여,44세,경상
2023123000100484,2023년 12월 30일 23시,토요일,충청남도 서산시 읍내동,경상사고,0,0,1,0,차대차 - 측면충돌,안전운전불이행,젖음/습기,비,교차로 - 교차로안,승용,여,58세,상해없음,이륜,남,60세,경상
2023123100100078,2023년 12월 31일 11시,일요일,충청남도 홍성군 홍북읍,부상신고사고,0,0,0,2,차대사람 - 횡단중,안전운전불이행,건조,맑음,기타 - 기타,이륜,남,48세,부상신고,보행자,남,13세,부상신고
2023123100100126,2023년 12월 31일 13시,일요일,충청남도 서천군 장항읍,중상사고,0,1,0,0,차대차 - 측면충돌,직진우회전진행방해,건조,맑음,교차로 - 교차로안,승용,여,49세,상해없음,승용,여,62세,중상
2023123100100242,2023년 12월 31일 18시,일요일,충청남도 공주시 정안면,경상사고,0,0,1,0,차대차 - 측면충돌,안전거리미확보,건조,맑음,단일로 - 기타,승합,남,55세,상해없음,승용,여,59세,경상
2023123100100261,2023년 12월 31일 19시,일요일,충청남도 서천군 장항읍,경상사고,0,0,3,0,차대차 - 측면충돌,직진우회전진행방해,건조,맑음,교차로 - 교차로안,승용,여,48세,상해없음,승용,여,65세,경상
2023123100100279,2023년 12월 31일 20시,일요일,충청남도 천안시 서북구 불당동,경상사고,0,0,1,0,차대차 - 측면충돌,안전운전불이행,건조,맑음,단일로 - 기타,이륜,남,50세,상해없음,승용,남,71세,경상
2023123100100280,2023년 12월 31일 20시,일요일,충청남도 천안시 서북구 성정동,경상사고,0,0,2,0,차대차 - 측면충돌,교차로운행방법위반,건조,맑음,교차로 - 교차로안,승용,여,47세,상해없음,승용,남,27세,경상
2023123100100302,2023년 12월 31일 21시,일요일,충청남도 천안시 동남구 신부동,사망사고,1,0,0,0,차대사람 - 횡단중,안전운전불이행,건조,맑음,단일로 - 기타,승용,여,37세,상해없음,보행자,여,85세,사망
2023123100100317,2023년 12월 31일 22시,일요일,충청남도 천안시 서북구 성정동,경상사고,0,0,1,0,차대차 - 정면충돌,교차로운행방법위반,건조,맑음,교차로 - 교차로안,이륜,남,27세,상해없음,승합,남,30세,경상
2023123100100330,2023년 12월 31일 23시,일요일,충청남도 홍성군 홍북읍,경상사고,0,0,1,0,차대차 - 정면충돌,신호위반,건조,맑음,교차로 - 교차로안,승용,여,48세,상해없음,승용,남,40세,경상